--
-- PostgreSQL database dump
--

SET statement_timeout = 0;
SET lock_timeout = 0;
SET client_encoding = 'UTF8';
SET standard_conforming_strings = on;
SET check_function_bodies = false;
SET client_min_messages = warning;

--
-- Name: plpgsql; Type: EXTENSION; Schema: -; Owner: 
--

CREATE EXTENSION IF NOT EXISTS plpgsql WITH SCHEMA pg_catalog;


--
-- Name: EXTENSION plpgsql; Type: COMMENT; Schema: -; Owner: 
--

COMMENT ON EXTENSION plpgsql IS 'PL/pgSQL procedural language';


SET search_path = public, pg_catalog;

SET default_tablespace = '';

SET default_with_oids = false;

--
-- Name: banners; Type: TABLE; Schema: public; Owner: postgres; Tablespace: 
--

CREATE TABLE banners (
    id bigint NOT NULL,
    page bigint NOT NULL,
    image character varying(255) NOT NULL,
    url character varying(255),
    "position" smallint NOT NULL,
    status smallint NOT NULL,
    created_by integer NOT NULL,
    updated_by integer NOT NULL,
    created_at integer NOT NULL,
    updated_at integer NOT NULL
);


ALTER TABLE public.banners OWNER TO postgres;

--
-- Name: banners_id_seq; Type: SEQUENCE; Schema: public; Owner: postgres
--

CREATE SEQUENCE banners_id_seq
    START WITH 1
    INCREMENT BY 1
    NO MINVALUE
    NO MAXVALUE
    CACHE 1;


ALTER TABLE public.banners_id_seq OWNER TO postgres;

--
-- Name: banners_id_seq; Type: SEQUENCE OWNED BY; Schema: public; Owner: postgres
--

ALTER SEQUENCE banners_id_seq OWNED BY banners.id;


--
-- Name: car_models; Type: TABLE; Schema: public; Owner: postgres; Tablespace: 
--

CREATE TABLE car_models (
    id integer NOT NULL,
    marka_id integer NOT NULL,
    seria integer,
    is_seria boolean,
    name character varying(255) NOT NULL,
    created_by integer NOT NULL,
    updated_by integer NOT NULL
);


ALTER TABLE public.car_models OWNER TO postgres;

--
-- Name: car_models_id_seq; Type: SEQUENCE; Schema: public; Owner: postgres
--

CREATE SEQUENCE car_models_id_seq
    START WITH 1
    INCREMENT BY 1
    NO MINVALUE
    NO MAXVALUE
    CACHE 1;


ALTER TABLE public.car_models_id_seq OWNER TO postgres;

--
-- Name: car_models_id_seq; Type: SEQUENCE OWNED BY; Schema: public; Owner: postgres
--

ALTER SEQUENCE car_models_id_seq OWNED BY car_models.id;


--
-- Name: car_types; Type: TABLE; Schema: public; Owner: postgres; Tablespace: 
--

CREATE TABLE car_types (
    id integer NOT NULL,
    name character varying(255) NOT NULL,
    created_by integer NOT NULL,
    updated_by integer NOT NULL
);


ALTER TABLE public.car_types OWNER TO postgres;

--
-- Name: car_types_id_seq; Type: SEQUENCE; Schema: public; Owner: postgres
--

CREATE SEQUENCE car_types_id_seq
    START WITH 1
    INCREMENT BY 1
    NO MINVALUE
    NO MAXVALUE
    CACHE 1;


ALTER TABLE public.car_types_id_seq OWNER TO postgres;

--
-- Name: car_types_id_seq; Type: SEQUENCE OWNED BY; Schema: public; Owner: postgres
--

ALTER SEQUENCE car_types_id_seq OWNED BY car_types.id;


--
-- Name: cars; Type: TABLE; Schema: public; Owner: postgres; Tablespace: 
--

CREATE TABLE cars (
    id bigint NOT NULL,
    type_id integer NOT NULL,
    marka_id integer NOT NULL,
    model_id integer NOT NULL,
    wheel_id integer,
    kuzov_id integer,
    privod_id integer NOT NULL,
    transmission_id integer NOT NULL,
    engine_id integer NOT NULL,
    engine_displacement double precision NOT NULL,
    color_id integer NOT NULL,
    state_id integer NOT NULL,
    region_id integer NOT NULL,
    sq_category_id integer,
    moto_type_id integer,
    price numeric(10,0) DEFAULT 0,
    issue_date integer NOT NULL,
    run_length integer NOT NULL,
    description text,
    premium_date timestamp(0) without time zone,
    rent boolean DEFAULT false,
    rent_price numeric(10,0),
    created_by integer NOT NULL,
    updated_by integer NOT NULL,
    created_at integer NOT NULL,
    updated_at integer NOT NULL,
    loading_capacity double precision
);


ALTER TABLE public.cars OWNER TO postgres;

--
-- Name: cars_complete_sets; Type: TABLE; Schema: public; Owner: postgres; Tablespace: 
--

CREATE TABLE cars_complete_sets (
    car_id bigint NOT NULL,
    complete_set_id integer NOT NULL
);


ALTER TABLE public.cars_complete_sets OWNER TO postgres;

--
-- Name: cars_id_seq; Type: SEQUENCE; Schema: public; Owner: postgres
--

CREATE SEQUENCE cars_id_seq
    START WITH 1
    INCREMENT BY 1
    NO MINVALUE
    NO MAXVALUE
    CACHE 1;


ALTER TABLE public.cars_id_seq OWNER TO postgres;

--
-- Name: cars_id_seq; Type: SEQUENCE OWNED BY; Schema: public; Owner: postgres
--

ALTER SEQUENCE cars_id_seq OWNED BY cars.id;


--
-- Name: colors; Type: TABLE; Schema: public; Owner: postgres; Tablespace: 
--

CREATE TABLE colors (
    id integer NOT NULL,
    name character varying(255) NOT NULL,
    created_by integer NOT NULL,
    updated_by integer NOT NULL,
    frequency integer DEFAULT 0 NOT NULL
);


ALTER TABLE public.colors OWNER TO postgres;

--
-- Name: colors_car_types; Type: TABLE; Schema: public; Owner: postgres; Tablespace: 
--

CREATE TABLE colors_car_types (
    color_id integer NOT NULL,
    car_type_id integer NOT NULL
);


ALTER TABLE public.colors_car_types OWNER TO postgres;

--
-- Name: colors_id_seq; Type: SEQUENCE; Schema: public; Owner: postgres
--

CREATE SEQUENCE colors_id_seq
    START WITH 1
    INCREMENT BY 1
    NO MINVALUE
    NO MAXVALUE
    CACHE 1;


ALTER TABLE public.colors_id_seq OWNER TO postgres;

--
-- Name: colors_id_seq; Type: SEQUENCE OWNED BY; Schema: public; Owner: postgres
--

ALTER SEQUENCE colors_id_seq OWNED BY colors.id;


--
-- Name: comments; Type: TABLE; Schema: public; Owner: postgres; Tablespace: 
--

CREATE TABLE comments (
    id bigint NOT NULL,
    car_id bigint NOT NULL,
    user_id integer NOT NULL,
    message character varying(255),
    created_by integer NOT NULL,
    updated_by integer NOT NULL,
    created_at integer NOT NULL,
    updated_at integer NOT NULL
);


ALTER TABLE public.comments OWNER TO postgres;

--
-- Name: comments_id_seq; Type: SEQUENCE; Schema: public; Owner: postgres
--

CREATE SEQUENCE comments_id_seq
    START WITH 1
    INCREMENT BY 1
    NO MINVALUE
    NO MAXVALUE
    CACHE 1;


ALTER TABLE public.comments_id_seq OWNER TO postgres;

--
-- Name: comments_id_seq; Type: SEQUENCE OWNED BY; Schema: public; Owner: postgres
--

ALTER SEQUENCE comments_id_seq OWNED BY comments.id;


--
-- Name: complete_sets; Type: TABLE; Schema: public; Owner: postgres; Tablespace: 
--

CREATE TABLE complete_sets (
    id integer NOT NULL,
    name character varying(255) NOT NULL,
    created_by integer NOT NULL,
    updated_by integer NOT NULL,
    frequency integer DEFAULT 0 NOT NULL
);


ALTER TABLE public.complete_sets OWNER TO postgres;

--
-- Name: complete_sets_car_types; Type: TABLE; Schema: public; Owner: postgres; Tablespace: 
--

CREATE TABLE complete_sets_car_types (
    complete_set_id integer NOT NULL,
    car_type_id integer NOT NULL
);


ALTER TABLE public.complete_sets_car_types OWNER TO postgres;

--
-- Name: complete_sets_id_seq; Type: SEQUENCE; Schema: public; Owner: postgres
--

CREATE SEQUENCE complete_sets_id_seq
    START WITH 1
    INCREMENT BY 1
    NO MINVALUE
    NO MAXVALUE
    CACHE 1;


ALTER TABLE public.complete_sets_id_seq OWNER TO postgres;

--
-- Name: complete_sets_id_seq; Type: SEQUENCE OWNED BY; Schema: public; Owner: postgres
--

ALTER SEQUENCE complete_sets_id_seq OWNED BY complete_sets.id;


--
-- Name: employee_profiles; Type: TABLE; Schema: public; Owner: postgres; Tablespace: 
--

CREATE TABLE employee_profiles (
    id integer NOT NULL,
    user_id integer,
    office_id integer,
    fio character varying(100) NOT NULL,
    phone character varying(20) NOT NULL,
    role smallint NOT NULL,
    created_at integer NOT NULL,
    updated_at integer NOT NULL,
    created_by integer NOT NULL,
    updated_by integer NOT NULL
);


ALTER TABLE public.employee_profiles OWNER TO postgres;

--
-- Name: employee_profiles_id_seq; Type: SEQUENCE; Schema: public; Owner: postgres
--

CREATE SEQUENCE employee_profiles_id_seq
    START WITH 1
    INCREMENT BY 1
    NO MINVALUE
    NO MAXVALUE
    CACHE 1;


ALTER TABLE public.employee_profiles_id_seq OWNER TO postgres;

--
-- Name: employee_profiles_id_seq; Type: SEQUENCE OWNED BY; Schema: public; Owner: postgres
--

ALTER SEQUENCE employee_profiles_id_seq OWNED BY employee_profiles.id;


--
-- Name: employees; Type: TABLE; Schema: public; Owner: postgres; Tablespace: 
--

CREATE TABLE employees (
    id integer NOT NULL,
    auth_key character varying(32) NOT NULL,
    password_hash character varying(255) NOT NULL,
    password_reset_token character varying(255),
    email character varying(255) NOT NULL,
    status smallint DEFAULT 10 NOT NULL,
    created_at integer NOT NULL,
    updated_at integer NOT NULL,
    created_by integer NOT NULL,
    updated_by integer NOT NULL
);


ALTER TABLE public.employees OWNER TO postgres;

--
-- Name: employees_id_seq; Type: SEQUENCE; Schema: public; Owner: postgres
--

CREATE SEQUENCE employees_id_seq
    START WITH 1
    INCREMENT BY 1
    NO MINVALUE
    NO MAXVALUE
    CACHE 1;


ALTER TABLE public.employees_id_seq OWNER TO postgres;

--
-- Name: employees_id_seq; Type: SEQUENCE OWNED BY; Schema: public; Owner: postgres
--

ALTER SEQUENCE employees_id_seq OWNED BY employees.id;


--
-- Name: engines; Type: TABLE; Schema: public; Owner: postgres; Tablespace: 
--

CREATE TABLE engines (
    id integer NOT NULL,
    name character varying(255) NOT NULL,
    created_by integer NOT NULL,
    updated_by integer NOT NULL,
    frequency integer DEFAULT 0 NOT NULL
);


ALTER TABLE public.engines OWNER TO postgres;

--
-- Name: engines_car_types; Type: TABLE; Schema: public; Owner: postgres; Tablespace: 
--

CREATE TABLE engines_car_types (
    engine_id integer NOT NULL,
    car_type_id integer NOT NULL
);


ALTER TABLE public.engines_car_types OWNER TO postgres;

--
-- Name: engines_id_seq; Type: SEQUENCE; Schema: public; Owner: postgres
--

CREATE SEQUENCE engines_id_seq
    START WITH 1
    INCREMENT BY 1
    NO MINVALUE
    NO MAXVALUE
    CACHE 1;


ALTER TABLE public.engines_id_seq OWNER TO postgres;

--
-- Name: engines_id_seq; Type: SEQUENCE OWNED BY; Schema: public; Owner: postgres
--

ALTER SEQUENCE engines_id_seq OWNED BY engines.id;


--
-- Name: images; Type: TABLE; Schema: public; Owner: postgres; Tablespace: 
--

CREATE TABLE images (
    id bigint NOT NULL,
    car_id bigint NOT NULL,
    filename character varying(255) NOT NULL,
    extension character varying(255) NOT NULL,
    is_main boolean
);


ALTER TABLE public.images OWNER TO postgres;

--
-- Name: images_id_seq; Type: SEQUENCE; Schema: public; Owner: postgres
--

CREATE SEQUENCE images_id_seq
    START WITH 1
    INCREMENT BY 1
    NO MINVALUE
    NO MAXVALUE
    CACHE 1;


ALTER TABLE public.images_id_seq OWNER TO postgres;

--
-- Name: images_id_seq; Type: SEQUENCE OWNED BY; Schema: public; Owner: postgres
--

ALTER SEQUENCE images_id_seq OWNED BY images.id;


--
-- Name: kuzovs; Type: TABLE; Schema: public; Owner: postgres; Tablespace: 
--

CREATE TABLE kuzovs (
    id integer NOT NULL,
    name character varying(255) NOT NULL,
    created_by integer NOT NULL,
    updated_by integer NOT NULL,
    frequency integer DEFAULT 0 NOT NULL
);


ALTER TABLE public.kuzovs OWNER TO postgres;

--
-- Name: kuzovs_car_types; Type: TABLE; Schema: public; Owner: postgres; Tablespace: 
--

CREATE TABLE kuzovs_car_types (
    kuzov_id integer NOT NULL,
    car_type_id integer NOT NULL
);


ALTER TABLE public.kuzovs_car_types OWNER TO postgres;

--
-- Name: kuzovs_id_seq; Type: SEQUENCE; Schema: public; Owner: postgres
--

CREATE SEQUENCE kuzovs_id_seq
    START WITH 1
    INCREMENT BY 1
    NO MINVALUE
    NO MAXVALUE
    CACHE 1;


ALTER TABLE public.kuzovs_id_seq OWNER TO postgres;

--
-- Name: kuzovs_id_seq; Type: SEQUENCE OWNED BY; Schema: public; Owner: postgres
--

ALTER SEQUENCE kuzovs_id_seq OWNED BY kuzovs.id;


--
-- Name: markas; Type: TABLE; Schema: public; Owner: postgres; Tablespace: 
--

CREATE TABLE markas (
    id integer NOT NULL,
    car_type_id integer NOT NULL,
    name character varying(255) NOT NULL,
    created_by integer NOT NULL,
    updated_by integer NOT NULL
);


ALTER TABLE public.markas OWNER TO postgres;

--
-- Name: markas_id_seq; Type: SEQUENCE; Schema: public; Owner: postgres
--

CREATE SEQUENCE markas_id_seq
    START WITH 1
    INCREMENT BY 1
    NO MINVALUE
    NO MAXVALUE
    CACHE 1;


ALTER TABLE public.markas_id_seq OWNER TO postgres;

--
-- Name: markas_id_seq; Type: SEQUENCE OWNED BY; Schema: public; Owner: postgres
--

ALTER SEQUENCE markas_id_seq OWNED BY markas.id;


--
-- Name: message; Type: TABLE; Schema: public; Owner: postgres; Tablespace: 
--

CREATE TABLE message (
    id integer NOT NULL,
    language character varying(255) NOT NULL,
    translation text
);


ALTER TABLE public.message OWNER TO postgres;

--
-- Name: migration; Type: TABLE; Schema: public; Owner: postgres; Tablespace: 
--

CREATE TABLE migration (
    version character varying(180) NOT NULL,
    apply_time integer
);


ALTER TABLE public.migration OWNER TO postgres;

--
-- Name: moto_types; Type: TABLE; Schema: public; Owner: postgres; Tablespace: 
--

CREATE TABLE moto_types (
    id integer NOT NULL,
    name character varying(255) NOT NULL,
    created_by integer NOT NULL,
    updated_by integer NOT NULL
);


ALTER TABLE public.moto_types OWNER TO postgres;

--
-- Name: moto_types_id_seq; Type: SEQUENCE; Schema: public; Owner: postgres
--

CREATE SEQUENCE moto_types_id_seq
    START WITH 1
    INCREMENT BY 1
    NO MINVALUE
    NO MAXVALUE
    CACHE 1;


ALTER TABLE public.moto_types_id_seq OWNER TO postgres;

--
-- Name: moto_types_id_seq; Type: SEQUENCE OWNED BY; Schema: public; Owner: postgres
--

ALTER SEQUENCE moto_types_id_seq OWNED BY moto_types.id;


--
-- Name: mposts; Type: TABLE; Schema: public; Owner: postgres; Tablespace: 
--

CREATE TABLE mposts (
    id integer NOT NULL,
    post_id integer NOT NULL,
    lang character varying(255) NOT NULL,
    title character varying(255),
    body text,
    created_by integer NOT NULL,
    updated_by integer NOT NULL,
    created_at integer NOT NULL,
    updated_at integer NOT NULL
);


ALTER TABLE public.mposts OWNER TO postgres;

--
-- Name: mposts_id_seq; Type: SEQUENCE; Schema: public; Owner: postgres
--

CREATE SEQUENCE mposts_id_seq
    START WITH 1
    INCREMENT BY 1
    NO MINVALUE
    NO MAXVALUE
    CACHE 1;


ALTER TABLE public.mposts_id_seq OWNER TO postgres;

--
-- Name: mposts_id_seq; Type: SEQUENCE OWNED BY; Schema: public; Owner: postgres
--

ALTER SEQUENCE mposts_id_seq OWNED BY mposts.id;


--
-- Name: offices; Type: TABLE; Schema: public; Owner: postgres; Tablespace: 
--

CREATE TABLE offices (
    id integer NOT NULL,
    name character varying(255) NOT NULL,
    address character varying(255),
    created_at integer NOT NULL,
    updated_at integer NOT NULL,
    created_by integer NOT NULL,
    updated_by integer NOT NULL
);


ALTER TABLE public.offices OWNER TO postgres;

--
-- Name: offices_id_seq; Type: SEQUENCE; Schema: public; Owner: postgres
--

CREATE SEQUENCE offices_id_seq
    START WITH 1
    INCREMENT BY 1
    NO MINVALUE
    NO MAXVALUE
    CACHE 1;


ALTER TABLE public.offices_id_seq OWNER TO postgres;

--
-- Name: offices_id_seq; Type: SEQUENCE OWNED BY; Schema: public; Owner: postgres
--

ALTER SEQUENCE offices_id_seq OWNED BY offices.id;


--
-- Name: partners; Type: TABLE; Schema: public; Owner: postgres; Tablespace: 
--

CREATE TABLE partners (
    id integer NOT NULL,
    title character varying(255) NOT NULL,
    image character varying(255) NOT NULL,
    url character varying(255) NOT NULL,
    description character varying(255),
    status smallint NOT NULL,
    created_by integer NOT NULL,
    updated_by integer NOT NULL,
    created_at integer NOT NULL,
    updated_at integer NOT NULL
);


ALTER TABLE public.partners OWNER TO postgres;

--
-- Name: partners_id_seq; Type: SEQUENCE; Schema: public; Owner: postgres
--

CREATE SEQUENCE partners_id_seq
    START WITH 1
    INCREMENT BY 1
    NO MINVALUE
    NO MAXVALUE
    CACHE 1;


ALTER TABLE public.partners_id_seq OWNER TO postgres;

--
-- Name: partners_id_seq; Type: SEQUENCE OWNED BY; Schema: public; Owner: postgres
--

ALTER SEQUENCE partners_id_seq OWNED BY partners.id;


--
-- Name: posts; Type: TABLE; Schema: public; Owner: postgres; Tablespace: 
--

CREATE TABLE posts (
    id integer NOT NULL,
    name character varying(255) NOT NULL,
    created_by integer NOT NULL,
    updated_by integer NOT NULL,
    created_at integer NOT NULL,
    updated_at integer NOT NULL
);


ALTER TABLE public.posts OWNER TO postgres;

--
-- Name: posts_id_seq; Type: SEQUENCE; Schema: public; Owner: postgres
--

CREATE SEQUENCE posts_id_seq
    START WITH 1
    INCREMENT BY 1
    NO MINVALUE
    NO MAXVALUE
    CACHE 1;


ALTER TABLE public.posts_id_seq OWNER TO postgres;

--
-- Name: posts_id_seq; Type: SEQUENCE OWNED BY; Schema: public; Owner: postgres
--

ALTER SEQUENCE posts_id_seq OWNED BY posts.id;


--
-- Name: premiums_logs; Type: TABLE; Schema: public; Owner: postgres; Tablespace: 
--

CREATE TABLE premiums_logs (
    id integer NOT NULL,
    car_id bigint NOT NULL,
    tarrif_id integer NOT NULL,
    premium_begin timestamp(0) without time zone NOT NULL,
    premium_end timestamp(0) without time zone NOT NULL,
    created_by integer NOT NULL,
    updated_by integer NOT NULL,
    created_at integer NOT NULL,
    updated_at integer NOT NULL
);


ALTER TABLE public.premiums_logs OWNER TO postgres;

--
-- Name: premiums_logs_id_seq; Type: SEQUENCE; Schema: public; Owner: postgres
--

CREATE SEQUENCE premiums_logs_id_seq
    START WITH 1
    INCREMENT BY 1
    NO MINVALUE
    NO MAXVALUE
    CACHE 1;


ALTER TABLE public.premiums_logs_id_seq OWNER TO postgres;

--
-- Name: premiums_logs_id_seq; Type: SEQUENCE OWNED BY; Schema: public; Owner: postgres
--

ALTER SEQUENCE premiums_logs_id_seq OWNED BY premiums_logs.id;


--
-- Name: privods; Type: TABLE; Schema: public; Owner: postgres; Tablespace: 
--

CREATE TABLE privods (
    id integer NOT NULL,
    name character varying(255) NOT NULL,
    created_by integer NOT NULL,
    updated_by integer NOT NULL,
    frequency integer DEFAULT 0 NOT NULL
);


ALTER TABLE public.privods OWNER TO postgres;

--
-- Name: privods_car_types; Type: TABLE; Schema: public; Owner: postgres; Tablespace: 
--

CREATE TABLE privods_car_types (
    privod_id integer NOT NULL,
    car_type_id integer NOT NULL
);


ALTER TABLE public.privods_car_types OWNER TO postgres;

--
-- Name: privods_id_seq; Type: SEQUENCE; Schema: public; Owner: postgres
--

CREATE SEQUENCE privods_id_seq
    START WITH 1
    INCREMENT BY 1
    NO MINVALUE
    NO MAXVALUE
    CACHE 1;


ALTER TABLE public.privods_id_seq OWNER TO postgres;

--
-- Name: privods_id_seq; Type: SEQUENCE OWNED BY; Schema: public; Owner: postgres
--

ALTER SEQUENCE privods_id_seq OWNED BY privods.id;


--
-- Name: regions; Type: TABLE; Schema: public; Owner: postgres; Tablespace: 
--

CREATE TABLE regions (
    id integer NOT NULL,
    name character varying(255) NOT NULL,
    created_by integer NOT NULL,
    updated_by integer NOT NULL
);


ALTER TABLE public.regions OWNER TO postgres;

--
-- Name: regions_id_seq; Type: SEQUENCE; Schema: public; Owner: postgres
--

CREATE SEQUENCE regions_id_seq
    START WITH 1
    INCREMENT BY 1
    NO MINVALUE
    NO MAXVALUE
    CACHE 1;


ALTER TABLE public.regions_id_seq OWNER TO postgres;

--
-- Name: regions_id_seq; Type: SEQUENCE OWNED BY; Schema: public; Owner: postgres
--

ALTER SEQUENCE regions_id_seq OWNED BY regions.id;


--
-- Name: source_message; Type: TABLE; Schema: public; Owner: postgres; Tablespace: 
--

CREATE TABLE source_message (
    id integer NOT NULL,
    category character varying(255),
    message text
);


ALTER TABLE public.source_message OWNER TO postgres;

--
-- Name: source_message_id_seq; Type: SEQUENCE; Schema: public; Owner: postgres
--

CREATE SEQUENCE source_message_id_seq
    START WITH 1
    INCREMENT BY 1
    NO MINVALUE
    NO MAXVALUE
    CACHE 1;


ALTER TABLE public.source_message_id_seq OWNER TO postgres;

--
-- Name: source_message_id_seq; Type: SEQUENCE OWNED BY; Schema: public; Owner: postgres
--

ALTER SEQUENCE source_message_id_seq OWNED BY source_message.id;


--
-- Name: sq_categories; Type: TABLE; Schema: public; Owner: postgres; Tablespace: 
--

CREATE TABLE sq_categories (
    id integer NOT NULL,
    name character varying(255) NOT NULL,
    created_by integer NOT NULL,
    updated_by integer NOT NULL
);


ALTER TABLE public.sq_categories OWNER TO postgres;

--
-- Name: sq_categories_id_seq; Type: SEQUENCE; Schema: public; Owner: postgres
--

CREATE SEQUENCE sq_categories_id_seq
    START WITH 1
    INCREMENT BY 1
    NO MINVALUE
    NO MAXVALUE
    CACHE 1;


ALTER TABLE public.sq_categories_id_seq OWNER TO postgres;

--
-- Name: sq_categories_id_seq; Type: SEQUENCE OWNED BY; Schema: public; Owner: postgres
--

ALTER SEQUENCE sq_categories_id_seq OWNED BY sq_categories.id;


--
-- Name: states; Type: TABLE; Schema: public; Owner: postgres; Tablespace: 
--

CREATE TABLE states (
    id integer NOT NULL,
    name character varying(255) NOT NULL,
    created_by integer NOT NULL,
    updated_by integer NOT NULL
);


ALTER TABLE public.states OWNER TO postgres;

--
-- Name: states_id_seq; Type: SEQUENCE; Schema: public; Owner: postgres
--

CREATE SEQUENCE states_id_seq
    START WITH 1
    INCREMENT BY 1
    NO MINVALUE
    NO MAXVALUE
    CACHE 1;


ALTER TABLE public.states_id_seq OWNER TO postgres;

--
-- Name: states_id_seq; Type: SEQUENCE OWNED BY; Schema: public; Owner: postgres
--

ALTER SEQUENCE states_id_seq OWNED BY states.id;


--
-- Name: tarrifs; Type: TABLE; Schema: public; Owner: postgres; Tablespace: 
--

CREATE TABLE tarrifs (
    id integer NOT NULL,
    title character varying(255) NOT NULL,
    day_count integer NOT NULL,
    price numeric(16,2) NOT NULL,
    description character varying(255) NOT NULL,
    status smallint NOT NULL,
    created_by integer NOT NULL,
    updated_by integer NOT NULL,
    created_at integer NOT NULL,
    updated_at integer NOT NULL
);


ALTER TABLE public.tarrifs OWNER TO postgres;

--
-- Name: tarrifs_id_seq; Type: SEQUENCE; Schema: public; Owner: postgres
--

CREATE SEQUENCE tarrifs_id_seq
    START WITH 1
    INCREMENT BY 1
    NO MINVALUE
    NO MAXVALUE
    CACHE 1;


ALTER TABLE public.tarrifs_id_seq OWNER TO postgres;

--
-- Name: tarrifs_id_seq; Type: SEQUENCE OWNED BY; Schema: public; Owner: postgres
--

ALTER SEQUENCE tarrifs_id_seq OWNED BY tarrifs.id;


--
-- Name: transactions; Type: TABLE; Schema: public; Owner: postgres; Tablespace: 
--

CREATE TABLE transactions (
    id integer NOT NULL,
    client_id integer NOT NULL,
    employee_id integer NOT NULL,
    amount character varying(255) NOT NULL,
    type boolean NOT NULL,
    description character varying(255),
    created_by integer NOT NULL,
    updated_by integer NOT NULL,
    created_at integer NOT NULL,
    updated_at integer NOT NULL
);


ALTER TABLE public.transactions OWNER TO postgres;

--
-- Name: transactions_id_seq; Type: SEQUENCE; Schema: public; Owner: postgres
--

CREATE SEQUENCE transactions_id_seq
    START WITH 1
    INCREMENT BY 1
    NO MINVALUE
    NO MAXVALUE
    CACHE 1;


ALTER TABLE public.transactions_id_seq OWNER TO postgres;

--
-- Name: transactions_id_seq; Type: SEQUENCE OWNED BY; Schema: public; Owner: postgres
--

ALTER SEQUENCE transactions_id_seq OWNED BY transactions.id;


--
-- Name: transmissions; Type: TABLE; Schema: public; Owner: postgres; Tablespace: 
--

CREATE TABLE transmissions (
    id integer NOT NULL,
    name character varying(255) NOT NULL,
    created_by integer NOT NULL,
    updated_by integer NOT NULL,
    frequency integer DEFAULT 0 NOT NULL
);


ALTER TABLE public.transmissions OWNER TO postgres;

--
-- Name: transmissions_car_types; Type: TABLE; Schema: public; Owner: postgres; Tablespace: 
--

CREATE TABLE transmissions_car_types (
    transmission_id integer NOT NULL,
    car_type_id integer NOT NULL
);


ALTER TABLE public.transmissions_car_types OWNER TO postgres;

--
-- Name: transmissions_id_seq; Type: SEQUENCE; Schema: public; Owner: postgres
--

CREATE SEQUENCE transmissions_id_seq
    START WITH 1
    INCREMENT BY 1
    NO MINVALUE
    NO MAXVALUE
    CACHE 1;


ALTER TABLE public.transmissions_id_seq OWNER TO postgres;

--
-- Name: transmissions_id_seq; Type: SEQUENCE OWNED BY; Schema: public; Owner: postgres
--

ALTER SEQUENCE transmissions_id_seq OWNED BY transmissions.id;


--
-- Name: users; Type: TABLE; Schema: public; Owner: postgres; Tablespace: 
--

CREATE TABLE users (
    id bigint NOT NULL,
    auth_key character varying(32) NOT NULL,
    password_hash character varying(255) NOT NULL,
    password_reset_token character varying(255),
    email character varying(255) NOT NULL,
    status smallint DEFAULT 10 NOT NULL,
    created_at integer NOT NULL,
    updated_at integer NOT NULL
);


ALTER TABLE public.users OWNER TO postgres;

--
-- Name: users_id_seq; Type: SEQUENCE; Schema: public; Owner: postgres
--

CREATE SEQUENCE users_id_seq
    START WITH 1
    INCREMENT BY 1
    NO MINVALUE
    NO MAXVALUE
    CACHE 1;


ALTER TABLE public.users_id_seq OWNER TO postgres;

--
-- Name: users_id_seq; Type: SEQUENCE OWNED BY; Schema: public; Owner: postgres
--

ALTER SEQUENCE users_id_seq OWNED BY users.id;


--
-- Name: users_profiles; Type: TABLE; Schema: public; Owner: postgres; Tablespace: 
--

CREATE TABLE users_profiles (
    id bigint NOT NULL,
    user_id bigint,
    fio character varying(255),
    company_name character varying(255),
    mobile_phone character varying(255),
    work_phone character varying(255),
    client_type smallint NOT NULL,
    balance numeric(16,2) DEFAULT 0 NOT NULL,
    created_at integer NOT NULL,
    updated_at integer NOT NULL,
    lang character varying(10) DEFAULT 'ru'::character varying
);


ALTER TABLE public.users_profiles OWNER TO postgres;

--
-- Name: users_profiles_id_seq; Type: SEQUENCE; Schema: public; Owner: postgres
--

CREATE SEQUENCE users_profiles_id_seq
    START WITH 1
    INCREMENT BY 1
    NO MINVALUE
    NO MAXVALUE
    CACHE 1;


ALTER TABLE public.users_profiles_id_seq OWNER TO postgres;

--
-- Name: users_profiles_id_seq; Type: SEQUENCE OWNED BY; Schema: public; Owner: postgres
--

ALTER SEQUENCE users_profiles_id_seq OWNED BY users_profiles.id;


--
-- Name: users_profiles_user_id_seq; Type: SEQUENCE; Schema: public; Owner: postgres
--

CREATE SEQUENCE users_profiles_user_id_seq
    START WITH 1
    INCREMENT BY 1
    NO MINVALUE
    NO MAXVALUE
    CACHE 1;


ALTER TABLE public.users_profiles_user_id_seq OWNER TO postgres;

--
-- Name: users_profiles_user_id_seq; Type: SEQUENCE OWNED BY; Schema: public; Owner: postgres
--

ALTER SEQUENCE users_profiles_user_id_seq OWNED BY users_profiles.user_id;


--
-- Name: wheels; Type: TABLE; Schema: public; Owner: postgres; Tablespace: 
--

CREATE TABLE wheels (
    id integer NOT NULL,
    name character varying(255) NOT NULL,
    created_by integer NOT NULL,
    updated_by integer NOT NULL,
    frequency integer DEFAULT 0 NOT NULL
);


ALTER TABLE public.wheels OWNER TO postgres;

--
-- Name: wheels_car_types; Type: TABLE; Schema: public; Owner: postgres; Tablespace: 
--

CREATE TABLE wheels_car_types (
    wheel_id integer NOT NULL,
    car_type_id integer NOT NULL
);


ALTER TABLE public.wheels_car_types OWNER TO postgres;

--
-- Name: wheels_id_seq; Type: SEQUENCE; Schema: public; Owner: postgres
--

CREATE SEQUENCE wheels_id_seq
    START WITH 1
    INCREMENT BY 1
    NO MINVALUE
    NO MAXVALUE
    CACHE 1;


ALTER TABLE public.wheels_id_seq OWNER TO postgres;

--
-- Name: wheels_id_seq; Type: SEQUENCE OWNED BY; Schema: public; Owner: postgres
--

ALTER SEQUENCE wheels_id_seq OWNED BY wheels.id;


--
-- Name: id; Type: DEFAULT; Schema: public; Owner: postgres
--

ALTER TABLE ONLY banners ALTER COLUMN id SET DEFAULT nextval('banners_id_seq'::regclass);


--
-- Name: id; Type: DEFAULT; Schema: public; Owner: postgres
--

ALTER TABLE ONLY car_models ALTER COLUMN id SET DEFAULT nextval('car_models_id_seq'::regclass);


--
-- Name: id; Type: DEFAULT; Schema: public; Owner: postgres
--

ALTER TABLE ONLY car_types ALTER COLUMN id SET DEFAULT nextval('car_types_id_seq'::regclass);


--
-- Name: id; Type: DEFAULT; Schema: public; Owner: postgres
--

ALTER TABLE ONLY cars ALTER COLUMN id SET DEFAULT nextval('cars_id_seq'::regclass);


--
-- Name: id; Type: DEFAULT; Schema: public; Owner: postgres
--

ALTER TABLE ONLY colors ALTER COLUMN id SET DEFAULT nextval('colors_id_seq'::regclass);


--
-- Name: id; Type: DEFAULT; Schema: public; Owner: postgres
--

ALTER TABLE ONLY comments ALTER COLUMN id SET DEFAULT nextval('comments_id_seq'::regclass);


--
-- Name: id; Type: DEFAULT; Schema: public; Owner: postgres
--

ALTER TABLE ONLY complete_sets ALTER COLUMN id SET DEFAULT nextval('complete_sets_id_seq'::regclass);


--
-- Name: id; Type: DEFAULT; Schema: public; Owner: postgres
--

ALTER TABLE ONLY employee_profiles ALTER COLUMN id SET DEFAULT nextval('employee_profiles_id_seq'::regclass);


--
-- Name: id; Type: DEFAULT; Schema: public; Owner: postgres
--

ALTER TABLE ONLY employees ALTER COLUMN id SET DEFAULT nextval('employees_id_seq'::regclass);


--
-- Name: id; Type: DEFAULT; Schema: public; Owner: postgres
--

ALTER TABLE ONLY engines ALTER COLUMN id SET DEFAULT nextval('engines_id_seq'::regclass);


--
-- Name: id; Type: DEFAULT; Schema: public; Owner: postgres
--

ALTER TABLE ONLY images ALTER COLUMN id SET DEFAULT nextval('images_id_seq'::regclass);


--
-- Name: id; Type: DEFAULT; Schema: public; Owner: postgres
--

ALTER TABLE ONLY kuzovs ALTER COLUMN id SET DEFAULT nextval('kuzovs_id_seq'::regclass);


--
-- Name: id; Type: DEFAULT; Schema: public; Owner: postgres
--

ALTER TABLE ONLY markas ALTER COLUMN id SET DEFAULT nextval('markas_id_seq'::regclass);


--
-- Name: id; Type: DEFAULT; Schema: public; Owner: postgres
--

ALTER TABLE ONLY moto_types ALTER COLUMN id SET DEFAULT nextval('moto_types_id_seq'::regclass);


--
-- Name: id; Type: DEFAULT; Schema: public; Owner: postgres
--

ALTER TABLE ONLY mposts ALTER COLUMN id SET DEFAULT nextval('mposts_id_seq'::regclass);


--
-- Name: id; Type: DEFAULT; Schema: public; Owner: postgres
--

ALTER TABLE ONLY offices ALTER COLUMN id SET DEFAULT nextval('offices_id_seq'::regclass);


--
-- Name: id; Type: DEFAULT; Schema: public; Owner: postgres
--

ALTER TABLE ONLY partners ALTER COLUMN id SET DEFAULT nextval('partners_id_seq'::regclass);


--
-- Name: id; Type: DEFAULT; Schema: public; Owner: postgres
--

ALTER TABLE ONLY posts ALTER COLUMN id SET DEFAULT nextval('posts_id_seq'::regclass);


--
-- Name: id; Type: DEFAULT; Schema: public; Owner: postgres
--

ALTER TABLE ONLY premiums_logs ALTER COLUMN id SET DEFAULT nextval('premiums_logs_id_seq'::regclass);


--
-- Name: id; Type: DEFAULT; Schema: public; Owner: postgres
--

ALTER TABLE ONLY privods ALTER COLUMN id SET DEFAULT nextval('privods_id_seq'::regclass);


--
-- Name: id; Type: DEFAULT; Schema: public; Owner: postgres
--

ALTER TABLE ONLY regions ALTER COLUMN id SET DEFAULT nextval('regions_id_seq'::regclass);


--
-- Name: id; Type: DEFAULT; Schema: public; Owner: postgres
--

ALTER TABLE ONLY source_message ALTER COLUMN id SET DEFAULT nextval('source_message_id_seq'::regclass);


--
-- Name: id; Type: DEFAULT; Schema: public; Owner: postgres
--

ALTER TABLE ONLY sq_categories ALTER COLUMN id SET DEFAULT nextval('sq_categories_id_seq'::regclass);


--
-- Name: id; Type: DEFAULT; Schema: public; Owner: postgres
--

ALTER TABLE ONLY states ALTER COLUMN id SET DEFAULT nextval('states_id_seq'::regclass);


--
-- Name: id; Type: DEFAULT; Schema: public; Owner: postgres
--

ALTER TABLE ONLY tarrifs ALTER COLUMN id SET DEFAULT nextval('tarrifs_id_seq'::regclass);


--
-- Name: id; Type: DEFAULT; Schema: public; Owner: postgres
--

ALTER TABLE ONLY transactions ALTER COLUMN id SET DEFAULT nextval('transactions_id_seq'::regclass);


--
-- Name: id; Type: DEFAULT; Schema: public; Owner: postgres
--

ALTER TABLE ONLY transmissions ALTER COLUMN id SET DEFAULT nextval('transmissions_id_seq'::regclass);


--
-- Name: id; Type: DEFAULT; Schema: public; Owner: postgres
--

ALTER TABLE ONLY users ALTER COLUMN id SET DEFAULT nextval('users_id_seq'::regclass);


--
-- Name: id; Type: DEFAULT; Schema: public; Owner: postgres
--

ALTER TABLE ONLY users_profiles ALTER COLUMN id SET DEFAULT nextval('users_profiles_id_seq'::regclass);


--
-- Name: user_id; Type: DEFAULT; Schema: public; Owner: postgres
--

ALTER TABLE ONLY users_profiles ALTER COLUMN user_id SET DEFAULT nextval('users_profiles_user_id_seq'::regclass);


--
-- Name: id; Type: DEFAULT; Schema: public; Owner: postgres
--

ALTER TABLE ONLY wheels ALTER COLUMN id SET DEFAULT nextval('wheels_id_seq'::regclass);


--
-- Data for Name: banners; Type: TABLE DATA; Schema: public; Owner: postgres
--

COPY banners (id, page, image, url, "position", status, created_by, updated_by, created_at, updated_at) FROM stdin;
1	1	56a59f2f64024.png		1	1	1	2	1440700639	1454645364
4	2	56a7096c8b54b.png	https://www.facebook.com/	1	1	2	2	1440834781	1454645466
11	0	566460d00c4fb.jpg		3	0	2	4	1449418960	1454661510
3	3	56bf8d2c4d3b3.png		1	1	2	2	1440834694	1455394092
7	0	5658c1df0c0ec.jpg		6	0	2	2	1448657375	1456043237
8	0	56cd5bef77874.png	http://premiere.kg/	7	1	2	3	1448657941	1456298991
12	0	56a44979573c2.png		1	1	2	3	1449419615	1456648299
5	1	56a5a3266f6f8.png	http://www.bmw.com	2	1	2	4	1440834913	1457327607
13	2	56a709b810b11.png		2	1	2	3	1453787576	1457422297
6	0	55e165b1d41f0.jpg		2	1	2	3	1440834993	1457422321
14	2	56a70a8e399a8.jpg		3	1	2	3	1453787790	1457422353
15	1	56de8111bd596.jpg		3	1	3	3	1457422609	1457422609
9	0	56a5a2128eea4.png	http://araba.kg/signup	5	1	2	2	1448658702	1454579062
10	0	56a59e818eddb.png		4	1	2	2	1449418689	1454579081
2	0	55e157a092392.gif		8	0	2	2	1440831392	1453621661
\.


--
-- Name: banners_id_seq; Type: SEQUENCE SET; Schema: public; Owner: postgres
--

SELECT pg_catalog.setval('banners_id_seq', 15, true);


--
-- Data for Name: car_models; Type: TABLE DATA; Schema: public; Owner: postgres
--

COPY car_models (id, marka_id, seria, is_seria, name, created_by, updated_by) FROM stdin;
1	1	\N	f	Integra	1	1
2	1	\N	f	MDX	1	1
3	2	\N	f	8C	1	1
4	2	\N	f	Alfa 145	1	1
5	3	\N	f	AR1	1	1
6	3	\N	f	Cygnet	1	1
9	5	\N	f	Arnage	1	1
10	6	\N	t	Series 1	1	1
11	6	10	f	114	1	1
12	6	10	f	116	1	1
13	6	\N	f	840	1	1
132	22	\N	f	Corsica	2	2
16	1	\N	f	NSX	2	2
17	1	\N	f	RL	2	2
18	1	\N	f	RDX 	2	2
19	1	\N	f	RSX	2	2
20	1	\N	f	TL	2	2
21	1	\N	f	TSX	2	2
22	1	\N	f	ZDX	2	2
23	1	\N	f	Прочие	2	2
24	2	\N	f	Alfa 146	2	2
25	2	\N	f	Alfa 147	2	2
26	2	\N	f	Alfa 149	2	2
27	2	\N	f	Alfa 155	2	2
28	2	\N	f	Alfa 156	2	2
29	2	\N	f	Alfa 159	2	2
30	2	\N	f	Alfa 164	2	2
31	2	\N	f	Alfa 166	2	2
32	2	\N	f	Alfa 33	2	2
33	2	\N	f	Alfa 75	2	2
34	2	\N	f	Alfa 90	2	2
35	2	\N	f	Alfasud	2	2
36	2	\N	f	Alfetta	2	2
37	2	\N	f	Brera	2	2
38	2	\N	f	Crosswagon	2	2
39	2	\N	f	Giulia	2	2
40	2	\N	f	Giulietta	2	2
41	2	\N	f	GT	2	2
42	2	\N	f	GTV	2	2
43	2	\N	f	Junior	2	2
44	2	\N	f	MiTo	2	2
45	2	\N	f	Spider	2	2
46	2	\N	f	Sprint	2	2
47	2	\N	f	Прочие	2	2
48	3	\N	f	DB	2	2
50	3	\N	f	DB7	2	2
51	3	\N	f	DB9	2	2
52	3	\N	f	DBS	2	2
53	3	\N	f	Lagonda	2	2
54	3	\N	f	Rapide	2	2
55	3	\N	f	V12 Vantage	2	2
56	3	\N	f	V8	2	2
57	3	\N	f	V8 Vantage	2	2
58	3	\N	f	Vanquish	2	2
59	3	\N	f	Vantage	2	2
60	3	\N	f	Virage	2	2
61	3	\N	f	Volante	2	2
62	3	\N	f	Прочие	2	2
63	4	\N	f	80	2	2
64	4	\N	f	90	2	2
65	4	\N	f	100	2	2
66	4	\N	f	A1	2	2
67	4	\N	f	A2	2	2
68	4	\N	f	A3	2	2
69	4	\N	f	A4	2	2
70	4	\N	f	A6	2	2
71	4	\N	f	A8	2	2
72	4	\N	f	ALLROAD	2	2
73	4	\N	f	B4	2	2
74	4	\N	f	C4	2	2
75	4	\N	f	Q3	2	2
76	4	\N	f	Q5	2	2
77	4	\N	f	Q7	2	2
78	4	\N	f	TT	2	2
79	4	\N	f	Прочие	2	2
80	5	\N	f	Azure	2	2
81	5	\N	f	Brooklands	2	2
82	5	\N	f	Continental	2	2
83	5	\N	f	Eight	2	2
84	5	\N	f	Mulsanne	2	2
85	5	\N	f	Turbo R	2	2
86	5	\N	f	Turbo RT	2	2
87	5	\N	f	Turbo S	2	2
88	5	\N	f	Прочие	2	2
90	7	\N	f	EB 110	2	2
91	7	\N	f	Veyron	2	2
92	7	\N	f	Прочие	2	2
93	20	\N	f	Прочие	2	2
94	20	\N	f	Century	2	2
95	20	\N	f	Electra	2	2
96	20	\N	f	Enclave	2	2
97	20	\N	f	La Crosse	2	2
98	20	\N	f	Le Sabre	2	2
99	20	\N	f	Park Avenue	2	2
100	20	\N	f	Regal	2	2
101	20	\N	f	Riviera	2	2
102	20	\N	f	Roadmaster	2	2
103	20	\N	f	Skylark	2	2
104	21	\N	f	Allante	2	2
105	21	\N	f	BLS	2	2
106	21	\N	f	CTS	2	2
107	21	\N	f	Deville	2	2
108	21	\N	f	Eldorado	2	2
109	21	\N	f	Escalade	2	2
110	21	\N	f	Fleetwood	2	2
111	21	\N	f	Seville	2	2
112	21	\N	f	SRX	2	2
113	21	\N	f	STS	2	2
114	21	\N	f	XLR	2	2
115	21	\N	f	Прочие	2	2
116	22	\N	f	2500	2	2
117	22	\N	f	Alero	2	2
118	22	\N	f	Astro	2	2
119	22	\N	f	Avalanche	2	2
120	22	\N	f	Aveo	2	2
121	22	\N	f	Beretta	2	2
122	22	\N	f	Blazer	2	2
123	22	\N	f	C1500	2	2
124	22	\N	f	Camaro	2	2
125	22	\N	f	Caprice	2	2
126	22	\N	f	Captiva	2	2
127	22	\N	f	Cavalier	2	2
128	22	\N	f	Chevelle	2	2
129	22	\N	f	Chevy Van	2	2
130	22	\N	f	Citation	2	2
131	22	\N	f	Colorado	2	2
133	22	\N	f	Cruze	2	2
134	22	\N	f	El Camino	2	2
135	22	\N	f	Epica	2	2
136	22	\N	f	Evanda	2	2
137	22	\N	f	Express	2	2
138	22	\N	f	G	2	2
139	22	\N	f	HHR	2	2
140	22	\N	f	Impala	2	2
141	22	\N	f	K1500	2	2
142	22	\N	f	K30	2	2
143	22	\N	f	Kalos	2	2
144	22	\N	f	Lacetti	2	2
145	22	\N	f	Lumina	2	2
146	22	\N	f	Malibu	2	2
147	22	\N	f	Matiz	2	2
148	22	\N	f	Nubira	2	2
149	22	\N	f	Orlando	2	2
150	22	\N	f	Rezzo	2	2
151	22	\N	f	S-10	2	2
152	22	\N	f	Silverado	2	2
153	22	\N	f	Spark	2	2
154	22	\N	f	SSR	2	2
155	22	\N	f	Suburban	2	2
156	22	\N	f	Tahoe	2	2
157	22	\N	f	Trailblazer	2	2
158	22	\N	f	Trans Sport	2	2
159	22	\N	f	Venture	2	2
160	22	\N	f	Volt	2	2
161	22	\N	f	Прочие	2	2
162	471	\N	f	300M	2	2
163	471	\N	f	300C	2	2
164	471	\N	f	Aspen	2	2
165	471	\N	f	Crossfire	2	2
166	471	\N	f	Daytona	2	2
167	471	\N	f	ES	2	2
168	471	\N	f	Grand voyager	2	2
169	471	\N	f	GS	2	2
170	471	\N	f	GTS	2	2
171	471	\N	f	Imperial	2	2
172	471	\N	f	Le Baron	2	2
173	471	\N	f	Neon	2	2
174	471	\N	f	New Yorker	2	2
175	471	\N	f	Pacifica	2	2
176	471	\N	f	PT Cruiser	2	2
177	471	\N	f	Saratoga	2	2
178	471	\N	f	Sebring	2	2
179	471	\N	f	Stratus	2	2
180	471	\N	f	Valiant	2	2
181	471	\N	f	Viper	2	2
182	471	\N	f	Vision	2	2
183	471	\N	f	Voyager	2	2
184	471	\N	f	Прочие	2	2
185	472	\N	f	2CV	2	2
186	472	\N	f	AX	2	2
187	472	\N	f	Berlingo	2	2
188	472	\N	f	BX	2	2
189	472	\N	f	C-Crosser	2	2
190	472	\N	f	C-Zero	2	2
191	472	\N	f	C1	2	2
192	472	\N	f	C2	2	2
193	472	\N	f	C3	2	2
194	472	\N	f	C3 Picasso	2	2
195	472	\N	f	C4	2	2
196	472	\N	f	C4 Picasso	2	2
197	472	\N	f	C5	2	2
198	472	\N	f	C6	2	2
199	472	\N	f	C8	2	2
200	472	\N	f	CX	2	2
201	472	\N	f	DS	2	2
202	472	\N	f	DS3	2	2
203	472	\N	f	DS4	2	2
204	472	\N	f	DS5	2	2
205	472	\N	f	Evasion	2	2
206	472	\N	f	Grand C4 Picasso	2	2
207	472	\N	f	GSA	2	2
208	472	\N	f	Jumper	2	2
209	472	\N	f	Jumpy	2	2
210	472	\N	f	Nemo	2	2
211	472	\N	f	SAXO	2	2
212	472	\N	f	SM	2	2
213	472	\N	f	Visa	2	2
214	472	\N	f	Xantia	2	2
215	472	\N	f	XM	2	2
216	472	\N	f	Xsara	2	2
217	472	\N	f	Xsara Picasso	2	2
218	472	\N	f	ZX	2	2
219	472	\N	f	Прочие	2	2
220	473	\N	f	Espero	2	2
221	473	\N	f	Evanda	2	2
222	473	\N	f	Kalos	2	2
223	473	\N	f	Korando	2	2
224	473	\N	f	Lacetti	2	2
225	473	\N	f	Lanos	2	2
226	473	\N	f	Leganza	2	2
227	473	\N	f	Matiz	2	2
228	473	\N	f	Musso	2	2
229	473	\N	f	Nexia	2	2
230	473	\N	f	Nubira	2	2
231	473	\N	f	Rezzo	2	2
232	473	\N	f	Tacuma	2	2
233	473	\N	f	Прочие	2	2
234	25	\N	f	RtS	2	2
235	88	\N	f	Kamaz	2	2
237	79	\N	f	Пазик	5	5
238	92	\N	f	TH	6	6
239	87	\N	f	LK	6	6
240	96	\N	f	Fen	6	6
241	97	\N	f	Sino	6	6
243	90	\N	f	CAT	6	6
244	96	\N	f	DER	6	6
245	101	\N	f	DF	6	6
246	95	\N	f	AS	6	6
247	94	\N	f	GTR	9	9
248	99	\N	f	SD	9	9
249	30	\N	f	SAD	9	9
250	35	\N	f	SD	9	9
251	28	\N	f	FGH	9	9
252	34	\N	f	200	9	9
253	474	\N	f	Applause	2	2
255	6	10	f	118 	2	2
256	6	10	f	120 	2	2
257	6	10	f	123 	2	2
258	6	10	f	125 	2	2
259	6	10	f	130 	2	2
260	6	10	f	135 	2	2
261	6	\N	f	2002	2	2
262	6	\N	t	Series 3	2	2
263	6	262	f	315	2	2
264	6	262	f	316	2	2
265	6	262	f	 318	2	2
266	6	262	f	320	2	2
268	6	262	f	323	2	2
269	6	262	f	324	2	2
270	6	262	f	325	2	2
271	6	262	f	328	2	2
272	6	262	f	330	2	2
273	6	262	f	335 	2	2
274	6	262	f	ActiveHybrid 3	2	2
275	6	\N	t	Series 5 	2	2
277	6	275	f	518 	2	2
278	6	275	f	520 	2	2
279	6	275	f	520 Gran Turismo 	2	2
280	6	275	f	523 	2	2
281	6	275	f	524 	2	2
282	6	275	f	525 	2	2
284	6	275	f	528	2	2
285	6	275	f	530	2	2
286	6	275	f	530 Gran Turismo 	2	2
287	6	275	f	535	2	2
288	6	275	f	535 Gran Turismo 	2	2
289	6	275	f	540 	2	2
290	6	275	f	545 	2	2
291	6	275	f	550	2	2
292	6	275	f	 550 Gran Turismo 	2	2
293	6	275	f	ActiveHybrid 5 	2	2
294	6	\N	t	Series 6	2	2
295	6	294	f	628   	2	2
296	6	294	f	 630    	2	2
297	6	294	f	633    	2	2
298	6	294	f	635    	2	2
299	6	294	f	640    	2	2
300	6	294	f	645 	2	2
301	6	294	f	650	2	2
302	6	\N	t	Series 7	2	2
303	6	302	f	725    	2	2
304	6	302	f	728    	2	2
305	6	302	f	730   	2	2
306	6	302	f	 732   	2	2
307	6	302	f	 735    	2	2
308	6	302	f	740    	2	2
309	6	302	f	745   	2	2
311	6	302	f	 750    	2	2
312	6	302	f	760    	2	2
313	6	302	f	ActiveHybrid 7 	2	2
314	6	\N	f	850 	2	2
315	6	\N	t	M Models	2	2
316	6	315	f	1er M	2	2
317	6	315	f	M3    	2	2
318	6	315	f	M5    	2	2
319	6	315	f	M6    	2	2
320	6	315	f	X5 M   	2	2
321	6	315	f	 X6 M    	2	2
322	6	315	f	Z3 M    	2	2
323	6	315	f	Z4 M 	2	2
325	6	\N	t	Series X 	2	2
326	6	325	f	ActiveHybrid X6    	2	2
327	6	325	f	X1    	2	2
329	6	325	f	X3    	2	2
330	6	325	f	X5    	2	2
331	6	325	f	X5 M    	2	2
332	6	325	f	X6    	2	2
333	6	325	f	X6 M 	2	2
334	6	\N	t	Series Z 	2	2
335	6	334	f	Z1    	2	2
336	6	334	f	Z3    	2	2
337	6	334	f	Z3 M    	2	2
338	6	334	f	Z4    	2	2
339	6	334	f	Z4 M   	2	2
340	6	334	f	 Z8 	2	2
341	6	\N	f	Прочие	2	2
342	474	\N	f	Charade 	2	2
343	474	\N	f	Charmant 	2	2
344	474	\N	f	Copen 	2	2
345	474	\N	f	Cuore 	2	2
346	474	\N	f	Feroza/Sportrak	2	2
347	474	\N	f	Freeclimber 	2	2
348	474	\N	f	Gran Move 	2	2
349	474	\N	f	Hijet 	2	2
350	474	\N	f	MATERIA	2	2
351	474	\N	f	 Move 	2	2
352	474	\N	f	Rocky/Fourtrak	2	2
353	474	\N	f	Sirion 	2	2
354	474	\N	f	Terios 	2	2
355	474	\N	f	TREVIS 	2	2
356	474	\N	f	YRV	2	2
357	474	\N	f	 Прочие	2	2
358	476	\N	f	Avenger 	2	2
359	476	\N	f	Caliber 	2	2
360	476	\N	f	Challenger 	2	2
361	476	\N	f	Charger 	2	2
362	476	\N	f	Dakota 	2	2
363	476	\N	f	Demon	2	2
364	476	\N	f	Durango 	2	2
365	476	\N	f	Grand Caravan	2	2
366	476	\N	f	 Hornet 	2	2
367	476	\N	f	Journey 	2	2
368	476	\N	f	Magnum 	2	2
369	476	\N	f	Neon	2	2
370	476	\N	f	Nitro 	2	2
371	476	\N	f	RAM 	2	2
372	476	\N	f	Stealth 	2	2
373	476	\N	f	Viper 	2	2
374	476	\N	f	Прочие	2	2
375	477	\N	f	208 	2	2
376	477	\N	f	246 	2	2
377	477	\N	f	250 	2	2
378	477	\N	f	275 	2	2
379	477	\N	f	288 	2	2
380	477	\N	f	308 	2	2
381	477	\N	f	328 	2	2
382	477	\N	f	330 	2	2
383	477	\N	f	348 	2	2
384	477	\N	f	360	2	2
385	477	\N	f	365 	2	2
386	477	\N	f	400 	2	2
387	477	\N	f	412 	2	2
388	477	\N	f	456 	2	2
389	477	\N	f	458 	2	2
390	477	\N	f	512 	2	2
391	477	\N	f	550 	2	2
392	477	\N	f	575 	2	2
393	477	\N	f	599 GTB	2	2
394	477	\N	f	 612	2	2
395	477	\N	f	750 	2	2
396	477	\N	f	California 	2	2
397	477	\N	f	Daytona 	2	2
398	477	\N	f	Dino GT4	2	2
399	477	\N	f	 Enzo Ferrari 	2	2
400	477	\N	f	F355 	2	2
401	477	\N	f	F40 	2	2
402	477	\N	f	F430 	2	2
403	477	\N	f	F50 	2	2
404	477	\N	f	FF	2	2
405	477	\N	f	Mondial 	2	2
406	477	\N	f	Superamerica 	2	2
407	477	\N	f	Testarossa 	2	2
408	477	\N	f	Прочие	2	2
409	478	\N	f	124 	2	2
411	478	\N	f	126 	2	2
413	478	\N	f	127	2	2
414	478	\N	f	130 	2	2
415	478	\N	f	131 	2	2
416	478	\N	f	500 	2	2
417	478	\N	f	Barchetta 	2	2
418	478	\N	f	Brava 	2	2
419	478	\N	f	Bravo 	2	2
420	478	\N	f	Cinquecento 	2	2
421	478	\N	f	Coupe 	2	2
422	478	\N	f	Croma	2	2
423	478	\N	f	Dino 	2	2
424	478	\N	f	Doblo 	2	2
425	478	\N	f	Ducato 	2	2
426	478	\N	f	Fiorino 	2	2
427	478	\N	f	Freemont 	2	2
428	478	\N	f	Grande Punto 	2	2
429	478	\N	f	Idea	2	2
430	478	\N	f	 Linea 	2	2
431	478	\N	f	Marea 	2	2
432	478	\N	f	Marengo	2	2
433	478	\N	f	 Multipla 	2	2
434	478	\N	f	Palio	2	2
435	478	\N	f	Panda 	2	2
436	478	\N	f	Punto 	2	2
437	478	\N	f	Punto Evo 	2	2
438	478	\N	f	Qubo 	2	2
439	478	\N	f	Regata 	2	2
440	478	\N	f	Ritmo 	2	2
441	478	\N	f	Scudo 	2	2
442	478	\N	f	Sedici 	2	2
443	478	\N	f	Seicento 	2	2
444	478	\N	f	Spider Europa 	2	2
445	478	\N	f	Stilo 	2	2
446	478	\N	f	Strada	2	2
447	478	\N	f	Tempra 	2	2
448	478	\N	f	Tipo 	2	2
449	478	\N	f	Ulysse 	2	2
450	478	\N	f	Uno 	2	2
451	478	\N	f	X 1/9 	2	2
452	478	\N	f	Прочие	2	2
453	479	\N	f	Aerostar 	2	2
454	479	\N	f	B-Max	2	2
455	479	\N	f	 Bronco 	2	2
456	479	\N	f	C-Max 	2	2
457	479	\N	f	Capri 	2	2
458	479	\N	f	Cougar 	2	2
459	479	\N	f	Courier 	2	2
460	479	\N	f	Crown 	2	2
461	479	\N	f	Econoline 	2	2
462	479	\N	f	Econovan 	2	2
463	479	\N	f	Edge 	2	2
464	479	\N	f	Escape 	2	2
465	479	\N	f	Escort 	2	2
466	479	\N	f	Excursion 	2	2
467	479	\N	f	Expedition 	2	2
468	479	\N	f	Explorer	2	2
469	479	\N	f	Express 	2	2
470	479	\N	f	F 150 	2	2
472	479	\N	f	F 350 	2	2
473	479	\N	f	Fairlane	2	2
474	479	\N	f	 Falcon 	2	2
475	479	\N	f	Fiesta 	2	2
476	479	\N	f	Flex 	2	2
478	479	\N	f	Focus C-Max 	2	2
479	479	\N	f	Fusion 	2	2
480	479	\N	f	Galaxy 	2	2
481	479	\N	f	Granada 	2	2
483	479	\N	f	GT 	2	2
484	479	\N	f	Ka	2	2
485	479	\N	f	Kuga 	2	2
486	479	\N	f	Maverick 	2	2
487	479	\N	f	Mercury	2	2
488	479	\N	f	 Mondeo 	2	2
489	479	\N	f	Mustang	2	2
569	483	\N	f	S-Coupe 	2	2
570	483	\N	f	Santa Fe 	2	2
571	483	\N	f	Santamo 	2	2
490	479	\N	f	 Orion 	2	2
491	479	\N	f	Probe 	2	2
572	483	\N	f	Sonata 	2	2
492	479	\N	f	Ranger 	2	2
493	479	\N	f	S-Max 	2	2
494	479	\N	f	Scorpio 	2	2
495	479	\N	f	Sierra 	2	2
496	479	\N	f	Sportka	2	2
477	479	\N	f	 Streetka 	2	2
471	479	\N	f	Taunus 	2	2
497	479	\N	f	Taurus	2	2
482	479	\N	f	Thunderbird 	2	2
498	479	\N	f	Tourneo 	2	2
499	479	\N	f	Transit 	2	2
500	479	\N	f	Windstar 	2	2
501	479	\N	f	Прочие 	2	2
502	479	\N	f	Grand C-Max	2	2
503	479	\N	f	Puma	2	2
504	479	\N	f	 Orion 	2	2
505	479	\N	f	F 250	2	2
506	479	\N	f	Focus	2	2
507	480	\N	f	Envoy 	2	2
508	480	\N	f	Safari 	2	2
509	480	\N	f	Saturn 	2	2
510	480	\N	f	Savana 	2	2
511	480	\N	f	Sierra 	2	2
512	480	\N	f	Sonoma	2	2
513	480	\N	f	Syclone 	2	2
514	480	\N	f	Typhoon 	2	2
515	480	\N	f	Vandura 	2	2
516	480	\N	f	Yukon 	2	2
517	480	\N	f	Прочие	2	2
518	481	\N	f	Accord 	2	2
519	481	\N	f	Aerodeck 	2	2
520	481	\N	f	Civic 	2	2
521	481	\N	f	Concerto 	2	2
522	481	\N	f	CR-V 	2	2
523	481	\N	f	CR-Z 	2	2
524	481	\N	f	CRX 	2	2
525	481	\N	f	Element	2	2
526	481	\N	f	FR-V 	2	2
527	481	\N	f	HR-V 	2	2
528	481	\N	f	Insight	2	2
529	481	\N	f	 Integra 	2	2
530	481	\N	f	Jazz 	2	2
531	481	\N	f	Legend 	2	2
532	481	\N	f	Logo 	2	2
533	481	\N	f	NSX	2	2
534	481	\N	f	Odyssey 	2	2
535	481	\N	f	Prelude 	2	2
536	481	\N	f	S2000 	2	2
537	481	\N	f	Shuttle 	2	2
538	481	\N	f	Stream 	2	2
539	481	\N	f	Прочие	2	2
540	482	\N	f	H1	2	2
541	482	\N	f	 H2 	2	2
542	482	\N	f	H3  	2	2
543	482	\N	f	Прочие	2	2
544	483	\N	f	Accent	2	2
545	483	\N	f	 Atos 	2	2
546	483	\N	f	Azera 	2	2
547	483	\N	f	Coupe 	2	2
548	483	\N	f	Elantra	2	2
549	483	\N	f	 Excel 	2	2
550	483	\N	f	Galloper 	2	2
551	483	\N	f	Genesis 	2	2
552	483	\N	f	Getz 	2	2
553	483	\N	f	Grandeur 	2	2
554	483	\N	f	H 100	2	2
555	483	\N	f	H 200	2	2
556	483	\N	f	 H-1 	2	2
557	483	\N	f	H-1 Starex	2	2
558	483	\N	f	 i10	2	2
559	483	\N	f	 i20	2	2
560	483	\N	f	 i30	2	2
561	483	\N	f	 i40	2	2
562	483	\N	f	 i50	2	2
563	483	\N	f	 ix20	2	2
564	483	\N	f	 ix35	2	2
565	483	\N	f	 ix55	2	2
566	483	\N	f	Lantra	2	2
567	483	\N	f	 Matrix 	2	2
568	483	\N	f	Pony 	2	2
573	483	\N	f	Terracan 	2	2
574	483	\N	f	Trajet 	2	2
575	483	\N	f	Tucson 	2	2
576	483	\N	f	Veloster	2	2
577	483	\N	f	Veracruz 	2	2
578	483	\N	f	XG 30 	2	2
579	483	\N	f	XG 350 	2	2
580	483	\N	f	Прочие	2	2
581	484	\N	f	EX35 	2	2
582	484	\N	f	EX37	2	2
583	484	\N	f	 FX 	2	2
584	484	\N	f	G35 	2	2
585	484	\N	f	G37	2	2
586	484	\N	f	M30 	2	2
587	484	\N	f	M37 	2	2
588	484	\N	f	Q45 	2	2
589	484	\N	f	QX56 	2	2
590	484	\N	f	Прочие	2	2
591	485	\N	f	Campo 	2	2
592	485	\N	f	D-Max 	2	2
593	485	\N	f	Gemini	2	2
594	485	\N	f	Midi 	2	2
595	485	\N	f	PICK UP 	2	2
596	485	\N	f	Trooper	2	2
597	485	\N	f	Прочие	2	2
599	486	\N	f	Прочие	2	2
598	486	\N	f	Massif	2	2
600	487	\N	f	Daimler 	2	2
601	487	\N	f	E-Type 	2	2
602	487	\N	f	MK II 	2	2
603	487	\N	f	S-Type 	2	2
604	487	\N	f	X-Type 	2	2
605	487	\N	f	XF 	2	2
606	487	\N	f	XJ	2	2
607	487	\N	f	XJ12 	2	2
608	487	\N	f	XJ40 	2	2
609	487	\N	f	XJ6 	2	2
610	487	\N	f	XJ8 	2	2
611	487	\N	f	XJR 	2	2
612	487	\N	f	XJS 	2	2
613	487	\N	f	XJSC	2	2
614	487	\N	f	XK 	2	2
615	487	\N	f	XKR 	2	2
616	487	\N	f	Прочие 	2	2
617	488	\N	f	Cherokee 	2	2
618	488	\N	f	CJ 	2	2
619	488	\N	f	Comanche 	2	2
620	488	\N	f	Commander 	2	2
621	488	\N	f	Compass 	2	2
622	488	\N	f	Grand Cherokee	2	2
623	488	\N	f	Patriot 	2	2
624	488	\N	f	Renegade 	2	2
625	488	\N	f	Wagoneer 	2	2
626	488	\N	f	Willys 	2	2
627	488	\N	f	Wrangler 	2	2
628	488	\N	f	Прочие	2	2
629	489	\N	f	Besta	2	2
630	489	\N	f	 Borrego 	2	2
631	489	\N	f	Carens 	2	2
632	489	\N	f	Carnival 	2	2
633	489	\N	f	cee'd 	2	2
634	489	\N	f	cee'd sw 	2	2
635	489	\N	f	Cerato	2	2
636	489	\N	f	 Clarus 	2	2
637	489	\N	f	Elan 	2	2
638	489	\N	f	Joice	2	2
639	489	\N	f	K2500 	2	2
640	489	\N	f	K2700 	2	2
641	489	\N	f	Leo 	2	2
642	489	\N	f	Magentis	2	2
643	489	\N	f	 Mentor 	2	2
644	489	\N	f	Mini 	2	2
645	489	\N	f	Opirus 	2	2
646	489	\N	f	Optima	2	2
647	489	\N	f	 Picanto 	2	2
648	489	\N	f	Pregio	2	2
649	489	\N	f	Pride 	2	2
650	489	\N	f	Pro cee'd 	2	2
651	489	\N	f	Retona 	2	2
652	489	\N	f	Rio 	2	2
653	489	\N	f	Roadster 	2	2
654	489	\N	f	Rocsta 	2	2
655	489	\N	f	Sephia 	2	2
656	489	\N	f	Shuma 	2	2
657	489	\N	f	Sorento 	2	2
658	489	\N	f	Soul\t	2	2
659	489	\N	f	Sportage 	2	2
660	489	\N	f	Venga 	2	2
661	489	\N	f	Прочие 	2	2
662	491	\N	f	Aventador 	2	2
663	491	\N	f	Countach 	2	2
664	491	\N	f	Diablo 	2	2
665	491	\N	f	Espada 	2	2
666	491	\N	f	Gallardo 	2	2
667	491	\N	f	Jalpa	2	2
668	491	\N	f	LM 	2	2
669	491	\N	f	Miura 	2	2
670	491	\N	f	Murciélago 	2	2
671	491	\N	f	Urraco 	2	2
672	491	\N	f	Прочие	2	2
673	492	\N	f	Defender 	2	2
674	492	\N	f	Discovery 	2	2
675	492	\N	f	Freelander	2	2
676	492	\N	f	 Range Rover 	2	2
677	492	\N	f	Range Rover Evoque	2	2
678	492	\N	f	Range Rover Sport 	2	2
679	492	\N	f	Serie I 	2	2
680	492	\N	f	Serie II 	2	2
681	492	\N	f	Serie III 	2	2
682	492	\N	f	Прочие 	2	2
683	493	\N	f	CT 200h	2	2
684	493	\N	t	ES Series 	2	2
685	493	684	f	ES 300         	2	2
686	493	684	f	ES 330        	2	2
687	493	684	f	 ES 350	2	2
688	493	\N	t	GS Series 	2	2
689	493	688	f	GS 250         	2	2
690	493	688	f	GS 300         	2	2
691	493	688	f	GS 350         	2	2
692	493	688	f	GS 430         	2	2
693	493	688	f	GS 450        	2	2
695	493	688	f	 GS 460	2	2
699	493	\N	t	IS Series 	2	2
700	493	699	f	IS 200        	2	2
701	493	699	f	 IS 220         	2	2
702	493	699	f	IS 250        	2	2
703	493	699	f	IS 300       	2	2
704	493	699	f	 IS 350        	2	2
705	493	699	f	 IS-F	2	2
706	493	\N	t	LS Series 	2	2
707	493	706	f	LS 400         	2	2
708	493	706	f	LS 430         	2	2
709	493	706	f	LS 460         	2	2
710	493	706	f	LS 600       	2	2
711	493	\N	t	LX Series 	2	2
712	493	711	f	LX 470         	2	2
713	493	711	f	LX 570	2	2
714	493	\N	t	RX Series 	2	2
715	493	714	f	RX 300        	2	2
716	493	714	f	 RX 330        	2	2
717	493	714	f	 RX 350         	2	2
718	493	714	f	RX 400         	2	2
719	493	714	f	RX 450	2	2
720	493	\N	f	SC 400 	2	2
721	493	\N	f	SC 430 	2	2
722	493	\N	f	Прочие	2	2
723	494	\N	f	Aviator 	2	2
724	494	\N	f	Continental	2	2
725	494	\N	f	 LS 	2	2
726	494	\N	f	Mark	2	2
727	494	\N	f	Navigator 	2	2
728	494	\N	f	Town Car 	2	2
729	494	\N	f	Прочие	2	2
730	495	\N	f	Bolero 	2	2
731	495	\N	f	CJ 	2	2
732	495	\N	f	GOA 	2	2
733	495	\N	f	Jeep 	2	2
734	495	\N	f	Reva 	2	2
735	495	\N	f	Прочие	2	2
736	493	\N	f	GX 460	2	2
737	493	\N	f	GX 470	2	2
738	496	\N	f	224 	2	2
739	496	\N	f	228 	2	2
740	496	\N	f	3200 	2	2
741	496	\N	f	418 	2	2
742	496	\N	f	420	2	2
743	496	\N	f	4200 	2	2
744	496	\N	f	422	2	2
745	496	\N	f	 424 	2	2
746	496	\N	f	430 	2	2
747	496	\N	f	Biturbo 	2	2
748	496	\N	f	Ghibli	2	2
749	496	\N	f	GranCabrio 	2	2
750	496	\N	f	Gransport 	2	2
751	496	\N	f	Granturismo 	2	2
752	496	\N	f	Indy 	2	2
753	496	\N	f	Karif 	2	2
754	496	\N	f	MC12 	2	2
755	496	\N	f	Merak	2	2
756	496	\N	f	Quattroporte 	2	2
757	496	\N	f	Shamal 	2	2
758	496	\N	f	Spyder 	2	2
759	496	\N	f	Прочие	2	2
760	496	\N	f	222	2	2
761	497	\N	f	57	2	2
762	497	\N	f	62	2	2
763	497	\N	f	Прочие	2	2
764	498	\N	f	121 	2	2
765	498	\N	f	2 	2	2
766	498	\N	f	3 	2	2
767	498	\N	f	5 	2	2
768	498	\N	f	6 	2	2
769	498	\N	f	323 	2	2
770	498	\N	f	626 	2	2
771	498	\N	f	929 	2	2
772	498	\N	f	B series 	2	2
773	498	\N	f	Bongo 	2	2
774	498	\N	f	BT-50	2	2
775	498	\N	f	CX-5 	2	2
776	498	\N	f	CX-7 	2	2
777	498	\N	f	CX-9 	2	2
779	498	\N	f	E series 	2	2
780	498	\N	f	Mazda2 	2	2
778	498	\N	f	Demio 	2	2
781	498	\N	f	Mazda3 	2	2
782	498	\N	f	Mazda5 	2	2
783	498	\N	f	Mazda6 	2	2
784	498	\N	f	Millenia 	2	2
785	498	\N	f	MPV	2	2
786	498	\N	f	MX-3 	2	2
787	498	\N	f	MX-5 	2	2
788	498	\N	f	MX-6 	2	2
789	498	\N	f	Premacy 	2	2
790	498	\N	f	Protege 	2	2
791	498	\N	f	RX-6 	2	2
792	498	\N	f	RX-7 	2	2
793	498	\N	f	RX-8 	2	2
794	498	\N	f	Tribute 	2	2
795	498	\N	f	Xedos 	2	2
796	498	\N	f	Прочие 	2	2
797	499	\N	f	190  	2	2
798	499	\N	f	200  	2	2
799	499	\N	f	220  	2	2
800	499	\N	f	230  	2	2
801	499	\N	f	240  	2	2
802	499	\N	f	250  	2	2
803	499	\N	f	260 	2	2
804	499	\N	f	 270  	2	2
805	499	\N	f	280 	2	2
806	499	\N	f	 290  	2	2
807	499	\N	f	300  	2	2
808	499	\N	f	320  	2	2
809	499	\N	f	350  	2	2
810	499	\N	f	380  	2	2
811	499	\N	f	400 	2	2
812	499	\N	f	 416  	2	2
813	499	\N	f	420  	2	2
814	499	\N	f	450  	2	2
815	499	\N	f	500 	2	2
816	499	\N	f	 560  	2	2
817	499	\N	f	600 	2	2
818	499	\N	t	A-Klasse 	2	2
819	499	818	f	A 140    	2	2
820	499	818	f	A 150    	2	2
821	499	818	f	A 160    	2	2
822	499	818	f	A 170    	2	2
823	499	818	f	A 180    	2	2
824	499	818	f	A 190    	2	2
825	499	818	f	A 200    	2	2
826	499	818	f	A 210    	2	2
827	499	818	f	A 220    	2	2
828	499	818	f	A 250 	2	2
829	499	\N	t	B-Klasse  	2	2
830	499	829	f	B 150    	2	2
831	499	829	f	B 160    	2	2
832	499	829	f	B 170    	2	2
833	499	829	f	B 180    	2	2
834	499	829	f	B 200    	2	2
835	499	829	f	B 220    	2	2
836	499	829	f	B 250 	2	2
837	499	\N	t	C-Klasse 	2	2
838	499	837	f	C 160    	2	2
839	499	837	f	C 180   	2	2
840	499	837	f	C 200    	2	2
841	499	837	f	C 220    	2	2
842	499	837	f	C 230    	2	2
843	499	837	f	C 240   	2	2
844	499	837	f	 C 250    	2	2
845	499	837	f	C 270    	2	2
846	499	837	f	C 280    	2	2
847	499	837	f	C 30 AMG    	2	2
848	499	837	f	C 300 	2	2
849	499	837	f	C 32 AMG    	2	2
850	499	837	f	C 320    	2	2
851	499	837	f	C 350    	2	2
852	499	837	f	C 36 AMG    	2	2
853	499	837	f	C 43 AMG    	2	2
854	499	837	f	C 55 AMG    	2	2
855	499	837	f	C 63 AMG 	2	2
856	499	\N	t	CE-Klasse 	2	2
857	499	856	f	CE 200    	2	2
858	499	856	f	CE 220    	2	2
859	499	856	f	CE 230   	2	2
860	499	856	f	 CE 280    	2	2
861	499	856	f	CE 300 	2	2
862	499	\N	f	Citan 	2	2
863	499	\N	t	CL-Klasse 	2	2
864	499	863	f	CL 160    	2	2
865	499	863	f	CL 180    	2	2
866	499	863	f	CL 200    	2	2
867	499	863	f	CL 220    	2	2
868	499	863	f	CL 230   	2	2
869	499	863	f	 CL 320    	2	2
870	499	863	f	CL 420    	2	2
871	499	863	f	CL 500    	2	2
872	499	863	f	CL 55 AMG    	2	2
873	499	863	f	CL 600   	2	2
874	499	863	f	 CL 63 AMG    	2	2
875	499	863	f	CL 65 AMG 	2	2
876	499	\N	t	CLA-Klasse 	2	2
877	499	876	f	CLA 180    	2	2
878	499	876	f	CLA 200    	2	2
879	499	876	f	CLA 220    	2	2
880	499	876	f	CLA 250 	2	2
881	499	\N	t	CLC-Klasse 	2	2
882	499	881	f	CLC 160    	2	2
883	499	881	f	CLC 180    	2	2
884	499	881	f	CLC 200    	2	2
885	499	881	f	CLC 220    	2	2
886	499	881	f	CLC 230    	2	2
887	499	881	f	CLC 250    	2	2
888	499	881	f	CLC 350 	2	2
889	499	\N	t	CLK-Klasse 	2	2
890	499	889	f	CLK 200   	2	2
891	499	889	f	 CLK 220    	2	2
892	499	889	f	CLK 230    	2	2
893	499	889	f	CLK 240    	2	2
894	499	889	f	CLK 270    	2	2
895	499	889	f	CLK 280    	2	2
896	499	889	f	CLK 320   	2	2
897	499	889	f	 CLK 350    	2	2
898	499	889	f	CLK 430    	2	2
899	499	889	f	CLK 500    	2	2
900	499	889	f	CLK 55 AMG    	2	2
901	499	889	f	CLK 63 AMG 	2	2
902	499	\N	t	CLS-Klasse 	2	2
903	499	902	f	CLS 250    	2	2
904	499	902	f	CLS 280   	2	2
905	499	902	f	 CLS 300    	2	2
906	499	902	f	CLS 320    	2	2
907	499	902	f	CLS 350    	2	2
908	499	902	f	CLS 500    	2	2
909	499	902	f	CLS 55 AMG    	2	2
910	499	902	f	CLS 63 AMG 	2	2
911	499	\N	t	E-Klasse 	2	2
912	499	911	f	E 200    	2	2
913	499	911	f	E 220    	2	2
914	499	911	f	E 230    	2	2
915	499	911	f	E 240    	2	2
916	499	911	f	E 250    	2	2
917	499	911	f	E 260    	2	2
918	499	911	f	E 270    	2	2
919	499	911	f	E 280    	2	2
920	499	911	f	E 290    	2	2
921	499	911	f	E 300    	2	2
922	499	911	f	E 320    	2	2
923	499	911	f	E 350 	2	2
924	499	911	f	E 36 AMG    	2	2
925	499	911	f	E 400    	2	2
926	499	911	f	E 420    	2	2
927	499	911	f	E 430    	2	2
928	499	911	f	E 50    	2	2
929	499	911	f	E 500   	2	2
930	499	911	f	 E 55 AMG    	2	2
931	499	911	f	E 60 AMG    	2	2
932	499	911	f	E 63 AMG 	2	2
933	499	\N	t	G-Klasse 	2	2
934	499	933	f	G 230    	2	2
935	499	933	f	G 240    	2	2
936	499	933	f	G 250    	2	2
937	499	933	f	G 270    	2	2
938	499	933	f	G 280    	2	2
939	499	933	f	G 290    	2	2
940	499	933	f	G 300    	2	2
941	499	933	f	G 320    	2	2
942	499	933	f	G 350    	2	2
943	499	933	f	G 400   	2	2
944	499	933	f	 G 500    	2	2
945	499	933	f	G 55 AMG    	2	2
946	499	933	f	G 63 AMG    	2	2
947	499	933	f	G 65 AMG 	2	2
948	499	\N	t	GL-Klasse 	2	2
949	499	948	f	GL 320    	2	2
950	499	948	f	GL 350    	2	2
951	499	948	f	GL 420    	2	2
952	499	948	f	GL 450    	2	2
953	499	948	f	GL 500    	2	2
954	499	948	f	GL 55 AMG    	2	2
955	499	948	f	GL 63 AMG 	2	2
956	499	\N	t	GLK-Klasse 	2	2
957	499	956	f	GLK 200    	2	2
958	499	956	f	GLK 220    	2	2
959	499	956	f	GLK 250    	2	2
960	499	956	f	GLK 280    	2	2
961	499	956	f	GLK 300    	2	2
962	499	956	f	GLK 320    	2	2
963	499	956	f	GLK 350 	2	2
964	499	\N	f	MB 100 	2	2
965	499	\N	t	ML-Klasse 	2	2
966	499	965	f	ML 230    	2	2
967	499	965	f	ML 250    	2	2
968	499	965	f	ML 270    	2	2
969	499	965	f	ML 280    	2	2
970	499	965	f	ML 300   	2	2
971	499	965	f	 ML 320    	2	2
972	499	965	f	ML 350    	2	2
973	499	965	f	ML 400    	2	2
974	499	965	f	ML 420    	2	2
975	499	965	f	ML 430    	2	2
976	499	965	f	ML 450    	2	2
977	499	965	f	ML 500    	2	2
978	499	965	f	ML 55 AMG   	2	2
979	499	965	f	 ML 63 AMG 	2	2
980	499	\N	t	R-Klasse 	2	2
981	499	980	f	R 280    	2	2
982	499	980	f	R 300    	2	2
983	499	980	f	R 320   	2	2
984	499	980	f	 R 350    	2	2
985	499	980	f	R 500    	2	2
986	499	980	f	R 63 AMG 	2	2
987	499	\N	t	S-Klasse 	2	2
988	499	987	f	  S 250    	2	2
989	499	987	f	S 260    	2	2
990	499	987	f	S 280    	2	2
991	499	987	f	S 300    	2	2
992	499	987	f	S 320    	2	2
993	499	987	f	S 350    	2	2
994	499	987	f	S 400    	2	2
995	499	987	f	S 420    	2	2
996	499	987	f	S 430    	2	2
997	499	987	f	S 450    	2	2
998	499	987	f	S 500    	2	2
999	499	987	f	S 55    	2	2
1000	499	987	f	S 550    	2	2
1001	499	987	f	S 600    	2	2
1002	499	987	f	S 63 AMG   	2	2
1003	499	987	f	 S 65 AMG 	2	2
1004	499	\N	t	SL-Klasse 	2	2
1005	499	1004	f	SL 280    	2	2
1006	499	1004	f	SL 300    	2	2
1007	499	1004	f	SL 320    	2	2
1008	499	1004	f	SL 350    	2	2
1009	499	1004	f	SL 380    	2	2
1010	499	1004	f	SL 420    	2	2
1011	499	1004	f	SL 450    	2	2
1012	499	1004	f	SL 500    	2	2
1013	499	1004	f	SL 55 AMG    	2	2
1014	499	1004	f	SL 560 	2	2
1015	499	1004	f	SL 60 AMG    	2	2
1016	499	1004	f	SL 600    	2	2
1017	499	1004	f	SL 63 AMG    	2	2
1018	499	1004	f	SL 65 AMG    	2	2
1019	499	1004	f	SL 70 AMG    	2	2
1020	499	1004	f	SL 73 AMG 	2	2
1021	499	\N	t	SLK-Klasse 	2	2
1022	499	1021	f	SLK 200    	2	2
1023	499	1021	f	SLK 230    	2	2
1024	499	1021	f	SLK 250    	2	2
1025	499	1021	f	SLK 280    	2	2
1026	499	1021	f	SLK 300    	2	2
1027	499	1021	f	SLK 32 AMG    	2	2
1028	499	1021	f	SLK 320    	2	2
1029	499	1021	f	SLK 350    	2	2
1030	499	1021	f	SLK 55 AMG 	2	2
1031	499	\N	f	SLR  	2	2
1032	499	\N	f	SLS AMG  	2	2
1033	499	\N	f	Sprinter 	2	2
1034	499	\N	t	V-Klasse 	2	2
1035	499	1034	f	V 200   	2	2
1036	499	1034	f	 V 220    	2	2
1037	499	1034	f	V 230    	2	2
1038	499	1034	f	V 280 	2	2
1039	499	\N	f	Vaneo  	2	2
1040	499	\N	f	Vario  	2	2
1041	499	\N	f	Viano  	2	2
1042	499	\N	f	Vito  	2	2
1043	499	\N	f	Прочие	2	2
1044	500	\N	f	MGA 	2	2
1045	500	\N	f	MGB 	2	2
1046	500	\N	f	MGF 	2	2
1047	500	\N	f	Midget 	2	2
1048	500	\N	f	Montego	2	2
1049	500	\N	f	TD 	2	2
1050	500	\N	f	TF 	2	2
1051	500	\N	f	ZR 	2	2
1052	500	\N	f	ZS 	2	2
1053	500	\N	f	ZT 	2	2
1054	500	\N	f	Прочие	2	2
1056	501	\N	f	1000 	2	2
1057	501	\N	f	1300 	2	2
1058	501	\N	f	Clubman 	2	2
1059	501	\N	f	Cooper 	2	2
1060	501	\N	f	Cooper S	2	2
1061	501	\N	f	Cooper SD 	2	2
1062	501	\N	f	Countryman 	2	2
1063	501	\N	f	John Cooper Works 	2	2
1064	501	\N	f	ONE 	2	2
1065	501	\N	f	Прочие	2	2
1066	502	\N	f	3000 GT 	2	2
1067	502	\N	f	ASX 	2	2
1068	502	\N	f	Canter 	2	2
1069	502	\N	f	Carisma 	2	2
1070	502	\N	f	Colt 	2	2
1071	502	\N	f	Cordia 	2	2
1072	502	\N	f	Cosmos 	2	2
1073	502	\N	f	Diamante 	2	2
1074	502	\N	f	Eclipse	2	2
1075	502	\N	f	Galant 	2	2
1076	502	\N	f	Galloper 	2	2
1077	502	\N	f	Grandis	2	2
1078	502	\N	f	 i-MiEV 	2	2
1079	502	\N	f	L200 	2	2
1080	502	\N	f	L300 	2	2
1081	502	\N	f	L400 	2	2
1082	502	\N	f	Lancer 	2	2
1083	502	\N	f	Montero	2	2
1084	502	\N	f	Outlander 	2	2
1085	502	\N	f	Pajero 	2	2
1086	502	\N	f	Pajero Pinin 	2	2
1087	502	\N	f	Pick-up 	2	2
1088	502	\N	f	Santamo 	2	2
1089	502	\N	f	Sapporo 	2	2
1090	502	\N	f	Sigma 	2	2
1091	502	\N	f	Space Gear 	2	2
1092	502	\N	f	Space Runner	2	2
1093	502	\N	f	Space Star 	2	2
1094	502	\N	f	Space Wagon 	2	2
1095	502	\N	f	Starion 	2	2
1096	502	\N	f	Tredia 	2	2
1097	502	\N	f	Прочие	2	2
1098	503	\N	f	100 NX 	2	2
1099	503	\N	f	200 SX 	2	2
1100	503	\N	f	240 SX 	2	2
1101	503	\N	f	280 ZX	2	2
1102	503	\N	f	 300 ZX 	2	2
1103	503	\N	f	350Z 	2	2
1104	503	\N	f	370Z 	2	2
1105	503	\N	f	Almera 	2	2
1106	503	\N	f	Almera Tino 	2	2
1107	503	\N	f	Altima	2	2
1108	503	\N	f	 Armada 	2	2
1109	503	\N	f	Bluebird 	2	2
1110	503	\N	f	Cabstar 	2	2
1111	503	\N	f	Cargo 	2	2
1112	503	\N	f	Cherry	2	2
1113	503	\N	f	Cube 	2	2
1114	503	\N	f	Frontier 	2	2
1115	503	\N	f	GT-R 	2	2
1116	503	\N	f	Interstar 	2	2
1117	503	\N	f	Juke	2	2
1118	503	\N	f	 King Cab	2	2
1119	503	\N	f	 Kubistar 	2	2
1120	503	\N	f	Laurel 	2	2
1121	503	\N	f	Leaf 	2	2
1122	503	\N	f	Maxima 	2	2
1123	503	\N	f	Micra 	2	2
1124	503	\N	f	Murano 	2	2
1125	503	\N	f	Navara 	2	2
1126	503	\N	f	Note 	2	2
1127	503	\N	f	NP 300	2	2
1128	503	\N	f	NV200 	2	2
1129	503	\N	f	Pathfinder 	2	2
1130	503	\N	f	Patrol 	2	2
1131	503	\N	f	PickUp 	2	2
1132	503	\N	f	Pixo 	2	2
1133	503	\N	f	Prairie 	2	2
1134	503	\N	f	Primastar 	2	2
1135	503	\N	f	Primera 	2	2
1136	503	\N	f	Qashqai 	2	2
1137	503	\N	f	Qashqai+2 	2	2
1138	503	\N	f	Quest 	2	2
1139	503	\N	f	Sentra 	2	2
1140	503	\N	f	Serena 	2	2
1141	503	\N	f	Silvia 	2	2
1142	503	\N	f	Skyline	2	2
1143	503	\N	f	Sunny 	2	2
1144	503	\N	f	Terrano 	2	2
1145	503	\N	f	Tiida 	2	2
1146	503	\N	f	Titan 	2	2
1147	503	\N	f	Trade	2	2
1148	503	\N	f	 Urvan 	2	2
1149	503	\N	f	Vanette 	2	2
1150	503	\N	f	X-Trail 	2	2
1151	503	\N	f	Прочие 	2	2
1152	504	\N	f	Agila 	2	2
1153	504	\N	f	Ampera 	2	2
1154	504	\N	f	Antara 	2	2
1155	504	\N	f	Arena 	2	2
1156	504	\N	f	Ascona 	2	2
1157	504	\N	f	Astra 	2	2
1158	504	\N	f	Calibra 	2	2
1159	504	\N	f	Campo 	2	2
1160	504	\N	f	Cavalier 	2	2
1161	504	\N	f	Combo	2	2
1162	504	\N	f	Commodore 	2	2
1163	504	\N	f	Corsa 	2	2
1164	504	\N	f	Diplomat 	2	2
1165	504	\N	f	Frontera 	2	2
1166	504	\N	f	GT 	2	2
1167	504	\N	f	Insignia 	2	2
1168	504	\N	f	Kadett 	2	2
1169	504	\N	f	Manta 	2	2
1170	504	\N	f	Meriva 	2	2
1171	504	\N	f	Monterey	2	2
1172	504	\N	f	Monza 	2	2
1173	504	\N	f	Movano 	2	2
1174	504	\N	f	Nova 	2	2
1175	504	\N	f	Omega 	2	2
1176	504	\N	f	Pick Up Sportscap 	2	2
1177	504	\N	f	Rekord 	2	2
1178	504	\N	f	Senator 	2	2
1179	504	\N	f	Signum 	2	2
1180	504	\N	f	Sintra 	2	2
1181	504	\N	f	Speedster	2	2
1182	504	\N	f	Tigra 	2	2
1183	504	\N	f	Vectra	2	2
1184	504	\N	f	 Vivaro 	2	2
1185	504	\N	f	Zafira 	2	2
1186	504	\N	f	Zafira Tourer 	2	2
1187	504	\N	f	Прочие 	2	2
1188	505	\N	f	1007 	2	2
1189	505	\N	f	104 	2	2
1190	505	\N	f	106 	2	2
1191	505	\N	f	107 	2	2
1192	505	\N	f	204 	2	2
1193	505	\N	f	205 	2	2
1194	505	\N	f	206 	2	2
1195	505	\N	f	207 	2	2
1196	505	\N	f	208 	2	2
1197	505	\N	f	3008 	2	2
1198	505	\N	f	304 	2	2
1199	505	\N	f	305 	2	2
1200	505	\N	f	306 	2	2
1201	505	\N	f	307 	2	2
1202	505	\N	f	308	2	2
1203	505	\N	f	309 	2	2
1204	505	\N	f	4007 	2	2
1205	505	\N	f	4008 	2	2
1206	505	\N	f	404 	2	2
1207	505	\N	f	405 	2	2
1208	505	\N	f	406 	2	2
1209	505	\N	f	407	2	2
1210	505	\N	f	 5008 	2	2
1211	505	\N	f	504 	2	2
1212	505	\N	f	505 	2	2
1213	505	\N	f	508 	2	2
1214	505	\N	f	604 	2	2
1215	505	\N	f	605 	2	2
1216	505	\N	f	607 	2	2
1217	505	\N	f	806	2	2
1218	505	\N	f	807 	2	2
1219	505	\N	f	Bipper 	2	2
1220	505	\N	f	Bipper Tepee 	2	2
1221	505	\N	f	Boxer 	2	2
1222	505	\N	f	Expert 	2	2
1223	505	\N	f	Expert Tepee	2	2
1224	505	\N	f	 iOn 	2	2
1225	505	\N	f	J5 	2	2
1226	505	\N	f	Partner 	2	2
1227	505	\N	f	Partner Tepee 	2	2
1230	505	\N	f	Прочие 	2	2
1231	505	\N	f	TePee	2	2
1228	505	\N	f	RCZ 	2	2
1232	506	\N	f	6000 	2	2
1233	506	\N	f	Bonneville 	2	2
1234	506	\N	f	Fiero 	2	2
1235	506	\N	f	Firebird 	2	2
1236	506	\N	f	G6 	2	2
1237	506	\N	f	Grand-Am	2	2
1238	506	\N	f	Grand-Prix 	2	2
1239	506	\N	f	GTO 	2	2
1240	506	\N	f	Montana 	2	2
1241	506	\N	f	Solstice 	2	2
1242	506	\N	f	Sunbird 	2	2
1243	506	\N	f	Sunfire	2	2
1244	506	\N	f	Targa 	2	2
1245	506	\N	f	Trans Am 	2	2
1246	506	\N	f	Trans Sport 	2	2
1247	506	\N	f	Vibe 	2	2
1248	506	\N	f	Прочие	2	2
1249	507	\N	f	356	2	2
1250	507	\N	t	911 	2	2
1251	507	\N	f	912 	2	2
1252	507	\N	f	914 	2	2
1253	507	\N	f	924	2	2
1254	507	\N	f	928 	2	2
1255	507	\N	f	944 	2	2
1256	507	\N	f	959 	2	2
1257	507	\N	f	962 	2	2
1258	507	\N	f	968 	2	2
1259	507	\N	f	Boxster	2	2
1260	507	1250	f	911	2	2
1261	507	1250	f	930	2	2
1262	507	1250	f	964	2	2
1263	507	1250	f	991	2	2
1264	507	1250	f	993	2	2
1265	507	1250	f	996	2	2
1266	507	1250	f	997	2	2
1267	507	\N	f	Carrera GT 	2	2
1268	507	\N	f	Cayenne 	2	2
1269	507	\N	f	Cayman 	2	2
1270	507	\N	f	Panamera 	2	2
1271	507	\N	f	Прочие	2	2
1272	508	\N	f	300 series 	2	2
1273	508	\N	f	400 series 	2	2
1275	508	\N	f	Прочие	2	2
1276	509	\N	f	Alpine A110 	2	2
1277	509	\N	f	Alpine A310 	2	2
1278	509	\N	f	Alpine V6 	2	2
1279	509	\N	f	Avantime 	2	2
1280	509	\N	f	Clio 	2	2
1281	509	\N	f	Coupe 	2	2
1282	509	\N	f	Espace 	2	2
1283	509	\N	f	Express 	2	2
1284	509	\N	f	Fluence 	2	2
1285	509	\N	f	Fuego 	2	2
1286	509	\N	f	Grand Espace 	2	2
1287	509	\N	f	Grand Modus	2	2
1288	509	\N	f	Grand Scenic 	2	2
1289	509	\N	f	Kangoo 	2	2
1290	509	\N	f	Koleos	2	2
1291	509	\N	f	 Laguna 	2	2
1292	509	\N	f	Latitude 	2	2
1293	509	\N	f	Mascott 	2	2
1294	509	\N	f	Master 	2	2
1295	509	\N	f	Megane 	2	2
1296	509	\N	f	Modus 	2	2
1297	509	\N	f	P 1400 	2	2
1298	509	\N	f	R 11 	2	2
1299	509	\N	f	R 14	2	2
1300	509	\N	f	R 18 	2	2
1301	509	\N	f	R 19 	2	2
1302	509	\N	f	R 20 	2	2
1303	509	\N	f	R 21 	2	2
1304	509	\N	f	R 25 	2	2
1305	509	\N	f	R 30 	2	2
1306	509	\N	f	R 4 	2	2
1307	509	\N	f	R 5 	2	2
1308	509	\N	f	R 6 	2	2
1309	509	\N	f	R 9 	2	2
1310	509	\N	f	Rapid 	2	2
1311	509	\N	f	Safrane	2	2
1312	509	\N	f	Scenic 	2	2
1313	509	\N	f	Spider 	2	2
1314	509	\N	f	Trafic 	2	2
1315	509	\N	f	Twingo 	2	2
1316	509	\N	f	Twizy 	2	2
1317	509	\N	f	Vel Satis 	2	2
1318	509	\N	f	Wind 	2	2
1319	509	\N	f	ZOE 	2	2
1320	509	\N	f	Прочие 	2	2
1321	510	\N	f	Corniche 	2	2
1322	510	\N	f	Flying Spur 	2	2
1323	510	\N	f	Ghost 	2	2
1324	510	\N	f	Park Ward 	2	2
1325	510	\N	f	Phantom 	2	2
1326	510	\N	f	Silver Cloud	2	2
1327	510	\N	f	Silver Dawn 	2	2
1328	510	\N	f	Silver Seraph 	2	2
1329	510	\N	f	Silver Shadow 	2	2
1330	510	\N	f	Silver Spirit 	2	2
1331	510	\N	f	Silver Spur	2	2
1332	510	\N	f	 Прочие	2	2
1333	511	\N	f	100 	2	2
1334	511	\N	f	111 	2	2
1335	511	\N	f	114 	2	2
1336	511	\N	f	115 	2	2
1337	511	\N	f	200 	2	2
1338	511	\N	f	213 	2	2
1339	511	\N	f	214 	2	2
1340	511	\N	f	216 	2	2
1341	511	\N	f	218 	2	2
1342	511	\N	f	220	2	2
1343	511	\N	f	25 	2	2
1344	511	\N	f	400 	2	2
1345	511	\N	f	414 	2	2
1346	511	\N	f	416 	2	2
1347	511	\N	f	418 	2	2
1348	511	\N	f	420 	2	2
1349	511	\N	f	45 	2	2
1350	511	\N	f	600 	2	2
1351	511	\N	f	618 	2	2
1352	511	\N	f	620	2	2
1353	511	\N	f	623 	2	2
1354	511	\N	f	75 	2	2
1355	511	\N	f	800 	2	2
1356	511	\N	f	820 	2	2
1357	511	\N	f	825 	2	2
1358	511	\N	f	827 	2	2
1359	511	\N	f	City Rover 	2	2
1360	511	\N	f	Metro 	2	2
1361	511	\N	f	Montego 	2	2
1362	511	\N	f	SD	2	2
1363	511	\N	f	Streetwise 	2	2
1364	511	\N	f	Прочие 	2	2
1365	24	\N	f	dfds	2	2
1368	25	\N	f	Sd	16	16
1369	87	\N	f	Sda	16	16
1374	25	\N	f	235	2	2
1375	88	\N	f	Kam	2	2
1376	25	\N	f	500	2	2
1377	97	\N	f	truck	6	6
1378	154	\N	f	1255	6	6
1379	79	\N	f	Sad	5	5
1380	66	\N	f	12	5	5
1381	26	\N	f	123	2	2
1382	90	\N	f	RTE	2	2
1383	90	\N	f	TRE	2	2
1384	163	\N	f	2356	2	2
1385	165	\N	f	56	2	2
1386	278	\N	f	AA	2	2
1387	279	\N	f	BB	2	2
1388	88	\N	f	QWE	2	2
1389	283	\N	f	32v	2	2
1390	278	\N	f	32watt	2	2
1391	512	\N	f	9-3 	2	2
1392	512	\N	f	9-4X 	2	2
1393	512	\N	f	9-5 	2	2
1394	512	\N	f	9-7X 	2	2
1395	512	\N	f	90	2	2
1396	512	\N	f	900 	2	2
1397	512	\N	f	9000 	2	2
1398	512	\N	f	96 	2	2
1399	512	\N	f	99 	2	2
1400	512	\N	f	Прочие	2	2
1401	513	\N	f	Alhambra 	2	2
1402	513	\N	f	Altea 	2	2
1403	513	\N	f	Arosa 	2	2
1404	513	\N	f	Cordoba	2	2
1405	513	\N	f	Exeo 	2	2
1406	513	\N	f	Ibiza 	2	2
1407	513	\N	f	Inca 	2	2
1408	513	\N	f	Leon	2	2
1409	513	\N	f	Malaga 	2	2
1410	513	\N	f	Marbella 	2	2
1411	513	\N	f	Mii 	2	2
1412	513	\N	f	Terra	2	2
1413	513	\N	f	Toledo 	2	2
1414	513	\N	f	Прочие	2	2
1415	514	\N	f	105 	2	2
1416	514	\N	f	120 	2	2
1417	514	\N	f	130 	2	2
1418	514	\N	f	135 	2	2
1419	514	\N	f	Citigo 	2	2
1420	514	\N	f	Fabia	2	2
1421	514	\N	f	Favorit 	2	2
1422	514	\N	f	Felicia 	2	2
1423	514	\N	f	Forman 	2	2
1424	514	\N	f	Octavia 	2	2
1425	514	\N	f	Pick-up 	2	2
1426	514	\N	f	Praktik	2	2
1427	514	\N	f	Roomster 	2	2
1428	514	\N	f	Superb 	2	2
1429	514	\N	f	Yeti 	2	2
1430	514	\N	f	Прочие	2	2
1431	515	\N	f	Crossblade 	2	2
1432	515	\N	f	ForFour 	2	2
1433	515	\N	f	ForTwo 	2	2
1434	515	\N	f	Roadster 	2	2
1436	515	\N	f	Прочие	2	2
1437	516	\N	f	Actyon 	2	2
1438	516	\N	f	Family 	2	2
1439	516	\N	f	Korando 	2	2
1440	516	\N	f	Kyron	2	2
1441	516	\N	f	MUSSO 	2	2
1442	516	\N	f	REXTON 	2	2
1443	516	\N	f	Rodius 	2	2
1444	516	\N	f	Прочие	2	2
1447	517	\N	f	Baja 	2	2
1448	517	\N	f	BRZ 	2	2
1449	517	\N	f	Forester 	2	2
1450	517	\N	f	Impreza 	2	2
1451	517	\N	f	Justy	2	2
1452	517	\N	f	Legacy 	2	2
1453	517	\N	f	Прочие	2	2
1454	517	\N	f	Libero 	2	2
1455	517	\N	f	OUTBACK 	2	2
1456	517	\N	f	SVX 	2	2
1457	517	\N	f	Trezia 	2	2
1458	517	\N	f	Tribeca	2	2
1459	517	\N	f	Vivio 	2	2
1460	517	\N	f	XT 	2	2
1461	517	\N	f	XV	2	2
1445	517	\N	f	B9 Tribeca	2	2
1462	518	\N	f	Alto 	2	2
1463	518	\N	f	Baleno 	2	2
1464	518	\N	f	Cappuccino 	2	2
1465	518	\N	f	Carry 	2	2
1466	518	\N	f	Grand Vitara 	2	2
1467	518	\N	f	Ignis 	2	2
1468	518	\N	f	Jimny	2	2
1469	518	\N	f	Kizashi 	2	2
1470	518	\N	f	Liana 	2	2
1471	518	\N	f	LJ 	2	2
1472	518	\N	f	SJ Samurai 	2	2
1473	518	\N	f	Splash 	2	2
1474	518	\N	f	Super-Carry 	2	2
1475	518	\N	f	Swift	2	2
1476	518	\N	f	SX4 	2	2
1477	518	\N	f	Vitara 	2	2
1478	518	\N	f	Wagon R+ 	2	2
1479	518	\N	f	X-90 	2	2
1480	518	\N	f	Прочие 	2	2
1481	519	\N	f	Indica 	2	2
1482	519	\N	f	Indigo 	2	2
1483	519	\N	f	Nano 	2	2
1484	519	\N	f	Safari 	2	2
1485	519	\N	f	Sumo	2	2
1486	519	\N	f	Telcoline 	2	2
1487	519	\N	f	Telcosport 	2	2
1488	519	\N	f	Xenon 	2	2
1489	519	\N	f	Прочие	2	2
1490	520	\N	f	4-Runner 	2	2
1491	520	\N	f	Auris 	2	2
1492	520	\N	f	Avalon 	2	2
1493	520	\N	f	Avensis 	2	2
1494	520	\N	f	Avensis Verso 	2	2
1495	520	\N	f	Aygo 	2	2
1496	520	\N	f	Camry 	2	2
1497	520	\N	f	Carina 	2	2
1498	520	\N	f	Celica 	2	2
1499	520	\N	f	Corolla 	2	2
1500	520	\N	f	Corolla Verso 	2	2
1501	520	\N	f	Cressida 	2	2
1502	520	\N	f	Crown 	2	2
1503	520	\N	f	Dyna	2	2
1504	520	\N	f	FJ 	2	2
1505	520	\N	f	GT86 	2	2
1506	520	\N	f	Hiace 	2	2
1507	520	\N	f	Highlander 	2	2
1508	520	\N	f	Hilux 	2	2
1509	520	\N	f	IQ 	2	2
1510	520	\N	f	Land Cruiser 	2	2
1511	520	\N	f	Lite-Ace 	2	2
1512	520	\N	f	MR 2 	2	2
1513	520	\N	f	Paseo 	2	2
1514	520	\N	f	Picnic 	2	2
1515	520	\N	f	Previa 	2	2
1516	520	\N	f	RAV 4	2	2
1517	520	\N	f	Prius 	2	2
1518	520	\N	f	Sequoia 	2	2
1519	520	\N	f	Sienna 	2	2
1520	520	\N	f	Starlet 	2	2
1521	520	\N	f	Supra 	2	2
1522	520	\N	f	Tacoma 	2	2
1523	520	\N	f	Tercel 	2	2
1524	520	\N	f	Tundra 	2	2
1525	520	\N	f	Urban Cruiser 	2	2
1526	520	\N	f	Verso	2	2
1527	520	\N	f	 Verso-S 	2	2
1528	520	\N	f	Yaris 	2	2
1529	520	\N	f	Прочие 	2	2
1530	521	\N	f	181 	2	2
1531	521	\N	f	Amarok 	2	2
1532	521	\N	f	Beetle 	2	2
1533	521	\N	f	Bora 	2	2
1534	521	\N	f	Buggy 	2	2
1535	521	\N	f	Caddy 	2	2
1536	521	\N	f	CC 	2	2
1537	521	\N	f	Corrado 	2	2
1538	521	\N	f	Crafter 	2	2
1539	521	\N	f	Eos 	2	2
1540	521	\N	f	Fox 	2	2
1541	521	\N	f	Golf 	2	2
1542	521	\N	f	Golf Plus 	2	2
1543	521	\N	f	Iltis	2	2
1544	521	\N	f	Jetta 	2	2
1545	521	\N	f	Karmann Ghia 	2	2
1546	521	\N	f	Käfer 	2	2
1547	521	\N	f	LT 	2	2
1548	521	\N	f	Lupo 	2	2
1549	521	\N	f	New Beetle 	2	2
1550	521	\N	f	Passat	2	2
1551	521	\N	f	 Passat CC 	2	2
1552	521	\N	f	Phaeton 	2	2
1553	521	\N	f	Polo	2	2
1554	521	\N	f	 Routan 	2	2
1555	521	\N	f	Santana 	2	2
1556	521	\N	f	Scirocco 	2	2
1557	521	\N	f	Sharan	2	2
1558	521	\N	f	T1 	2	2
1559	521	\N	f	T2 	2	2
1560	521	\N	f	T3 	2	2
1561	521	\N	f	T4 	2	2
1562	521	\N	f	T5 	2	2
1563	521	\N	f	Taro 	2	2
1564	521	\N	f	Tiguan 	2	2
1565	521	\N	f	Touareg 	2	2
1566	521	\N	f	Touran 	2	2
1567	521	\N	f	Transporter 	2	2
1568	521	\N	f	up! 	2	2
1569	521	\N	f	Vento 	2	2
1570	521	\N	f	Прочие	2	2
1571	522	\N	f	240 	2	2
1572	522	\N	f	244 	2	2
1573	522	\N	f	245 	2	2
1574	522	\N	f	262 	2	2
1576	522	\N	f	340 	2	2
1577	522	\N	f	360 	2	2
1578	522	\N	f	440 	2	2
1579	522	\N	f	460 	2	2
1580	522	\N	f	480 	2	2
1581	522	\N	f	740 	2	2
1582	522	\N	f	744	2	2
1583	522	\N	f	745 	2	2
1584	522	\N	f	760 	2	2
1585	522	\N	f	780 	2	2
1586	522	\N	f	850 	2	2
1588	522	\N	f	940 	2	2
1575	522	\N	f	264 	2	2
1589	522	\N	f	945 	2	2
1590	522	\N	f	944 	2	2
1591	522	\N	f	960 	2	2
1592	522	\N	f	965 	2	2
1587	522	\N	f	855 	2	2
1593	522	\N	f	Amazon 	2	2
1594	522	\N	f	C30	2	2
1595	522	\N	f	C70 	2	2
1596	522	\N	f	Polar 	2	2
1597	522	\N	f	S40 	2	2
1598	522	\N	f	S60 	2	2
1599	522	\N	f	S70 	2	2
1600	522	\N	f	S80 	2	2
1601	522	\N	f	S90 	2	2
1602	522	\N	f	V40 	2	2
1603	522	\N	f	V50 	2	2
1604	522	\N	f	V60 	2	2
1605	522	\N	f	V70 	2	2
1606	522	\N	f	V90	2	2
1607	522	\N	f	XC 60 	2	2
1608	522	\N	f	XC 70 	2	2
1609	522	\N	f	XC 90 	2	2
1610	522	\N	f	Прочие	2	2
1611	533	\N	f	2101 	2	2
1612	533	\N	f	2102 	2	2
1613	533	\N	f	2103 	2	2
1614	533	\N	f	2104 	2	2
1615	533	\N	f	2105 	2	2
1616	533	\N	f	2106 	2	2
1617	533	\N	f	2107 	2	2
1618	533	\N	f	2108 	2	2
1619	533	\N	f	2109 	2	2
1620	533	\N	f	2110 	2	2
1621	533	\N	f	2115 	2	2
1622	533	\N	f	2121 	2	2
1623	533	\N	f	2131	2	2
1624	533	\N	f	EL Lada 	2	2
1625	533	\N	f	Granta 	2	2
1626	533	\N	f	Kalina 	2	2
1627	533	\N	f	Largus 	2	2
1628	533	\N	f	Priora 	2	2
1629	533	\N	f	Revolution 	2	2
1630	533	\N	f	Vesta 	2	2
1631	533	\N	f	XRAY  	2	2
1632	533	\N	f	Niva 	2	2
1633	533	\N	f	Chevrolet Niva 	2	2
1634	533	\N	f	Прочие	2	2
1635	534	\N	f	21 	2	2
1636	534	\N	f	24 	2	2
1637	534	\N	f	2410 	2	2
1638	534	\N	f	31029 	2	2
1639	534	\N	f	3110 	2	2
1640	534	\N	f	3111	2	2
1641	534	\N	f	69 	2	2
1642	534	\N	f	Volga Siber 	2	2
1643	534	\N	f	М-12 	2	2
1644	534	\N	f	М-20 Победа 	2	2
1645	534	\N	f	Прочие	2	2
1646	535	\N	f	1102 Таврия 	2	2
1647	535	\N	f	1103 Славута 	2	2
1648	535	\N	f	1105 	2	2
1649	535	\N	f	1125 	2	2
1650	535	\N	f	1140 	2	2
1651	535	\N	f	110557 Пикап 	2	2
1652	535	\N	f	965  	2	2
1653	535	\N	f	966  	2	2
1654	535	\N	f	968	2	2
1655	535	\N	f	Chance 	2	2
1656	535	\N	f	Forza  	2	2
1657	535	\N	f	Lanos  	2	2
1658	535	\N	f	Lanos Pickup  	2	2
1659	535	\N	f	Sens  	2	2
1660	535	\N	f	Vida  	2	2
1661	535	\N	f	Прочие	2	2
1662	536	\N	f	114  	2	2
1663	536	\N	f	117  	2	2
1664	536	\N	f	4104 	2	2
1665	536	\N	f	Прочие	2	2
1666	537	\N	f	2125 Комби 	2	2
1667	537	\N	f	2126 Ода 	2	2
1668	537	\N	f	21261 Фабула 	2	2
1669	537	\N	f	2715 	2	2
1670	537	\N	f	2717  	2	2
1671	537	\N	f	27171  	2	2
1672	537	\N	f	412 Москвич 	2	2
1673	537	\N	f	Прочие	2	2
1674	538	\N	f	469 	2	2
1675	538	\N	f	Patriot 	2	2
1676	538	\N	f	Pickup 	2	2
1677	538	\N	f	Hunter 	2	2
1678	538	\N	f	Simbir 	2	2
1679	538	\N	f	Прочие	2	2
1680	539	\N	f	2140 	2	2
1681	539	\N	f	2141 	2	2
1682	539	\N	f	401 	2	2
1683	539	\N	f	402 	2	2
1684	539	\N	f	403 	2	2
1685	539	\N	f	407 	2	2
1686	539	\N	f	408 	2	2
1687	539	\N	f	412 	2	2
1688	539	\N	f	423 Combi 	2	2
1689	539	\N	f	Прочие	2	2
1690	540	\N	f	Прочие	2	2
1691	23	\N	f	DAW	2	2
1692	88	\N	f	re	2	2
1693	166	\N	f	2	2	2
1694	286	\N	f	562	2	2
1695	92	\N	f	Lorry	15	15
1696	31	\N	f	Df	19	19
1697	94	\N	f	56	19	19
1698	167	\N	f	89	19	19
1699	281	\N	f	Ewe	19	19
1700	95	\N	f	23564	22	22
1701	109	\N	f	2358	22	22
1702	175	\N	f	2358	22	22
1703	425	\N	f	56	22	22
1704	85	\N	f	ert	2	2
1705	32	\N	f	23	27	27
\.


--
-- Name: car_models_id_seq; Type: SEQUENCE SET; Schema: public; Owner: postgres
--

SELECT pg_catalog.setval('car_models_id_seq', 1705, true);


--
-- Data for Name: car_types; Type: TABLE DATA; Schema: public; Owner: postgres
--

COPY car_types (id, name, created_by, updated_by) FROM stdin;
1	Автомобиль	1	1
2	Грузовик	1	1
3	Автобусы	1	1
4	Спец. техника	1	1
5	Мото техника	1	1
\.


--
-- Name: car_types_id_seq; Type: SEQUENCE SET; Schema: public; Owner: postgres
--

SELECT pg_catalog.setval('car_types_id_seq', 5, true);


--
-- Data for Name: cars; Type: TABLE DATA; Schema: public; Owner: postgres
--

COPY cars (id, type_id, marka_id, model_id, wheel_id, kuzov_id, privod_id, transmission_id, engine_id, engine_displacement, color_id, state_id, region_id, sq_category_id, moto_type_id, price, issue_date, run_length, description, premium_date, rent, rent_price, created_by, updated_by, created_at, updated_at, loading_capacity) FROM stdin;
11	1	22	122	2	4	1	3	3	3	8	4	6	\N	\N	5300	2013	23000	Продаю ВАЗ 21099-1800$, мерс430 авангард, б/у зеркала разные 700с, новую дет.кроватку 10 тыс. Находится в Сокулуке, все вопросы по тел 0555905364	2016-03-23 05:53:49	f	\N	5	5	1449335452	1455771816	\N
3	1	1	2	1	2	3	2	3	2	1	3	8	\N	\N	99000	2014	10000	Новый двигатель vvt-i 3.5литра, автомат , передний привод, светлый кож.салон, эл. сидения с подогревом, монитор, камера заднего вида, SRS, VSC и т.д. Отличное состояние, Рестайлинг! Модель 2008 года. Авто из США, растаможен, не оформлен. Отличное состояние!	2016-04-19 08:27:17	f	\N	2	2	1440393527	1456647227	\N
58	3	25	1376	1	30	6	3	2	23	1	2	2	\N	\N	650000	2002	123000	Кечээ Өчпөс оттун жанында дасторкон жайып "романтикалуу кечки тамак" уюштурган акция тууралуу Бишкек шаарынын мэриясы жооп кайтарды:	2016-04-19 08:27:16	f	\N	2	2	1455514771	1455781010	\N
1	1	2	3	1	2	1	2	1	2.29999999999999982	2	3	3	\N	\N	5000	2012	67000	test	2015-08-28 06:57:18	f	\N	1	1	1439378900	1440701838	\N
8	2	88	1375	2	19	7	2	2	4	2	4	3	\N	\N	23596	1962	123000	Продаю или меняю SUBARU LEGACY BL5, рестайлинг, 2004 г.в., V 2.0, руль слева (Европеец), идеал состояние (ТО Motul), на масловой зимней резине + отличная летняя - 7500 $ ОКОНЧАТЕЛЬНО!\r\nТимур. Писать в WattSapp: +996 770 446070	2016-04-19 08:27:10	f	\N	2	2	1449329797	1458651133	5
6	1	4	71	1	3	2	2	3	2	5	3	4	\N	\N	10000	2005	123456	Продаю или меняю SUBARU LEGACY BL5, рестайлинг, 2004 г.в., V 2.0, руль слева (Европеец), идеал состояние (ТО Motul), на масловой зимней резине + отличная летняя - 7500 $ ОКОНЧАТЕЛЬНО!\r\nТимур. Писать в WattSapp: +996 770 446070	2015-12-03 20:35:56	f	\N	4	4	1449174961	1449174961	\N
4	1	6	13	1	2	1	4	3	2.39999999999999991	3	1	5	\N	\N	20000000	1972	230000	Свежепригнан. Черный кожаный салон, панорамный люк. Возможны варианты.	2016-04-19 08:27:18	f	\N	2	2	1440438973	1456298608	\N
7	3	25	234	1	29	6	1	2	5	4	3	2	\N	\N	26300	1962	165999	Honda Accord CL7. \r\n2004 г. Японец. \r\nСедан\r\nРуль с права.\r\nобъем 2,0 \r\nПробег 127 тыс. \r\nЦвет светло зеленый. \r\nПрибыл в сентябре 2014 г. \r\nОдин хозяин\r\n0553 535 542\r\n0555 101 230\r\n0707 312 300\r\nобмена нет,\r\nцена: 4 700$	2016-04-19 08:27:18	f	\N	2	2	1449329066	1455780650	\N
60	1	4	71	1	1	1	1	2	5	2	2	2	\N	\N	230000	2011	123000	Озубуз шайлап озубуз сындаган элбиз да. Туугандарым шайлансын кереги тиет деп, колдогондор бар да. Кыргызга боорум оорубай калды... Анткени эл озу ыймансыз акча учун баарына даяр. Кочого чыксан кадам сайын таштанды, кадам сайын орусча создор, кадам сайын Кудайга жакпаган иштер. (Аялдардын ачык кийнуусу, ачык кийинип жургон аялдарына маани бербеген эркектер, дагы бири-биринин аялына суктанып коюшат "зынк го" деп)	2016-04-19 08:27:20	f	\N	2	2	1455591912	1458329476	\N
83	1	521	1550	1	5	1	3	3	2	11	2	1	\N	\N	480000	2002	225000	Мэром киргизской столицы на безальтернативной основе избран Албек Ибраимов. На должность своего кандидата выдвинула фракция СДПК кенеша (парламент) Бишкека, другие претендентов не выдвигали. Премьер-министр Темир Сариев также не воспользовался своим правом. \r\nДепутаты подали 42 голосов в его поддержку, против был только один, сообщает радио «Азаттык». Для победы Ибраимову достаточно было набрать 23 голоса.	2016-04-19 08:27:20	f	\N	2	2	1456592220	1456648535	\N
12	3	66	1380	1	30	15	4	3	6	4	7	7	\N	\N	2300	1981	236598	Отдам в хорошие руки свою красавицу. Мерседес Бенц E320 Elegance\r\nГод-1995 г.в.,\r\nПервый и единственный хозяин в КР.(в Германии покупали у дедушки Немца 😊в 2009году)\r\n2 ключа,\r\nЦвет-серебристый металлик,\r\nОбъем-3.2,\r\nЦена:6500$,\r\nОт машины не избавлюсь,если дорого проходим мимо...\r\nТелефон для справок 0771 92 38 47. Могу скинуть доп.фото по Whats app	2016-03-23 05:53:47	f	\N	5	5	1449335603	1455771192	\N
2	1	3	5	1	1	2	1	1	3	2	2	4	\N	\N	90000	2006	90098	Новый двигатель vvt-i 3.5литра, автомат , передний привод, светлый кож.салон, эл. сидения с подогревом, монитор, камера заднего вида, SRS, VSC и т.д. Отличное состояние, Рестайлинг! Модель 2008 года. Авто из США, растаможен, не оформлен. Отличное состояние!	2016-04-19 08:27:13	f	\N	2	2	1440387065	1468386512	\N
15	1	4	72	2	4	1	3	3	2	8	4	4	\N	\N	2300	2007	3265	2007 Lexus GS300 2WD \r\n$12,300 + оформление в ГАИ\r\n120 тыс км\r\nКомпрессия в порядке, масло не ест вообще.\r\nНовая рулевая рейка, новые ступицы в круг, все оригинал!\r\nСалон в хорошем состоянии, кожа целая.	2016-03-23 05:54:16	f	\N	6	6	1449336383	1453991689	\N
17	2	87	239	2	19	7	4	3	6	5	2	3	\N	\N	32000	2005	321000	2008 Lexus LX570 $30,995 + оформление в ГАИ\r\n103 тыс км\r\n5,7L\r\n4WD\r\nиз всех косяков - скол на лобовом стекле\r\nсостояние идеальное	2016-03-23 05:54:21	f	\N	6	6	1449337353	1453991707	45
23	2	101	245	1	19	8	4	3	5	4	3	2	\N	\N	14000	2007	100	СРОЧНО ПРОДАЮ:\r\nПРИМЕРА 2003 2 куба 2500$ \r\n0778688577	2016-03-23 05:54:22	f	\N	6	6	1449338315	1453991760	5
25	1	21	111	2	3	2	2	3	3	4	3	3	\N	\N	3500	2013	12000	Меняю на авто участок в с. Бостери, Иссык-Куль. Возле ЦТ "Алматы" и "Аквамарин". 3,5 сотки, можно расширить до 4 сот. От берега 250 метров. Пляж, песок. Цена 4,7 тыс. долл.	2016-03-23 05:54:46	f	\N	7	7	1449425249	1453991797	\N
28	1	473	233	1	4	2	2	3	5	4	5	7	\N	\N	12000	2014	150000	HOWO SINOTRUK 336, 2013 год, грузоподъемность 25 тонн, машина в очень хорошем состоянии, пробег 72000 км, работал только по городу, абсолютно новые шины. возможно обмен на 1-комн. кв. или авто с доплатой мне. Тел. 0555-67 42 15, 0555-67 42 16.\r\n	2016-03-23 05:54:46	f	\N	7	7	1449426750	1453991804	\N
16	2	92	238	1	20	8	3	5	3	4	3	4	\N	\N	6500	1962	120000	2008 Toyota HiLux $13,800 + оформление в ГАИ\r\n130 тыс км\r\n3.0L Diesel\r\n4WD\r\nКожа\r\nОбогрев сидений\r\nПрибыл в Россию из Германии 4 года назад\r\nОтличное состояние\r\n	2016-03-23 05:54:23	f	\N	6	6	1449336993	1453991697	5
19	2	97	1377	1	17	7	4	5	3	4	3	1	\N	\N	11000	2007	321000	Honda Accord CL7. \r\n2004 г. Японец. \r\nСедан\r\nРуль с права.\r\nобъем 2,0 \r\nПробег 127 тыс. \r\nЦвет светло зеленый. \r\nПрибыл в сентябре 2014 г. \r\nОдин хозяин\r\n0553 535 542\r\n0555 101 230\r\n0707 312 300\r\nобмена нет,\r\nцена: 4 700$	2016-03-23 05:54:24	f	\N	6	6	1449337878	1455770967	5
18	2	96	240	2	18	7	1	3	3	12	5	4	\N	\N	32000	2005	321000	Продаю или меняю дачу на авто. Село Беш-Кунгей\r\nдом кирпичный с мансардой, в отличном состоянии\r\nучасток-5,2 с , кр. книжка\r\nнедалеко есть родник\r\nполивная вода \r\nэлектричество - круглосуточно\r\nцена 23т. $ Возможен торг\r\nтел. 0777 475 185	2016-03-23 05:54:25	f	\N	6	6	1449337770	1453991714	32
27	1	22	125	2	3	3	2	3	2	6	4	3	\N	\N	5200	2006	120000	2008 Volkswagen Golf 1.6L автомат\r\n133 тыс км\r\n$7000 + оформление в ГАИ	2016-03-23 05:54:40	f	\N	7	7	1449426175	1453991821	\N
29	1	471	166	1	2	2	2	3	8	4	4	3	\N	\N	52000	1949	120000	2008 Toyota HiLux $13,800 + оформление в ГАИ\r\n130 тыс км\r\n3.0L Diesel\r\n4WD\r\nКожа\r\nОбогрев сидений\r\nПрибыл в Россию из Германии 4 года назад\r\nОтличное состояние	2016-03-23 05:54:47	f	\N	7	7	1449427041	1453991812	\N
76	1	2	3	1	7	1	4	5	9	4	2	1	\N	\N	950000	1946	562300	tets	2016-04-19 08:27:22	f	\N	2	2	1456548345	1456548345	\N
26	1	21	109	1	1	3	4	2	2	8	3	6	\N	\N	12000	2010	120000	2013 Toyota Camry $14,995 + оформление в ГАИ \r\n75 тыс км\r\n2.5L\r\nАвтомат\r\n\r\nКожаный салон с перфорацией. Камера заднего вида. Парктроники. Ксенон.. Навигация. Есть раздельный климат контроль. Подогрев сидений. Многофункциональный компьютер с управлением на руле, круиз-контроль: штатная магнитола с управлением на руле, , датчики дождя/света, датчик давления колес, ABS, ESP, EPС, 10 Air-bag, Омыватель фар. Литые диски R 16, тонировка США по кругу , защита двигателя и тд!	2016-03-23 05:54:42	f	\N	7	7	1449425488	1453991788	\N
73	5	166	1693	\N	\N	18	3	6	2.29999999999999982	2	4	1	\N	10	1000	2000	23000	to test komplektatsya 12	2016-04-19 08:27:23	f	\N	2	2	1456244926	1458652281	\N
22	2	96	244	1	19	7	2	5	3	4	6	2	\N	\N	16000	2007	10000	Продаю год 1988. Объем 1.6 нормальное состояние. Цена 1300$ тел 0554 44 51 80	2016-03-23 05:54:19	f	\N	6	6	1449338211	1453991733	5
24	2	95	246	2	22	9	4	5	3	5	4	1	\N	\N	23000	1949	0	СРОЧНО ПРОДАЮ:\r\nПРИМЕРА 2003 2 куба 2500$ \r\n0778688577	2016-03-23 05:54:20	f	\N	6	6	1449338380	1453991743	45
21	2	154	1378	2	19	7	4	3	2	9	4	4	\N	\N	12000	2005	123545	Продаю или меняю SUBARU LEGACY BL5, рестайлинг, 2004 г.в., V 2.0, руль слева (Европеец), идеал состояние (ТО Motul), на масловой зимней резине + отличная летняя - 7500 $ ОКОНЧАТЕЛЬНО!\r\nТимур. Писать в WattSapp: +996 770 446070	2016-03-23 05:54:14	f	\N	6	6	1449338151	1455771122	5
37	3	30	249	1	28	5	2	2	2	2	2	1	\N	\N	12000	2001	23000	Срочно Продаю 4-х комнатную элитную квартиру на 5 мкрн. С.К Авангард Стиль. 7-этаж из 9ти. Дорогой качественный дизайнерский евро ремонт. Площадь 108 м2. Большой холл. Входная дверь бронированный межкомнатные двери деревянные. Два санузла. Коммуникации центральные. Городской тел. Интернет . Тв. Не угловая. Весь дорогой мебель остаеться. Дом охраняемый 	2016-03-23 05:55:21	f	\N	9	9	1449473736	1453992412	\N
40	3	34	252	1	31	9	4	2	5	8	4	1	\N	\N	4500	2013	23000	Продаю или меняю дачу на авто. Село Беш-Кунгей\r\nдом кирпичный с мансардой, в отличном состоянии\r\nучасток-5,2 с , кр. книжка\r\nнедалеко есть родник	2016-03-23 05:55:24	f	\N	9	9	1449473999	1453992421	\N
35	2	94	247	2	9	7	2	3	2	6	3	3	\N	\N	25600	2013	2100	АКЦИЯ! 1-комн. квартира 17 000$ "ПОД КЛЮЧ". \r\nСпешите!!! Осталось считанное количество КВАРТИР!\r\nВозможен обмен на АВТО!\r\nhttp://ts-group.kg/	2016-03-23 05:55:25	f	\N	9	9	1449473154	1453992429	5
33	1	21	106	2	2	1	1	3	2	8	4	3	\N	\N	5200	2009	230000	АКЦИЯ! 1-комн. квартира 17 000$ "ПОД КЛЮЧ". \r\nСпешите!!! Осталось считанное количество КВАРТИР!\r\nВозможен обмен на АВТО!\r\nhttp://ts-group.kg/	2016-03-23 05:55:26	f	\N	9	9	1449472968	1453992370	\N
34	1	472	192	1	3	3	2	5	3	3	3	3	\N	\N	5600	2014	0	АКЦИЯ! 1-комн. квартира 17 000$ "ПОД КЛЮЧ". \r\nСпешите!!! Осталось считанное количество КВАРТИР!\r\nВозможен обмен на АВТО!\r\nhttp://ts-group.kg/	2016-03-23 05:55:27	f	\N	9	9	1449473063	1453992377	\N
36	2	99	248	2	18	7	2	3	5	2	3	3	\N	\N	23000	2014	12000	Продаю 2х этажный особняк в с. Кок-Жар. Размер дома 11*14. На 1 этаже терасса, прихожая, топка, холл, с/у, кухня, гостиная, зал. На 2 этаже большой холл, три спальни, летняя терасса. Под самоотделку. Участок 6 соток , полностью огорожен. Навес под очок. Свет , вода , канализация (септик). Цена 90 000$ торг. Кон.тел. 0705763076	2016-03-23 05:55:28	f	\N	9	9	1449473263	1453992384	56
31	1	7	91	1	3	2	1	1	6	1	3	7	\N	\N	14500	2007	120000	Продаю Бутик в ТЦ Караван с оборудование 2 этаж \r\n36 кв.м.\r\n23 000$\r\nторг уместен!\r\nили равноценный обмен на квартиру\r\n0555 900-586\r\n	2016-03-23 05:55:01	f	\N	8	8	1449471960	1453991871	\N
32	1	471	164	1	3	2	1	2	2	1	7	1	\N	\N	23500	1946	125000	Элитные особняки 122 м2 в VIP городке! Юж.Магистраль/Советская.тел;W;0705995799 (варианты обмена)\r\n90 000 $ — Бишкек	2016-03-23 05:55:03	f	\N	8	8	1449472189	1453991877	\N
39	3	28	251	2	29	7	2	3	3	5	3	3	\N	\N	23000	1948	200	Продается новый кирпичный ДОМ в центре (2011г) напротив мкр.Восток-5. \r\n2х этажный с ремонтом, 140 кв.м, участок 3,5 сот (красная книга).\r\nС мебелью.	2016-03-23 05:55:30	f	\N	9	9	1449473893	1453992396	\N
38	3	35	250	2	29	6	1	2	3	2	6	3	\N	\N	23000	2006	23021	Имееться детская площадка, подземный паркинг, гостевой паркинг. Дом из 2-х подьезд видео домофон. Квартира со всеми условиями заходи и живи. Поблизости есть множество магазинов Бета-Сторес 2, Космо ПАРК , Орто-Сай р-к, садик, школа. Цена 155000 $. Истинным клиентам уступим. 0557064666	2016-03-23 05:55:19	f	\N	9	9	1449473824	1453992390	\N
41	1	5	85	1	2	2	1	2	3	8	1	3	\N	\N	5600	2006	23000	Продается новый кирпичный ДОМ в центре (2011г) напротив мкр.Восток-5. \r\n2х этажный с ремонтом, 140 кв.м, участок 3,5 сот (красная книга).\r\nС мебелью.\r\nВсе Коммуникации. \r\nВсе Документы.\r\nОтопление: газ, свет и уголь. 1й этаж-теплый пол. \r\nЛаминат по всему дому. Германия.\r\nКондиционер\r\nДвор расчитан на 4 машин.\r\nПогриб во дворе	2016-03-23 05:55:31	f	\N	9	9	1449474088	1453992404	\N
74	4	286	1694	2	\N	6	4	5	3.60000000000000009	12	3	1	22	\N	1000	2003	230000	to test komplektatsya 19	2016-04-19 08:27:24	f	\N	2	2	1456245030	1458652288	9
62	1	5	81	1	3	2	2	2	5	2	3	3	\N	\N	985000	1947	123456	Want to boost your brain power? Try learning a new language! Here are 3 ways you can improve your brain function: https://goo.gl/Moe3s6\r\n☆☆☆\r\nМээңиздин кубатын күчөтүүңүз келеби? Жаңы тилди үйрөнүп баштаңыз! Мээнин иштөөсүн жакшыртуу үч жолу: https://goo.gl/ZPLvC6\r\n☆☆☆\r\nХотите улучшить работу мозга? Попробуйте начать изучать новый язык! 3 способа, которые помогут улучшить функции вашего мозга:	2016-03-04 16:12:30	f	\N	19	10002	1455768915	1455768915	\N
14	1	471	168	2	3	2	2	3	3	5	2	4	\N	\N	8900	2014	10000	Салон черный алькантара чистый\r\nТеатральная подсветка салона\r\nХолодильник 6 литр \r\nПо кузову идеал!\r\nЗад камера\r\nЗаводской ксенон туманники и ближных фар.\r\nДелать ничего не надо.\r\nВсякие умники и мотористы коменты держать при себе!!!\r\nЦена 6500\r\n0772434555	2016-03-23 05:53:53	f	\N	5	5	1449336052	1453991653	\N
72	2	88	1692	1	24	9	2	1	5.59999999999999964	9	3	1	\N	\N	960000	2001	260000	to test komplektatsya 33	2016-04-19 08:27:25	f	\N	2	2	1456244817	1456244817	3.5
78	1	4	68	2	1	2	4	1	8	3	3	4	\N	\N	653000	2006	123000	to test arhiv date: 27.02.2016	2016-02-27 14:57:20	f	\N	19	19	1456585045	1456585045	\N
47	1	7	90	1	3	2	1	2	2.79999999999999982	5	4	4	\N	\N	326545	1948	12365	test 2.3 emi 2	2016-02-10 19:36:17	f	\N	16	16	1455132982	1455164250	\N
48	3	25	1368	1	29	6	1	2	2.89999999999999991	2	3	2	\N	\N	213456	1961	1321654	er	2016-02-10 19:37:53	f	\N	16	16	1455133078	1455164456	\N
49	2	87	1369	1	15	7	3	3	2.29999999999999982	2	2	2	\N	\N	321654	1946	13214654	sd	2016-02-10 19:40:15	f	\N	16	16	1455133220	1455164495	4
52	1	6	261	1	1	1	1	1	2	1	1	1	\N	\N	20000	1996	2000		2016-02-14 04:10:23	f	\N	15	15	1455423028	1455423028	\N
77	2	92	1695	1	13	5	2	3	0.299999999999999989	11	1	1	\N	\N	2000000	1945	2222		2016-02-27 13:08:49	f	\N	15	15	1456578534	1456578534	3.39999999999999991
87	1	6	330	1	1	2	4	1	5	13	2	2	\N	\N	650200	2005	230520	Срочно продаю Тойота Камри 07733333	2016-03-23 05:56:37	f	\N	22	22	1457436802	1457436802	\N
30	1	20	102	2	2	2	3	5	5	11	2	1	\N	\N	23000	1962	230000	Уважаемые сограждане! Учитывая неимоверный рост курса доллара, строительно-инвестиционная компания "СтарИнвест" (starinvest.kg) первая решила поддержать отечественное производство и политику государства в укреплении отечественной валюты фиксируя курс доллара на отметке 70 сом на свои квартиры в объекте ЖК Дипломат, 12 этажного дома премиум класса, весь фасад выполнен из травертина (сары таш), в каждом подъезде два лифта, один пассажирский, другой грузовой. На крыше имеется зона отдыха. 	2016-03-23 05:55:04	f	\N	8	8	1449471774	1453991889	\N
85	1	1	2	2	1	2	4	5	3	10	4	2	\N	\N	320000	2003	230000	new user	2016-03-23 05:57:08	f	\N	22	22	1457421901	1457433923	\N
64	2	90	1383	1	13	6	3	2	56	2	3	1	\N	\N	1055000	1952	132456	ыргыз тилинин ѳнүгүшүнѳ опол тоодой салымы үчүн Чоробек Сааданбек мекендешибизге ыраазычылыгыбызды билдиребиз! Чоробек мырза, сизге чоң ырахмат! http://knews.kg/2016/02/18/179680/	2016-04-19 08:27:28	f	\N	2	2	1455772256	1455772287	5.29999999999999982
66	4	279	1387	1	\N	5	1	1	3	8	1	1	3	\N	5550000	2001	123456	Погрязший до пояса в долги кыргыз,\r\nЛишившийся домов своих кыргыз.\r\nИ пусть хоть умирая передавший сыновьям	2016-04-19 08:27:29	f	\N	2	2	1455772998	1455780634	20
65	5	165	1385	\N	\N	19	1	2	5	3	4	2	\N	4	350200	2003	123456	«Мой идол — Владимир Путин. Я хотел бы, чтобы он был президентом до конца его жизни. Я очень люблю его, как только мужчина может любить мужчину. Он человек слов…	2016-04-19 08:27:24	f	\N	2	2	1455772389	1455780614	\N
79	3	31	1696	1	32	6	2	5	8	4	3	3	\N	\N	230000	2004	895600	to test arhiv date: 27.02.2016	2016-02-27 14:58:26	f	\N	19	19	1456585111	1456585111	\N
80	2	94	1697	2	12	7	4	5	895	13	4	3	\N	\N	235689	1947	89000	to test arhiv date: 27.02.2016	2016-02-27 14:59:25	f	\N	19	19	1456585170	1456585170	23
81	5	167	1698	\N	\N	19	3	6	8	1	4	2	\N	6	650230	2002	32100	to test arhiv date: 27.02.2016	2016-02-27 15:00:13	f	\N	19	19	1456585218	1456585218	\N
82	4	281	1699	1	\N	6	4	5	5	5	3	3	5	\N	235600	2002	123000	to test arhiv date: 27.02.2016	2016-02-27 15:01:20	f	\N	19	19	1456585285	1456585285	2.29999999999999982
67	2	88	1388	1	19	12	4	3	5.29999999999999982	7	4	3	\N	\N	1000	2003	123456	Five Little Monkeys Jumping On The Bed and Many More Popular Nursery Rhymes Collection By ChuChu TV	2016-04-19 08:27:30	f	\N	2	2	1455780821	1458652292	5.59999999999999964
84	1	1	49	1	7	4	2	1	2	3	1	1	\N	\N	230896	2007	120000	Test from android	2016-02-28 14:35:35	f	\N	19	19	1456670006	1456670006	\N
71	3	23	1691	1	33	6	2	3	6	1	3	1	\N	\N	1000	2006	920000	to test komplektatsya 33	2016-04-19 08:27:31	f	\N	2	2	1456244711	1458652297	\N
13	1	471	167	1	6	3	1	2	3	10	6	3	\N	\N	23000	2008	120000	Тойота Альфард 2004\r\nСамый мягкий,комфортабельный, большой семейный минивен!\r\nОбъем 2.4 2WD\r\nСост идеал! стоит в подземном паркинге еще не ездил по городу\r\nПрибыл 1.12.2014 Растаможен\r\nРежим конфорт-спорт пневмо аморты\r\nФельги диски.\r\nСалон черный алькантара чистый\r\nТеатральная подсветка салона\r\nХолодильник 6 литр \r\nПо кузову идеал!\r\nЗад камера\r\nЗаводской ксенон туманники и ближных фар.\r\nДелать ничего не надо.\r\nВсякие умники и мотористы коменты держать при себе!!!\r\nЦена 6500\r\n0772434555	2016-03-23 05:53:54	f	\N	5	5	1449335767	1453991644	\N
86	1	6	319	1	2	2	2	4	2	5	4	4	\N	\N	23000	2012	2356000	bmw corporate test	2016-03-23 01:03:13	f	\N	23	23	1457422163	1458651793	\N
68	4	278	1390	4	\N	7	3	5	2	12	3	2	14	\N	3200000	2002	123000	2014, left steering, variator, petrol/gas, 4х4, beige, coupe/sports, condition good	2016-04-19 08:27:27	f	\N	2	2	1455780909	1455780940	6.5
59	2	90	243	1	13	6	3	2	5.59999999999999964	2	2	2	\N	\N	950000	1946	100000	Кечээ Өчпөс оттун жанында дасторкон жайып "романтикалуу кечки тамак" уюштурган акция тууралуу Бишкек шаарынын мэриясы жооп кайтарды:	2016-04-19 08:27:33	f	\N	2	2	1455514853	1455514853	5.59999999999999964
94	2	85	1704	1	12	5	2	5	3	5	3	3	\N	\N	230000	2003	230000	test pic	2016-04-19 08:27:33	f	\N	2	2	1458628973	1458628973	6
95	1	6	12	1	3	2	2	1	5	15	3	1	\N	\N	235622	2007	123000	srok test 14 kun aktiv turush kerek	2016-03-22 13:05:04	f	\N	23	23	1458651909	1458651909	\N
90	2	95	1700	1	11	7	4	1	5	7	3	1	\N	\N	358000	2004	23000	Срочно Продаётся Lexus LX570 2012 Luxury Sport года рестайл, состояние под идеал, чёрный цвет кузова, чёрный цвет салона, хромированный обвес.\r\nБампер, капот, крылья зеркала обклеены антигравийной пленкой.\r\n2 комплекта резины: хорошая летняя резина на 20' дисках и зимняя на 18' дисках. Спереди стоит кенгурятник.\r\nДополнительно стоит противоугонная система, а также вебасто за 	2016-03-23 05:57:10	f	\N	22	22	1457437067	1457437078	6.5
96	1	1	2	1	1	1	4	5	3.20000000000000018	9	5	4	\N	\N	560200	2003	230120	Раззаковдун Сүлүктүгө бара жатып жолдон жолуккан тагасына айткан сөзүнөн: "... тага, биз коңшу өлкөлөр менен чектеш жерлерди зым тартып тосо албайт экенбиз, андыктан элди чек арага жакын жерлерге көчүрүп, жаңы айылдарды тургузуп жатабыз. Муну менен биз чек арабызды бекем сактай алабыз..."	2016-03-23 06:03:54	f	\N	27	27	1458713039	1458713039	\N
97	3	32	1705	2	33	7	2	1	23	7	4	2	\N	\N	956000	2002	236200	Жаңы эле КТРКнын эфиринде көрсөтүлгөн Алим Токторовдун "Раззаков" тасмасында учурда баарыбызды ойлонтуп жаткан чек ара маселеси боюнча жөнөкөй бирок жүйөөлүү айтылган кеп бар экен. Аны укканда көздөн жаш айланды!	2016-03-23 06:05:05	f	\N	27	27	1458713110	1458713110	\N
98	1	1	18	1	4	2	4	1	23	11	4	5	\N	\N	263000	2007	562000	Чек араны коргоо ар бирибиздин милдетибиз экенин, зым менен же армия менен эмес, бир кадам да артка жылбай, айылын, үйүн таштабай оокаатын улантып келген жөнөкөй айылдыктарыбыз менен коргой алаарыбызды Раззаков мурда эле айткан экен!	2016-03-23 06:05:58	f	\N	27	27	1458713163	1458713163	\N
63	3	26	1381	2	28	6	1	2	2	4	2	2	\N	\N	550000	2002	123456	При добавлении новой машины загрузка картинки не работает (убрать ограничение jpg, грузит только последнюю фотку, если было несколько). Не показывает предупреждения, если размер больше, текст предупреждения в словарь добавить.\r\n	2016-04-19 08:27:32	f	\N	2	2	1455772084	1455772138	\N
\.


--
-- Data for Name: cars_complete_sets; Type: TABLE DATA; Schema: public; Owner: postgres
--

COPY cars_complete_sets (car_id, complete_set_id) FROM stdin;
1	1
1	5
1	12
1	15
1	18
1	27
1	30
1	33
2	1
2	5
2	6
2	8
2	9
2	11
2	12
2	14
2	15
2	17
2	18
2	19
2	20
2	21
2	22
2	24
2	25
2	28
2	31
2	34
2	23
3	1
3	3
3	4
3	5
3	6
3	7
3	8
3	9
3	10
3	11
3	12
3	13
3	14
3	15
3	16
3	17
3	19
3	20
3	21
3	22
3	23
3	24
3	26
3	27
3	28
3	29
3	30
3	31
3	32
3	33
3	34
4	1
4	3
4	4
4	5
4	6
4	7
4	8
4	9
4	10
4	11
4	12
4	13
4	14
4	15
4	16
4	17
4	18
4	19
6	1
6	35
6	3
6	4
6	5
6	6
6	8
6	7
6	9
6	10
6	11
6	12
6	13
6	14
6	15
6	16
6	17
6	18
6	19
6	20
6	21
6	22
6	23
6	32
6	33
6	36
6	37
6	38
6	39
6	24
6	26
6	27
6	28
6	29
6	30
6	31
7	1
7	41
7	52
7	8
7	43
7	44
7	9
7	10
7	11
7	13
7	14
7	15
7	16
7	17
7	46
7	24
7	31
8	1
8	41
8	42
8	6
8	10
8	13
8	16
8	17
8	45
8	22
8	32
8	31
11	1
11	35
11	4
11	5
11	8
11	10
11	11
11	12
11	13
11	14
11	16
11	17
11	19
11	21
11	22
11	23
11	33
11	38
11	39
11	24
11	26
11	28
11	29
11	30
11	31
12	8
12	9
12	13
12	15
12	16
12	17
12	45
12	21
12	46
12	48
12	24
12	51
12	31
13	1
13	35
13	3
13	4
13	5
13	6
13	8
13	7
13	9
13	10
13	11
13	12
13	13
13	14
13	15
13	16
13	17
13	18
13	19
13	20
13	21
13	22
13	23
13	32
13	33
13	36
13	37
13	38
13	39
13	24
13	26
13	27
13	28
13	29
13	30
13	31
14	16
14	17
14	18
15	1
15	5
15	9
15	10
15	14
15	18
15	19
15	23
15	37
15	38
15	27
15	31
16	1
16	8
16	43
16	44
16	13
16	45
16	21
16	22
16	24
16	49
16	50
16	28
17	1
17	41
17	6
17	8
17	10
17	13
17	15
17	20
17	21
17	32
17	50
17	51
17	28
18	41
18	6
18	8
18	44
18	9
18	10
18	11
18	13
18	14
18	17
18	45
18	21
18	46
18	23
18	32
18	24
19	1
19	35
19	8
19	44
19	10
19	13
19	45
19	20
19	21
19	24
19	50
19	28
21	1
21	41
21	8
21	9
21	13
21	16
21	20
21	22
21	49
21	28
22	35
22	42
22	43
22	10
22	14
22	17
22	21
22	23
22	48
22	50
22	30
23	40
23	6
23	44
23	11
23	15
23	45
23	46
23	32
23	24
23	51
23	31
24	1
24	35
24	44
24	10
24	11
24	13
24	17
24	32
24	49
24	30
25	1
25	11
25	18
25	19
25	36
25	31
26	1
26	35
26	4
26	5
26	7
26	10
26	12
26	15
26	16
26	17
26	19
26	20
26	21
26	23
26	32
26	37
26	38
26	26
27	10
27	14
27	15
27	18
27	23
27	33
27	36
27	39
27	26
27	28
27	31
28	1
28	7
28	9
28	10
28	14
28	15
28	16
28	19
28	20
28	21
28	33
28	36
28	37
28	38
28	26
28	27
28	28
29	1
29	4
29	6
29	8
29	11
29	12
29	13
29	19
29	20
29	21
29	22
29	39
29	24
29	28
29	29
29	30
30	1
30	3
30	4
30	6
30	9
30	10
30	11
30	14
30	15
30	16
30	17
30	18
30	19
30	22
30	33
30	38
30	26
31	1
31	5
31	7
31	11
31	14
31	17
31	20
31	21
31	32
31	37
31	24
31	28
32	1
32	4
32	8
32	10
32	13
32	16
32	19
32	22
32	33
32	38
32	26
32	29
33	1
33	4
33	8
33	10
33	13
33	16
33	19
33	22
33	33
33	38
33	26
33	29
34	1
34	35
34	3
34	6
34	9
34	12
34	15
34	18
34	21
34	32
34	37
34	24
34	28
34	31
35	35
35	42
35	43
35	10
35	14
35	17
35	21
35	23
35	48
35	50
35	30
36	1
36	41
36	8
36	9
36	13
36	16
36	20
36	22
36	47
36	49
36	28
37	35
37	52
37	43
37	10
37	14
37	17
37	21
37	23
37	48
37	50
37	30
38	40
38	6
38	44
38	11
38	15
38	45
38	46
38	32
38	24
38	51
38	31
39	35
39	40
39	52
39	9
39	10
39	11
39	14
39	20
39	46
39	23
39	47
39	48
39	50
39	28
39	30
40	35
40	52
40	43
40	10
40	14
40	17
40	21
40	23
40	48
40	50
40	30
41	3
41	6
41	9
41	12
41	15
41	18
41	21
41	32
41	37
41	24
41	28
41	31
47	7
47	11
48	1
48	41
48	8
48	50
49	1
52	39
52	27
58	1
58	35
58	40
59	1
59	41
59	6
59	8
59	9
59	11
59	13
59	17
59	45
59	21
59	23
59	32
59	51
59	31
60	3
60	6
60	9
60	12
60	15
60	18
60	21
60	32
60	24
60	28
60	31
62	1
62	35
62	3
63	1
63	28
63	41
64	24
64	28
64	13
65	1
65	8
65	63
65	66
66	13
66	30
66	8
66	32
66	53
66	56
66	59
67	42
67	30
67	43
67	20
67	8
67	51
67	49
67	6
68	13
68	30
68	8
68	32
68	53
68	56
68	59
71	86
71	35
71	40
71	41
71	52
71	82
71	8
71	87
71	88
71	72
71	73
71	74
71	13
71	85
71	69
71	78
71	79
71	45
71	81
71	21
71	89
71	84
71	23
71	32
71	47
71	48
71	24
71	49
71	50
71	51
71	28
71	30
71	31
72	86
72	35
72	40
72	41
72	42
72	82
72	8
72	87
72	88
72	72
72	73
72	74
72	13
72	85
72	69
72	78
72	79
72	45
72	81
72	21
72	89
72	84
72	23
72	32
72	47
72	48
72	24
72	49
72	50
72	51
72	28
72	30
72	31
73	86
73	61
73	8
73	62
73	63
73	64
73	65
73	48
73	66
73	24
73	67
73	68
74	82
74	8
74	87
74	53
74	54
74	55
74	88
74	56
74	58
74	13
74	85
74	45
74	21
74	23
74	32
74	57
74	48
74	59
74	30
76	86
76	76
76	8
76	73
77	35
77	42
78	86
78	76
78	8
79	86
79	35
79	40
80	86
80	41
80	8
81	86
81	62
81	65
82	82
82	8
82	87
82	55
83	86
83	35
83	76
83	77
83	8
83	80
83	74
83	13
83	85
83	69
83	23
83	33
83	39
83	24
83	28
83	29
83	30
83	31
84	86
84	76
84	13
84	84
84	33
85	86
85	35
85	75
86	86
86	76
86	8
86	73
86	13
85	76
85	77
85	82
87	86
87	35
87	75
87	76
87	77
87	82
87	8
87	80
87	72
90	86
90	41
90	8
90	72
90	13
90	79
90	21
90	23
90	48
90	50
90	30
94	86
94	41
94	8
94	72
94	13
94	78
94	81
94	84
94	47
94	49
94	28
95	86
95	35
95	75
96	86
96	35
96	75
97	86
97	35
97	40
98	86
98	35
98	75
\.


--
-- Name: cars_id_seq; Type: SEQUENCE SET; Schema: public; Owner: postgres
--

SELECT pg_catalog.setval('cars_id_seq', 98, true);


--
-- Data for Name: colors; Type: TABLE DATA; Schema: public; Owner: postgres
--

COPY colors (id, name, created_by, updated_by, frequency) FROM stdin;
2	Белый	1	3	5
4	Желтый	2	3	5
5	Зеленый	2	3	5
6	Золотой	2	3	5
7	Коричневый	2	3	5
8	Красный	2	3	5
3	Оранжевый	1	3	5
9	Пурпурный	2	3	5
10	Розовый	2	3	5
11	Серебряный	2	3	5
12	Серый	2	3	5
13	Синий	2	3	5
14	Черный	2	3	5
1	Бежевый	1	3	5
15	Мокрый асфальт	3	3	5
16	Фиолетовый	3	3	5
17	Брызги шампанского	3	3	5
18	Вишневый	3	3	5
19	Смарагд	3	3	5
20	Небесный металлик	3	3	5
21	Фламинго	3	3	5
22	Прочие	3	3	5
\.


--
-- Data for Name: colors_car_types; Type: TABLE DATA; Schema: public; Owner: postgres
--

COPY colors_car_types (color_id, car_type_id) FROM stdin;
2	1
4	1
5	1
6	1
7	1
8	1
3	1
9	1
10	1
11	1
12	1
13	1
14	1
1	1
15	1
16	1
17	1
18	1
19	1
20	1
21	1
22	1
2	3
4	3
5	3
6	3
7	3
8	3
3	3
9	3
10	3
11	3
12	3
13	3
14	3
1	3
15	3
16	3
17	3
18	3
19	3
20	3
21	3
22	3
2	4
4	4
5	4
6	4
7	4
8	4
3	4
9	4
10	4
11	4
12	4
13	4
14	4
2	2
4	2
5	2
6	2
7	2
8	2
3	2
9	2
10	2
11	2
12	2
13	2
14	2
1	2
15	2
16	2
17	2
18	2
19	2
20	2
21	2
22	2
1	4
15	4
16	4
17	4
18	4
19	4
20	4
21	4
22	4
2	5
4	5
5	5
6	5
7	5
8	5
3	5
9	5
10	5
11	5
12	5
13	5
14	5
1	5
15	5
16	5
17	5
18	5
19	5
20	5
21	5
22	5
\.


--
-- Name: colors_id_seq; Type: SEQUENCE SET; Schema: public; Owner: postgres
--

SELECT pg_catalog.setval('colors_id_seq', 22, true);


--
-- Data for Name: comments; Type: TABLE DATA; Schema: public; Owner: postgres
--

COPY comments (id, car_id, user_id, message, created_by, updated_by, created_at, updated_at) FROM stdin;
2	1	2	Саежар, ушул машинаны 3000ге бербейсинби. наличка. менин номериме чалып кой. 0555000000	2	2	1440439769	1440439769
3	1	2	Ээ тул таластын машинасы го... Радиатору чон да...	2	2	1440439829	1440439829
4	4	2	bla bla blsa	2	2	1455598466	1455598466
5	83	2	ty bi pomenyal glavniy risunok 	2	2	1456592307	1456592307
\.


--
-- Name: comments_id_seq; Type: SEQUENCE SET; Schema: public; Owner: postgres
--

SELECT pg_catalog.setval('comments_id_seq', 5, true);


--
-- Data for Name: complete_sets; Type: TABLE DATA; Schema: public; Owner: postgres
--

COPY complete_sets (id, name, created_by, updated_by, frequency) FROM stdin;
42	ESP (Сис. Курс. стабилизации)	2	3	1
47	Подушка безопасности	2	3	2
52	ESP (Сист. курс. стабилизации)	2	3	1
61	Багажный кофр	2	3	1
62	Ветровое стекло	2	3	1
63	Галогенные фары	2	3	1
64	Кик стартер	2	3	1
65	Крашпеды	2	3	1
66	Прямоток	2	3	1
67	Тюнинг	2	3	1
68	Электростартер	2	3	1
75	EBD	2	3	1
76	ESP	2	3	1
77	SRS	2	3	1
80	ГУР	2	3	1
83	Камера заднего вида	2	3	1
18	Легкосплавные диски	1	3	1
19	Люк	1	3	1
33	Полная комплектация	1	3	1
36	Салон – велюр	2	3	1
86	ABS	2	3	4
72	Датчик дождя	2	3	3
73	Датчик света	2	3	3
74	Иммобилайзер	2	3	3
78	Круиз-контроль	2	3	3
79	Ксенон	2	3	3
81	Мультируль	2	3	3
84	Омыватель фар	2	3	3
85	Кондиционер	2	3	4
13	Климат-контроль	1	3	4
32	Подогрев сидений	1	3	4
8	Бортовой компьютер	1	3	5
37	Салон – кожа	2	3	1
38	Салон – комбинированный	2	3	1
39	Салон – ткань	2	3	1
26	Тонировка	1	3	1
40	Airbag	2	3	2
41	EBS	2	3	2
89	Новая резина	2	3	2
21	Навигационная система	1	3	4
27	Фаркоп	1	3	1
29	Электрозеркала	1	3	1
23	Парктроник	1	3	4
53	Гидравлические опоры	2	3	1
54	Гидроборт	2	3	1
55	Гидромолот	2	3	1
56	Грейферная гидравлика	2	3	1
57	Полный привод	2	3	1
58	Гусеницы	2	3	1
59	Электролебедка	2	3	1
30	Электропакет	1	3	4
82	Авт.печь (webasto)	2	3	4
24	Сигнализация	1	3	4
35	ASR (Антипробукс. система)	2	3	3
28	Центральный замок	1	3	3
31	Электростеклоподъемники	1	3	3
69	Корректор фар	2	3	3
45	Магнитола	2	3	3
87	Гидроусилитель руля	2	3	3
88	Горный тормоз	2	3	3
48	Противотуманки	2	3	4
49	Спальник	2	3	2
50	Телевизор	2	3	2
51	Холодильник	2	3	2
\.


--
-- Data for Name: complete_sets_car_types; Type: TABLE DATA; Schema: public; Owner: postgres
--

COPY complete_sets_car_types (complete_set_id, car_type_id) FROM stdin;
85	4
8	4
13	4
32	4
53	4
54	4
55	4
56	4
57	4
58	4
59	4
21	4
23	4
30	4
82	4
48	4
45	4
87	4
88	4
42	2
32	2
72	2
73	2
74	2
86	2
78	2
79	2
81	2
84	2
40	2
41	2
89	2
47	2
85	2
8	2
13	2
21	2
23	2
24	2
35	2
28	2
31	2
69	2
30	2
82	2
49	2
50	2
51	2
48	2
45	2
87	2
88	2
32	3
72	3
73	3
74	3
86	3
78	3
79	3
81	3
84	3
40	3
41	3
89	3
47	3
85	3
8	3
13	3
52	3
21	3
23	3
24	3
35	3
28	3
31	3
69	3
30	3
82	3
49	3
50	3
51	3
48	3
45	3
87	3
88	3
8	5
61	5
62	5
63	5
64	5
65	5
66	5
67	5
68	5
86	5
48	5
24	5
75	1
76	1
77	1
80	1
83	1
18	1
19	1
33	1
36	1
86	1
72	1
73	1
74	1
78	1
79	1
81	1
84	1
85	1
13	1
32	1
8	1
37	1
38	1
39	1
26	1
21	1
27	1
29	1
23	1
30	1
82	1
24	1
35	1
28	1
31	1
69	1
\.


--
-- Name: complete_sets_id_seq; Type: SEQUENCE SET; Schema: public; Owner: postgres
--

SELECT pg_catalog.setval('complete_sets_id_seq', 93, true);


--
-- Data for Name: employee_profiles; Type: TABLE DATA; Schema: public; Owner: postgres
--

COPY employee_profiles (id, user_id, office_id, fio, phone, role, created_at, updated_at, created_by, updated_by) FROM stdin;
2	2	1	Нурбек Орозбаев	0000000	0	1439971201	1439971201	1	1
1	1	2	Аматов Санжарбек Алишович	+996 700 106956	0	1430182589	1440580345	1	2
3	3	1	Каниетоа Айбек	00996778394894	1	1440580481	1440580481	2	2
4	4	1	Test	02356897	0	1453653635	1453653635	2	2
\.


--
-- Name: employee_profiles_id_seq; Type: SEQUENCE SET; Schema: public; Owner: postgres
--

SELECT pg_catalog.setval('employee_profiles_id_seq', 4, true);


--
-- Data for Name: employees; Type: TABLE DATA; Schema: public; Owner: postgres
--

COPY employees (id, auth_key, password_hash, password_reset_token, email, status, created_at, updated_at, created_by, updated_by) FROM stdin;
4	VVrUa1LL1gkDk70TpSlOFniLegvHRd_o	$2y$13$MtwFOGOcykz3Xz3R.boKn.ZXaqxrIzurgWcn8/pY/pEW7N8JLFeZa	\N	test@test.com	10	1453653635	1453653635	2	2
3	B__II8D2Xebs8N90yKBENdu4oOJ-nNMQ	$2y$13$L1wHNKxkVaWtoGdaiAQl6OMmm5Gy14A7w1RZrkXy0NTKLCDUbJQnS	\N	aybek@mail.ru	10	1440580481	1456240430	2	2
1	MYgzD1l8l84iwMELlgugNZw2gytza5mf	$2y$13$/65gPd31zhtEPagoUvW6Yu2CrlJKIDpUZDt5BHz2cEcxMk3EaTW8G	\N	asanjarbek@gmail.com	0	1430182589	1456245744	1	3
2	dVj72T7l6kpNtbmamhp5_tDgp_Gqkf5w	$2y$13$q5zl4KcrSadmiDXqS4SQPexxtDqCvhjCmfZ50er4Ij7oks5AEJY.y	\N	nurbekorozobaev@yahoo.com	10	1439971201	1456245824	1	3
\.


--
-- Name: employees_id_seq; Type: SEQUENCE SET; Schema: public; Owner: postgres
--

SELECT pg_catalog.setval('employees_id_seq', 4, true);


--
-- Data for Name: engines; Type: TABLE DATA; Schema: public; Owner: postgres
--

COPY engines (id, name, created_by, updated_by, frequency) FROM stdin;
6	Электро	2	3	1
7	Гибрид	2	3	1
3	Бензин/Газ	1	3	4
5	Бензин/Электро	2	3	4
4	Прочее	1	3	4
1	Бензин	1	3	5
2	Дизель	1	3	5
\.


--
-- Data for Name: engines_car_types; Type: TABLE DATA; Schema: public; Owner: postgres
--

COPY engines_car_types (engine_id, car_type_id) FROM stdin;
3	2
5	2
4	2
1	2
2	2
3	3
5	3
4	3
1	3
2	3
3	4
5	4
4	4
1	4
2	4
1	5
2	5
6	5
7	5
3	1
5	1
4	1
1	1
2	1
\.


--
-- Name: engines_id_seq; Type: SEQUENCE SET; Schema: public; Owner: postgres
--

SELECT pg_catalog.setval('engines_id_seq', 7, true);


--
-- Data for Name: images; Type: TABLE DATA; Schema: public; Owner: postgres
--

COPY images (id, car_id, filename, extension, is_main) FROM stdin;
1	1	55cb2dd4b4223	jpg	\N
3	1	55cb2dd4b8cd7	jpg	\N
91	18	566323aad358f	jpg	\N
92	18	566323aad5965	jpg	\N
93	18	566323aad5d8c	jpg	\N
4	1	55cb2dd4b9311	jpg	f
2	1	55cb2dd4b8601	jpg	t
5	2	55da8ff9b3839	jpg	\N
7	2	55da8ff9b957c	jpg	\N
8	2	55da8ff9b9cf0	jpg	\N
9	2	55da8ff9ba403	jpg	\N
10	2	55da8ff9bab90	jpg	\N
6	2	55da8ff9b8d20	jpg	t
11	4	55db5abdde969	jpg	\N
12	4	55db5abde20b0	jpg	\N
14	4	55db5abde2eb6	jpg	\N
15	4	55db5abde362a	jpg	\N
16	4	55db5abde3d18	jpg	\N
17	4	55db5abde4389	jpg	\N
18	4	55db5abde4a2e	jpg	\N
19	4	55db5abde5076	jpg	\N
20	4	55db5abde56c5	jpg	\N
13	4	55db5abde27aa	jpg	t
383	96	56f231cfd994c	jpg	\N
27	6	5660a7b1763d7	jpg	\N
94	19	566324169e45e	jpg	\N
384	96	56f231cfdbb0f	jpg	\N
385	96	56f231cfdbf03	jpg	\N
386	96	56f231cfdc333	jpg	\N
95	19	56632416a144c	jpg	\N
122	28	56647f3ef1fde	jpg	\N
61	12	56631b332046c	jpg	t
46	7	566313b54ff05	jpg	f
47	7	566313b550611	jpg	f
48	7	566313b550c29	jpg	f
51	7	566313b551ff1	jpg	f
97	21	5663252737b67	jpg	\N
53	8	56631414cacbb	jpg	f
55	8	56631414cdcd2	jpg	f
98	22	566325638511f	jpg	\N
52	8	56631414c5f1f	jpg	f
59	11	56631a9c3a5db	jpg	\N
60	12	56631b331cce9	jpg	\N
62	13	56631c86e79f7	jpg	f
64	13	56631c86ea9f7	jpg	f
65	13	56631c86eb035	jpg	f
66	13	56631c86eb64b	jpg	f
67	13	56631c86ebc49	jpg	f
68	13	56631c86ec224	jpg	f
69	13	56631c86ec759	jpg	f
70	13	56631c86eccbe	jpg	f
71	13	56631c86ed286	jpg	f
99	22	566325638743e	jpg	\N
63	13	56631c86ea2d4	jpg	f
72	14	56631d1dbe015	jpg	f
73	14	56631d1dc1a5c	jpg	f
75	14	56631d1dc2ae4	jpg	f
76	14	56631d1dc340f	jpg	f
77	14	56631d1dc3c2b	jpg	f
78	14	56631d1dc44c3	jpg	f
79	14	56631d1dc4cb2	jpg	f
80	14	56631d1dc54cb	jpg	f
81	14	56631d1dc5cdc	jpg	f
74	14	56631d1dc22fc	jpg	t
82	15	56631e3fd8055	jpg	\N
83	15	56631e3fdb1fa	jpg	\N
84	15	56631e3fdb7e8	jpg	\N
85	15	56631e3fdbdc2	jpg	\N
86	15	56631e3fdc36d	jpg	\N
87	15	56631e3fdc944	jpg	\N
88	16	566320a1bf43f	jpg	\N
89	17	5663220942719	jpg	\N
90	17	5663220944a2c	jpg	\N
100	23	566325cb55eeb	jpg	\N
101	23	566325cb58b83	jpg	\N
102	23	566325cb5900c	jpg	\N
103	23	566325cb59583	jpg	\N
104	24	5663260c7b5b5	jpg	\N
105	25	5664796186844	jpg	\N
107	25	5664796188eee	jpg	\N
108	25	56647961892d9	jpg	\N
115	27	56647cff21d6c	jpg	f
123	28	56647f3ef41e6	jpg	\N
106	25	5664796188b03	jpg	t
110	26	56647a5099e31	jpg	\N
111	26	56647a509a462	jpg	\N
112	26	56647a509aaaa	jpg	\N
113	26	56647a509b122	jpg	\N
121	27	56647cff242cf	jpg	f
124	28	56647f3f00384	jpg	\N
120	27	56647cff23c6a	jpg	f
125	28	56647f3f007a6	jpg	\N
114	27	56647cff1e6b3	jpg	f
109	26	56647a5096b58	jpg	t
116	27	56647cff22393	jpg	\N
117	27	56647cff229e5	jpg	\N
118	27	56647cff2301d	jpg	\N
119	27	56647cff23647	jpg	\N
127	28	56647f3f00f86	jpg	\N
128	28	56647f3f01338	jpg	\N
129	28	56647f3f016f4	jpg	\N
130	28	56647f3f01ad7	jpg	\N
131	28	56647f3f01eb4	jpg	\N
126	28	56647f3f00b9a	jpg	t
134	29	5664806128712	jpg	\N
135	29	5664806128b5c	jpg	t
133	29	56648061282fa	jpg	f
132	29	5664806125ebb	jpg	f
137	30	56652f1f0899d	jpg	\N
139	30	56652f1f091e9	jpg	\N
136	30	56652f1f0661e	jpg	t
96	19	56632416a196e	jpg	t
58	11	56631a9c36fe9	jpg	t
56	3	566314a0912e7	jpg	t
45	7	566313b54d9b7	jpg	t
140	30	56652f1f095e9	jpg	\N
141	30	56652f1f09b2c	jpg	\N
142	30	56652f1f09f0a	jpg	\N
143	30	56652f1f0a2f4	jpg	\N
144	30	56652f1f0a747	jpg	\N
138	30	56652f1f08d99	jpg	f
145	31	566530246ae44	jpg	f
146	31	566530246e3fa	jpg	f
147	31	566530246edf6	jpg	f
148	31	566530246f5cb	jpg	f
149	31	566530246fd9c	jpg	f
151	31	5665302470ddb	jpg	f
152	31	566530247166a	jpg	f
153	31	5665302471e65	jpg	f
154	31	566530247263f	jpg	f
150	31	56653024705cd	jpg	t
155	32	566530bdad15d	jpg	\N
157	32	566530bdaf7e5	jpg	\N
158	32	566530bdafbf5	jpg	\N
159	32	566530bdaffb6	jpg	\N
160	32	566530bdb0377	jpg	\N
161	32	566530bdb0760	jpg	\N
156	32	566530bdaf3c3	jpg	t
162	33	566533c83ef69	jpg	\N
164	33	566533c843a20	jpg	\N
163	33	566533c843464	jpg	t
165	34	56653427ea849	jpg	\N
166	34	56653427edcdc	jpg	\N
167	34	56653427ee36f	jpg	\N
168	34	56653427eea3c	jpg	\N
169	34	56653427ef0c4	jpg	\N
170	34	56653427ef769	jpg	\N
171	34	56653427f0038	jpg	\N
174	35	56653482a8601	jpg	\N
239	59	56c164e5630f1	jpg	\N
173	35	56653482a81c7	jpg	f
172	35	56653482a5dfb	jpg	t
175	36	566534ef4a193	jpg	\N
176	36	566534ef4d48d	jpg	\N
177	36	566534ef4da81	jpg	t
178	37	566536c88a27f	jpg	\N
180	37	566536c88caac	jpg	\N
181	37	566536c88ceb1	jpg	\N
182	37	566536c88d28b	jpg	\N
183	37	566536c88d69d	jpg	\N
184	37	566536c88da85	jpg	\N
185	37	566536c88de43	jpg	\N
186	37	566536c88e213	jpg	\N
179	37	566536c88c6dd	jpg	t
187	38	5665372071052	jpg	\N
188	38	5665372073024	jpg	\N
189	38	56653720733db	jpg	\N
190	38	56653720737bd	jpg	\N
191	38	5665372073b76	jpg	\N
192	39	5665376508415	jpg	\N
193	39	566537650b6ca	jpg	\N
194	39	566537650bc93	jpg	\N
195	39	566537650c268	jpg	\N
196	39	566537650c853	jpg	\N
197	39	566537650ce3c	jpg	t
198	40	566537cfd7ad2	jpg	\N
199	40	566537cfd99ab	jpg	\N
200	41	5665383e8dcdd	jpg	f
201	41	5665383e9098c	jpg	f
202	41	5665383e910c4	jpg	f
203	41	5665383e916c5	jpg	f
204	41	5665383e91d29	jpg	f
205	41	5665383e9230a	jpg	f
206	41	5665383e9291d	jpg	f
207	41	5665383e93089	jpg	f
208	41	5665383e93910	jpg	f
209	41	5665383e9429f	jpg	f
371	2	56f13ecd06480	jpg	f
372	2	56f13ecd06f77	jpg	f
373	2	56f13ecd075bd	jpg	f
374	2	56f13ecd07baa	jpg	f
375	2	56f13ecd081be	jpg	f
376	2	56f13ecd086d5	jpg	f
377	2	56f13ecd08c63	jpg	f
378	2	56f13ecd09136	jpg	f
379	2	56f13ecd0966d	jpg	f
387	97	56f2321664567	jpg	\N
224	47	56bc0ba304170	jpg	f
225	48	56bc0c3434bf7	jpg	f
226	49	56bc0c5a76323	jpg	f
231	58	56c16493e9255	jpg	\N
232	58	56c16493e96db	jpg	\N
233	58	56c16493e9b13	jpg	\N
234	58	56c16493e9efa	jpg	\N
235	58	56c16493ea349	jpg	\N
236	58	56c16493ea71d	jpg	\N
237	58	56c16493eac07	jpg	\N
238	58	56c16493eb091	jpg	\N
259	63	56c551fd5e53e	jpg	f
260	64	56c552942c337	jpg	f
230	58	56c16493e6ee8	jpg	t
248	62	56c545533e096	jpg	\N
249	62	56c545534181f	jpg	\N
250	62	56c5455341e0e	jpg	\N
251	62	56c54553424a5	jpg	\N
252	62	56c5455342a94	jpg	\N
253	62	56c545534309f	jpg	\N
254	62	56c5455343707	jpg	\N
255	60	56c55122e00bf	jpg	f
256	60	56c55122e2f3a	jpg	f
257	60	56c55122e36a1	jpg	f
264	65	56c55306842ff	jpg	f
263	65	56c5530683ade	jpg	t
268	67	56c573d5311e7	jpg	\N
266	66	56c55574dd3a0	jpg	t
265	66	56c55574d99ec	jpg	f
269	67	56c573d5335bf	jpg	\N
270	67	56c573d5339b1	jpg	\N
271	68	56c5742db50ca	jpg	\N
277	71	56cc87e7ed967	jpg	\N
278	72	56cc8851c23ca	jpg	\N
279	73	56cc88be96234	jpg	\N
280	74	56cc89261b6a3	jpg	\N
380	95	56f1430597de4	jpg	\N
282	76	56d129f926d02	jpg	\N
283	78	56d1b9558aa67	jpg	\N
284	79	56d1b997137c8	jpg	\N
285	80	56d1b9d23e7ef	jpg	\N
286	81	56d1ba02efa79	jpg	\N
287	82	56d1ba4604814	jpg	\N
288	83	56d1d55c35530	jpg	\N
290	83	56d1d55c37dcc	jpg	\N
291	83	56d1d55c38185	jpg	\N
292	83	56d1d55c3854d	jpg	\N
293	83	56d1d55c38945	jpg	\N
294	83	56d1d55c38cf4	jpg	\N
289	83	56d1d55c379a2	jpg	t
295	84	56d30536b8ab8	jpg	\N
296	85	56de7e4dbaf1c	jpg	\N
297	85	56de7e4dbeb61	jpg	\N
298	85	56de7e4dbf19b	jpg	\N
299	85	56de7e4dbf884	jpg	\N
301	85	56de7e4dc0545	jpg	\N
302	85	56de7e4dc0bfb	jpg	\N
303	85	56de7e4dc10a5	jpg	\N
304	85	56de7e4dc16bf	jpg	\N
300	85	56de7e4dbff4b	jpg	t
305	86	56de7f5312d22	jpg	\N
306	86	56de7f5315210	jpg	\N
307	86	56de7f53156c1	jpg	\N
308	86	56de7f5315ab8	jpg	\N
309	86	56de7f5315eae	jpg	\N
310	86	56de7f53162b0	jpg	\N
311	87	56deb88273af3	jpg	\N
312	87	56deb8827605b	jpg	\N
313	87	56deb88276456	jpg	\N
381	95	56f1430599ff3	jpg	\N
382	95	56f143059a438	jpg	\N
388	98	56f2324b637d5	jpg	\N
389	98	56f2324b65848	jpg	\N
390	98	56f2324b65c5a	jpg	\N
391	98	56f2324b66081	jpg	\N
322	90	56deb98be9cfb	jpg	\N
324	90	56deb98bede42	jpg	\N
325	90	56deb98bee81b	jpg	\N
326	90	56deb98beee9a	jpg	\N
323	90	56deb98bed714	jpg	t
\.


--
-- Name: images_id_seq; Type: SEQUENCE SET; Schema: public; Owner: postgres
--

SELECT pg_catalog.setval('images_id_seq', 391, true);


--
-- Data for Name: kuzovs; Type: TABLE DATA; Schema: public; Owner: postgres
--

COPY kuzovs (id, name, created_by, updated_by, frequency) FROM stdin;
10	Автоцистерна	2	3	1
11	Бортовой грузовик	2	3	1
12	Вакуумная машина	2	3	1
14	Для перевозки скота	2	3	1
15	Изотермический кузов	2	3	1
6	Универсал	1	3	1
16	Контейнеровоз	2	3	1
17	Лесовоз	2	3	1
18	Плетевоз	2	3	1
19	Рефрижератор	2	3	1
20	Рыбовоз	2	3	1
21	Самосвал	2	3	1
22	Тент	2	3	1
23	Термокузов	2	3	1
24	Трубовоз	2	3	1
26	Шасси	2	3	1
8	Автовоз	2	3	1
9	Автотопливозаправщик	2	3	1
7	Хетчбек	1	3	1
1	Внедорожник	1	3	1
2	Купе	1	3	1
3	Минивен	1	3	1
4	Пикап	1	3	1
5	Седан	1	3	1
56	Микроавтобус	3	3	1
25	Фургон	2	3	2
27	Другое	2	3	2
37	Бетононасос	2	3	1
42	Грейдер	2	3	1
43	Дорожная	2	3	1
44	Коммунальная	2	3	1
45	Кран	2	3	1
46	Погрузчик	2	3	1
47	Прицеп	2	3	1
48	Сельхозтехника	2	3	1
49	Спецавтомобили	2	3	1
50	Строительная	2	3	1
51	Трактор	2	3	1
52	Цементовоз	2	3	1
53	Эвакуатор	2	3	1
54	Экскаватор	2	3	1
13	Вахтовый	2	3	2
31	Специальный	2	3	1
32	Туристический	2	3	1
33	Школьный	2	3	1
34	Прочее	2	3	1
28	Городской	2	3	1
29	Междугородный	2	3	1
30	Пригородный	2	3	1
35	Автовышка	2	3	1
55	 Автовышка	2	2	0
36	Бензовоз	2	3	1
38	Бетоносмеситель	2	3	1
39	Бульдозер	2	3	1
40	Газозаправщик	2	3	1
41	Горнодобывающий	2	3	1
\.


--
-- Data for Name: kuzovs_car_types; Type: TABLE DATA; Schema: public; Owner: postgres
--

COPY kuzovs_car_types (kuzov_id, car_type_id) FROM stdin;
27	4
37	4
42	4
43	4
44	4
45	4
46	4
47	4
48	4
49	4
50	4
51	4
52	4
53	4
54	4
35	4
36	4
38	4
39	4
40	4
41	4
6	1
7	1
1	1
2	1
3	1
4	1
5	1
56	1
25	1
13	2
27	2
10	2
11	2
12	2
14	2
15	2
16	2
17	2
18	2
19	2
20	2
21	2
22	2
23	2
24	2
25	2
26	2
8	2
9	2
13	3
31	3
32	3
33	3
34	3
28	3
29	3
30	3
\.


--
-- Name: kuzovs_id_seq; Type: SEQUENCE SET; Schema: public; Owner: postgres
--

SELECT pg_catalog.setval('kuzovs_id_seq', 56, true);


--
-- Data for Name: markas; Type: TABLE DATA; Schema: public; Owner: postgres
--

COPY markas (id, car_type_id, name, created_by, updated_by) FROM stdin;
1	1	Acura	1	1
2	1	Alfa Romeo	1	1
3	1	Aston Martin	1	1
4	1	Audi	1	1
5	1	Bentley	1	1
6	1	BMW	1	1
7	1	Bugatti	1	1
20	1	Buick	2	2
21	1	Cadillac	2	2
22	1	Chevrolet	2	2
23	3	Asia 	2	2
24	3	Daewoo 	2	2
25	3	Daihatsu 	2	2
26	3	DAF	2	2
27	3	DongFeng 	2	2
28	3	Drögmöller	2	2
29	3	EOS	2	2
30	3	Evobus	2	2
31	3	Fiat	2	2
32	3	Ford	2	2
33	3	Golden Dragon 	2	2
34	3	Higer 	2	2
35	3	Hyundai 	2	2
36	3	Ikarbus 	2	2
37	3	Ikarus 	2	2
38	3	Isuzu 	2	2
39	3	IVECO 	2	2
40	3	JAC 	2	2
41	3	Karosa 	2	2
42	3	Kia 	2	2
43	3	King Long 	2	2
44	3	MAN 	2	2
45	3	Mercedes-Benz 	2	2
46	3	Mitsubishi 	2	2
47	3	Mudan 	2	2
48	3	Neoplan 	2	2
49	3	Nissan	2	2
50	3	Renault 	2	2
51	3	Scania 	2	2
52	3	Setra 	2	2
53	3	Shen Long 	2	2
54	3	Ssang Yong 	2	2
55	3	TAM 	2	2
56	3	Tata 	2	2
57	3	Temsa 	2	2
58	3	Toyota 	2	2
59	3	Vanhool 	2	2
60	3	Volkswagen 	2	2
61	3	Volvo 	2	2
62	3	Yutong 	2	2
63	3	Zhong Tong 	2	2
64	3	Zonda 	2	2
65	3	БАЗ	2	2
66	3	Богдан 	2	2
67	3	Волжанин 	2	2
68	3	ГАЗ 	2	2
69	3	ГолАЗ 	2	2
70	3	ЗИЛ 	2	2
71	3	КАвЗ 	2	2
72	3	КамАЗ 	2	2
73	3	Кубань 	2	2
74	3	ЛАЗ 	2	2
75	3	ЛиАЗ 	2	2
76	3	МАЗ 	2	2
77	3	МАРЗ 	2	2
78	3	НефАЗ 	2	2
79	3	ПАЗ 	2	2
80	3	РАФ 	2	2
81	3	РоАЗ 	2	2
82	3	СЕМАР 	2	2
83	3	Урал 	2	2
84	3	Прочие	2	2
85	2	Avia 	2	2
86	2	Barkas 	2	2
87	2	BAW 	2	2
88	2	Bremach 	2	2
89	2	CAMC 	2	2
90	2	Caterpillar 	2	2
91	2	Chevrolet 	2	2
92	2	Citroen 	2	2
93	2	Daewoo 	2	2
94	2	Daihatsu	2	2
95	2	DAF 	2	2
96	2	Dongfeng 	2	2
97	2	Eagle 	2	2
98	2	ERF 	2	2
99	2	FAW 	2	2
100	2	Fiat 	2	2
101	2	Ford 	2	2
102	2	Forland 	2	2
103	2	Foton 	2	2
104	2	Freightliner 	2	2
105	2	GMC 	2	2
106	2	Groz 	2	2
107	2	Hania 	2	2
108	2	Hino 	2	2
109	2	Howo 	2	2
110	2	Huanghai 	2	2
111	2	Hyundai 	2	2
112	2	IFA 	2	2
113	2	International 	2	2
114	2	Isuzu 	2	2
115	2	Iveco 	2	2
116	2	JAC 	2	2
117	2	Jelcz 	2	2
118	2	JMC 	2	2
119	2	Kenworth 	2	2
120	2	KIA 	2	2
121	2	Komatsu	2	2
122	2	LDV 	2	2
123	2	LIAZ 	2	2
124	2	Mack 	2	2
125	2	Magnum 	2	2
126	2	MAN 	2	2
127	2	Mazda 	2	2
128	2	Mercedes-Benz 	2	2
129	2	Mitsubishi 	2	2
130	2	Mudan 	2	2
131	2	Nissan 	2	2
132	2	Opel 	2	2
133	2	Peterbilt 	2	2
134	2	Peugeot 	2	2
135	2	Renault 	2	2
136	2	Robur 	2	2
137	2	Scania 	2	2
138	2	Sinotruck 	2	2
139	2	Skoda 	2	2
140	2	Steyr 	2	2
141	2	Suzuki	2	2
142	2	Tata 	2	2
143	2	Tatra 	2	2
144	2	Toyota 	2	2
145	2	Volkswagen 	2	2
146	2	Volvo 	2	2
147	2	Yuejin 	2	2
148	2	Zuk 	2	2
149	2	БЕЛАЗ 	2	2
150	2	ГАЗ 	2	2
151	2	ЗАЗ 	2	2
152	2	ЗИЛ 	2	2
153	2	ЗИС 	2	2
154	2	КамАЗ 	2	2
155	2	КАЗ 	2	2
156	2	КРАЗ 	2	2
157	2	ЛУАЗ 	2	2
158	2	МАЗ 	2	2
159	2	РАФ 	2	2
160	2	УАЗ 	2	2
161	2	УРАЛ 	2	2
162	2	Прочие	2	2
163	5	Adler 	2	2
165	5	Adly 	2	2
166	5	Aeon 	2	2
167	5	Aermacchi 	2	2
168	5	AJS 	2	2
169	5	Alesin 	2	2
170	5	Alfa 	2	2
171	5	Alfamoto 	2	2
172	5	AlphaSports 	2	2
173	5	ALX 	2	2
174	5	American Iron Horse 	2	2
175	5	Aprilia 	2	2
176	5	Arctic Cat 	2	2
177	5	Ardie 	2	2
178	5	Ardis 	2	2
179	5	Argo 	2	2
180	5	Armada 	2	2
181	5	ArmadaMoto 	2	2
182	5	ATK 	2	2
183	5	Augusta 	2	2
184	5	Azel 	2	2
185	5	BamX 	2	2
186	5	Baotian 	2	2
187	5	Bashan 	2	2
188	5	Benelli 	2	2
189	5	Blata 	2	2
190	5	BMW 	2	2
191	5	Bombardier 	2	2
192	5	Boss Hoss 	2	2
193	5	BSA 	2	2
194	5	Buell 	2	2
195	5	BV 	2	2
196	5	Cagiva 	2	2
197	5	Can-Am 	2	2
198	5	CCM 	2	2
199	5	Cectek 	2	2
200	5	Cezeta 	2	2
201	5	CF Moto 	2	2
202	5	Corrado 	2	2
203	5	CPI 	2	2
204	5	CZ 	2	2
205	5	Daelim 	2	2
206	5	Defiant 	2	2
207	5	Derbi 	2	2
208	5	Diamo 	2	2
209	5	DKW 	2	2
210	5	Ducati 	2	2
211	5	E-max 	2	2
212	5	Eriskay 	2	2
213	5	Factory Bike 	2	2
214	5	Fada 	2	2
215	5	Fantic 	2	2
216	5	Flybo 	2	2
217	5	Forsage 	2	2
218	5	Fosti 	2	2
219	5	Futong 	2	2
220	5	G-max 	2	2
221	5	G&A 	2	2
222	5	GAS GAS 	2	2
223	5	Generic 	2	2
224	5	Genuine Scooter 	2	2
225	5	Geon 	2	2
226	5	Gilera 	2	2
227	5	Harley-Davidson 	2	2
228	5	Hero Honda 	2	2
229	5	Highland 	2	2
230	5	Hisun 	2	2
231	5	Honda 	2	2
232	5	Husqvarna 	2	2
233	5	Hyosung 	2	2
234	5	Italjet 	2	2
235	5	Jawa 	2	2
236	5	Kawasaki 	2	2
237	5	Keeway 	2	2
238	5	KTM 	2	2
239	5	Kymco 	2	2
240	5	Lantana 	2	2
241	5	Leopard 	2	2
242	5	Liberty GMG	2	2
243	5	Lifan 	2	2
244	5	NWS 	2	2
245	5	Peugeot 	2	2
246	5	Piaggio 	2	2
247	5	Polaris 	2	2
248	5	Racer 	2	2
249	5	Sabur 	2	2
250	5	Sachs 	2	2
251	5	Segway 	2	2
252	5	Simson 	2	2
253	5	Ski Doo 	2	2
254	5	Skymoto 	2	2
255	5	Speed Gear 	2	2
256	5	Spirit 	2	2
257	5	Sport Energy 	2	2
258	5	Stinger 	2	2
259	5	Suzuki 	2	2
260	5	Tiger 	2	2
261	5	Triumph 	2	2
262	5	Truva 	2	2
263	5	Victory 	2	2
264	5	Viper 	2	2
265	5	Yamaha 	2	2
266	5	Zongshen 	2	2
267	5	Zundapp 	2	2
268	5	Акула 	2	2
269	5	Днепр 	2	2
270	5	ИЖ 	2	2
271	5	Карпаты 	2	2
272	5	Минск 	2	2
273	5	Рига 	2	2
274	5	Тайга 	2	2
275	5	Тула 	2	2
276	5	Урал 	2	2
277	5	Прочие	2	2
278	4	Agricola 	2	2
279	4	Agrifac 	2	2
280	4	AGT 	2	2
281	4	Aichi 	2	2
282	4	Airman 	2	2
283	4	Akros 	2	2
284	4	Amazone 	2	2
285	4	Amco Veba 	2	2
286	4	Ammann 	2	2
287	4	Anna 	2	2
288	4	Armadillo 	2	2
289	4	Atlas  	2	2
290	4	Balkancar 	2	2
291	4	Baoli 	2	2
292	4	Bauer 	2	2
293	4	BKS 	2	2
294	4	Bobcat 	2	2
295	4	Bomag 	2	2
296	4	Boschung 	2	2
297	4	Brinkmann 	2	2
298	4	BT 	2	2
299	4	Carmix 	2	2
300	4	CARRY 	2	2
301	4	Case 	2	2
302	4	Caterpillar 	2	2
303	4	Cheng Gong 	2	2
304	4	Cifa 	2	2
305	4	Claas 	2	2
306	4	Daewoo 	2	2
307	4	DAF 	2	2
308	4	Daimler 	2	2
309	4	Dalian 	2	2
310	4	Denmark 	2	2
311	4	Detva 	2	2
312	4	DitchWitch 	2	2
313	4	Doosan 	2	2
314	4	Dressta 	2	2
315	4	Dynapac 	2	2
316	4	Eder 	2	2
317	4	FAW	2	2
318	4	Fendt 	2	2
319	4	Ford 	2	2
320	4	Fortschritt 	2	2
321	4	Foton 	2	2
322	4	Franz Kleine	2	2
323	4	Fuchs 	2	2
324	4	Furukawa 	2	2
325	4	Geringhoff 	2	2
326	4	Green Plain 	2	2
327	4	Gregoire Besson	2	2
328	4	Grimme 	2	2
329	4	Grove 	2	2
330	4	Hamm 	2	2
331	4	Hania 	2	2
333	4	Hanix 	2	2
334	4	Hanomag 	2	2
335	4	Heli 	2	2
336	4	Hiab 	2	2
337	4	HIDROMEK 	2	2
338	4	Hinomoto 	2	2
339	4	Hitachi 	2	2
340	4	Holmer 	2	2
341	4	Howo 	2	2
342	4	Hyster 	2	2
343	4	Hyundai 	2	2
344	4	IHI 	2	2
345	4	Iseki 	2	2
346	4	Isuzu 	2	2
347	4	Iveco 	2	2
348	4	JCB 	2	2
349	4	John Deere 	2	2
350	4	Kalmar 	2	2
351	4	Kato 	2	2
352	4	Kioti 	2	2
353	4	Kleine 	2	2
354	4	Kobelco 	2	2
355	4	Komatsu 	2	2
356	4	Kubota 	2	2
357	4	Lamborghini 	2	2
358	4	Landini 	2	2
359	4	Laverda 	2	2
360	4	Lemken 	2	2
361	4	Liebherr 	2	2
362	4	Linde 	2	2
363	4	LiuGong 	2	2
364	4	Locust 	2	2
365	4	Makita 	2	2
366	4	MAN 	2	2
367	4	Manitou 	2	2
368	4	Massey Ferguson 	2	2
369	4	Matrot 	2	2
370	4	Meller 	2	2
371	4	Mercedes 	2	2
372	4	Merlo 	2	2
373	4	Mitsubishi 	2	2
374	4	Multicar 	2	2
375	4	Neuson 	2	2
376	4	New Holland 	2	2
377	4	Nissan 	2	2
378	4	NYK 	2	2
379	4	O&K 	2	2
380	4	Palesse 	2	2
381	4	PPM 	2	2
382	4	Putzmeister 	2	2
383	4	Renault 	2	2
384	4	Shandong 	2	2
385	4	Shinko 	2	2
386	4	Skid loader 	2	2
387	4	Stalowa Wola 	2	2
388	4	STILL 	2	2
389	4	Struik	2	2
390	4	Sumitomo 	2	2
391	4	Svetruck 	2	2
392	4	TA-NO 	2	2
393	4	Tadano 	2	2
394	4	Sampo Rosenlew 	2	2
395	4	Sany 	2	2
396	4	Scania 	2	2
397	4	Schaeff 	2	2
398	4	Schwing 	2	2
399	4	Sennebogen 	2	2
400	4	Takeuchi 	2	2
401	4	Tatra 	2	2
402	4	TCM 	2	2
403	4	Terex 	2	2
404	4	TIGARBO 	2	2
405	4	Toyota 	2	2
406	4	Unic 	2	2
407	4	Valmet 	2	2
408	4	Vermeer 	2	2
409	4	Vervaet 	2	2
410	4	Vibromax 	2	2
411	4	Vogele 	2	2
412	4	Volkswagen 	2	2
413	4	Volvo 	2	2
414	4	ВС 	2	2
415	4	Wecan 	2	2
416	4	Wirtgen 	2	2
417	4	XCMG 	2	2
418	4	Yale 	2	2
419	4	Yanmar 	2	2
420	4	Zeppelin 	2	2
421	4	АГП 	2	2
422	4	АПТЛ 	2	2
423	4	АТЕК 	2	2
424	4	БАТ 	2	2
425	4	Беларус 	2	2
426	4	БЕЛАЗ 	2	2
427	4	БК 	2	2
428	4	Борэкс 	2	2
429	4	БТМ 	2	2
430	4	БТР 	2	2
431	4	ВТЗ 	2	2
432	4	ГАЗ 	2	2
433	4	ДОН 	2	2
434	4	ДТ 	2	2
435	4	ДЗ 	2	2
436	4	ЗИЛ 	2	2
437	4	АП 	2	2
438	4	АПТ 	2	2
439	4	КамАЗ 	2	2
440	4	Карпатец 	2	2
441	4	КБ 	2	2
442	4	КГ 	2	2
443	4	Кировец 	2	2
444	4	КК 	2	2
445	4	КМЗ 	2	2
446	4	КП 	2	2
447	4	КРАЗ 	2	2
448	4	КС 	2	2
449	4	КТА 	2	2
450	4	Кыргызстан 	2	2
451	4	Львовский 	2	2
452	4	МАЗ 	2	2
453	4	МКГ 	2	2
454	4	МоАЗ 	2	2
455	4	МТЗ 	2	2
456	4	Нива 	2	2
457	4	ПБУ 	2	2
458	4	ПЗМ 	2	2
459	4	РДК 	2	2
460	4	СКГ 	2	2
461	4	ТМК 	2	2
462	4	ТВ 	2	2
463	4	Урал 	2	2
464	4	ВПС 	2	2
465	4	ВТ 	2	2
466	4	ХТЗ 	2	2
467	4	ЭО 	2	2
468	4	ЭОВ 	2	2
469	4	ЮМЗ 	2	2
470	4	Прочие	2	2
471	1	Chrysler	2	2
472	1	Citroen	2	2
473	1	Daewoo	2	2
474	1	Daihatsu	2	2
476	1	Dodge	2	2
477	1	Ferrari	2	2
478	1	Fiat	2	2
479	1	Ford 	2	2
480	1	GMC	2	2
481	1	Honda	2	2
482	1	Hummer	2	2
483	1	Hyundai	2	2
484	1	Infinity	2	2
485	1	Isuzu	2	2
486	1	Iveco	2	2
487	1	Jaguar	2	2
488	1	Jeep	2	2
489	1	Kia	2	2
491	1	Lamborghini	2	2
492	1	Land rover	2	2
493	1	Lexus	2	2
494	1	Lincoln	2	2
495	1	Mahindra	2	2
496	1	Maserati	2	2
497	1	Maybach	2	2
498	1	Mazda	2	2
499	1	Mercedes	2	2
500	1	MG	2	2
501	1	Mini	2	2
502	1	Mitsubishi	2	2
503	1	Nissan	2	2
504	1	Opel	2	2
505	1	Peugeot	2	2
506	1	Pontiac	2	2
507	1	Porsche	2	2
508	1	Proton	2	2
509	1	Renault	2	2
510	1	Rolls Royce	2	2
511	1	Rover	2	2
512	1	Saab	2	2
513	1	Seat	2	2
514	1	Skoda	2	2
515	1	Smart	2	2
516	1	Ssangyong	2	2
517	1	Subaru	2	2
518	1	Suzuki	2	2
519	1	Tata	2	2
520	1	Toyota	2	2
521	1	VW	2	2
522	1	Volvo	2	2
533	1	ВАЗ(Lada)	2	2
534	1	ГАЗ	2	2
535	1	ЗАЗ	2	2
536	1	ЗИЛ	2	2
537	1	ИЖ  	2	2
538	1	УАЗ	2	2
539	1	Москвич	2	2
540	1	Прочие	2	2
\.


--
-- Name: markas_id_seq; Type: SEQUENCE SET; Schema: public; Owner: postgres
--

SELECT pg_catalog.setval('markas_id_seq', 540, true);


--
-- Data for Name: message; Type: TABLE DATA; Schema: public; Owner: postgres
--

COPY message (id, language, translation) FROM stdin;
16	en	Body
16	ky	Кузов
17	ru	Привод
17	ky	Привод
7153	ru	\N
18	ru	Коробка
18	ky	Коробка
19	en	Engine
7	ru	\N
7	en	\N
7	ky	\N
8	ru	\N
8	en	\N
8	ky	\N
19	ky	Мотор
20	en	Engine volume
20	ky	Мотордун колому
21	ru	Цвет
22	ru	Состояние
21	ky	Тусу
7153	en	\N
22	ky	Абалы
34	ru	Все
25	en	Mileage
25	ky	Пробег
26	ru	Описание
26	ky	Кыскача маалымат
28	en	Rent
28	ky	Прокат
29	ru	Цена
29	ky	Баасы
32	ky	Баары
33	ky	Баары
27	ru	\N
27	en	\N
27	ky	\N
6	en	All made
6	ky	Баары
7153	ky	\N
154	ky	Өзгөртүүлөрдү сакта
43	en	All
43	ky	Баары
44	en	All categories
45	ru	Сохранить
45	en	Save
45	ky	Сакта
46	en	Close
46	ky	Жап
131	ky	Колдонуу эрежелерин кабылдайм
135	ru	Название
138	ru	araba.kg- главная страница
47	ru	Категория
49	en	Updated At
50	ru	Марка
49	ky	Дата обнавления
50	ky	Марка
984	en	Car Models
36	ky	Издөө сал
138	ky	araba.kg- башкы бет
62	en	Acura
141	en	araba.kg- login page
144	en	Payment
147	ru	Партнеры
151	ru	Привод
151	ky	Привод
154	ru	Сохранить изменения
158	ky	Машина туру
62	ky	Acura
64	ru	Aston Martin
4	ky	Кирүү
55	en	State-all
48	ky	Датасын карап
7154	ru	\N
54	en	Steering-all
64	ky	Aston Martin
985	ru	Серия
985	en	Sub-model
985	ky	Серия
986	en	Sub-model status
30	en	Created By
30	ky	Ким тузду
31	en	Updated By
65	ru	Audi
65	en	Audi
66	ru	Bentley
66	en	Bentley
66	ky	Bentley
67	ru	BMW
67	ky	BMW
68	ru	Bugatti
68	en	Bugatti
68	ky	Bugatti
1552	en	114
63	ru	Alfa Romeo
63	ky	Alfa Romeo
1	en	Show all
2	ru	Наши партнеры
2	ky	Биздин партнерлор
54	ky	Руль-баары
4	ru	Вход
4	en	Sign in
59	en	Body-all
5	en	Language
5	ky	Тил
32	ru	Все
34	en	All
56	ky	Жылдан
10	ru	Год до
10	en	Year to
10	ky	Жылга
11	en	Price
11	ky	Баасы
12	en	Price to
59	ky	Кузов-баары
13	en	Made
13	ky	Марка
14	en	Model 
58	en	Engine-all
15	en	Wheel 
15	ky	Руль
23	ru	Регион
23	ky	Регион
24	en	Year
24	ky	Жылы
34	ky	Баары
35	ru	Все
35	en	All
35	ky	Баары
36	en	Search
58	ky	Мотор-баары
37	en	Detailed search
38	ru	Цена от
38	en	Price from
47	ky	Категория
52	ru	Цвет-все
39	en	All 
39	ky	Баары
41	ru	Поиск
41	en	Search 
42	ru	Тип
42	en	Type
42	ky	Туру
52	en	Color-all
55	ky	Регион-баары
60	en	Type-all
53	en	Model
53	ky	Модель
9	en	Year from
56	en	Year from
57	en	Year to
57	ky	Жылга
127	ru	Имя
127	en	Name
7154	en	\N
129	ky	Сырсөздү кайталаңыз
128	ky	Моб. телефон
128	en	Mobile phone
137	ru	Баннеры
129	ru	Повторить пароль
129	en	Repeat password
7154	ky	\N
130	ru	Условия использования
130	en	Terms of Use
130	ky	Колдонуу эрежелери
131	ru	Я принимаю Условия использования
131	en	I accept Terms of Use
133	ru	Условия использования
133	ky	Колдонуу эрежелери
134	en	Sign up
134	ky	Регистрация
135	en	Company name
135	ky	Аталышы
136	en	Telephone 
136	ky	Телефон
137	en	Banners
137	ky	Баннерлер
138	en	araba.kg- main page
139	ru	araba.kg- результаты поиска
139	ky	araba.kg- издоо бети
140	en	araba.kg- place advertisement
141	ru	araba.kg- вход
141	ky	araba.kg- кируу
142	ru	Тарифы
142	ky	Тариф
103	ru	\N
103	en	\N
103	ky	\N
104	ru	\N
104	en	\N
104	ky	\N
105	ru	\N
105	en	\N
105	ky	\N
106	ru	\N
106	en	\N
106	ky	\N
143	ru	Отчеты
143	ky	Отчет
120	ky	сырсөз
127	ky	Аты-жөнүңүз
144	ru	Платеж
144	ky	Толом
145	ru	Офисы
145	ky	Офистер
146	en	Users
146	ky	Колдонуучулар
147	en	Partners
147	ky	Партнерлор
148	en	References
148	ky	Справочник
150	en	Body
150	ky	Кузов
151	en	Drive
156	ru	Марки
132	en	I agree with the
149	ru	Модель машины
149	ky	Модель
109	en	Acura
109	ky	Acura
110	en	Alfa Romeo
110	ky	Alfa Romeo
111	en	Aston Martin
111	ky	Aston Martin
112	en	Audi
112	ky	Audi
113	ru	Bentley
113	en	Bentley
114	ru	BMW
114	en	BMW
114	ky	BMW
115	ru	Bugatti
115	ky	Bugatti
1552	ky	114
76	ky	Сол
77	ru	Правый
78	en	Bishkek/Chuy obl.
79	ru	Ош 
79	en	Osh
79	ky	Ош 
80	en	Jalal-abad
80	ky	Жалал-абад
81	en	Batken
81	ky	Баткен 
82	en	Issyk-kol
83	ru	Нарын 
83	en	Naryn
84	ru	Талас 
84	en	Talas
85	ru	На заказ
85	en	For order
86	ru	Бензин
86	en	Petrol
87	ru	Дизель
87	en	Diesel
88	ru	Бензин/Газ
88	ky	Бензин/Газ
89	en	Other
89	ky	Башка
90	en	Off road
90	ky	Жолтандабас
91	en	Coupe/sports
91	ky	Купе
92	en	Minivan
92	ky	Минивен
93	en	Pick-up
93	ky	Пикап
94	en	Saloon
94	ky	Седан
95	en	Estate car
96	ru	Хетчбек
96	en	Small car
102	en	Lorry model
98	en	Bus model
107	ru	Модель
97	ru	Модель
99	ru	Модель
98	ru	Модель автобуса
100	en	Lorry model
102	ky	Грузовик модели
100	ru	Модель грузовика
107	en	Model
107	ky	Модель
108	ru	Модель спец. техники
116	ru	Модель мотоцикла
116	en	Motorcycle model
117	ru	Вход/Регистрация
118	ru	Вы уже участник…
118	en	Already member…
119	ru	email
119	en	email
119	ky	email
120	en	password
121	en	remember me
122	ru	Забыли пароль
123	ru	Вход
154	en	Save changes
155	ru	Отменить
155	en	Cancel
182	ru	Год выпуска
182	ky	Жылы
183	ru	Список авто
183	ky	Авто тизмеси
184	ru	Авто
184	en	Cars
185	ru	Настройки
185	en	Settings
186	ru	Пополнить баланс
187	ru	Ваш номер
187	en	Your number
187	ky	Сиздин номер
188	en	Your balance
189	ru	сом
189	en	som
189	ky	сом
190	ru	Авто
190	en	Auto
190	ky	Авто
248	en	Rear wheel
245	en	Contact
245	ky	Контакт
248	ky	Арткы
249	ky	жакшы
7155	ru	\N
250	en	Features
250	ky	Комплектация
251	ru	ABS
251	en	ABS
252	ru	SRS
252	en	SRS
252	ky	SRS
253	en	Rear camera
253	ky	Арткы камера
254	en	Headlamp control
255	ru	Легкосплавные диски
255	ky	Женил сплав дисктер
256	en	Trailing
256	ky	Фаркоп
257	en	Fully electric
257	ky	Электропакет
258	en	Fully equipped
1492	ru	AR1
1492	en	AR1
291	ru	Имя файла
291	ky	Файлдын аты
296	en	Condition
300	ru	Создать партнер
303	ky	Сурот
306	en	Create Tariff
310	ru	Клиент
314	ru	Сброс
317	ru	Пользователи
317	ky	Колдонуучулар
320	ru	ID сотрудника
320	ky	Жумушчу ID
324	ky	Мотор
341	ru	Изменения успешно сохранены
986	ky	Серия статусу
157	ru	Создать {modelClass}
1553	ru	свежее
246	ky	
1494	en	very good
7155	en	\N
341	ky	Өзгөртүүлөр ийгиликтүү сакталды
249	en	good
247	ru	8C
247	en	8C
170	en	Office
170	ky	Офис
1493	en	Front wheel
1493	ky	Алдынкы
247	ky	8C
1495	ru	Авт.печь (webasto)
267	ru	ID пользователя
7155	ky	\N
267	en	User ID
267	ky	Колдонуучу ID
152	ru	Двигатель
152	ky	Мотор
153	en	Features
153	ky	Комплектация
155	ky	Жокко чыгар
156	en	Made
156	ky	Марка
157	en	Create {modelClass}
158	ru	Тип машины
158	en	Car Type
159	ru	Название
159	en	Name
160	ru	Привод
160	en	Drive
161	en	User Profiles
162	en	New user
162	ky	Жаны колдонуучу
163	ru	Ф.И.О.
163	ky	Ф.И.О.
164	ru	email
164	ky	email
165	ru	Телефон
165	ky	Телефон
166	en	Password
168	ru	Должность
167	en	Repeat password
166	ky	Сырсоз
168	en	Position
168	ky	Макамы
169	en	Status
169	ky	Статус
171	en	Select office ...
172	ru	Администратор
173	ru	Главный кассир
173	en	Main cashier
174	ru	Кассир
174	en	Cashier
175	en	Select role ...
175	ky	Макамын танданыз
176	en	Active
176	ky	Актив
177	en	Inactive
177	ky	Активсиз
178	en	Select status ...
179	ru	Блокировать
179	en	Block
180	ru	Показать детали
181	ru	Дата создания
181	en	Created at
259	ru	Описание
259	en	Description
260	en	Premium
260	ky	Премиум
261	ru	Уважаемый (ая)
261	en	Dear
262	ru	Изменить
262	en	Edit
263	ru	Удалить
263	en	Delete
264	ru	Апнуть
264	en	Up
265	ru	Комментарии
291	en	Filename
293	ru	Главный
293	en	Main picture
293	ky	Башкы
294	en	*Max allowed pictures count
296	ru	Состояние
284	ru	\N
284	en	\N
284	ky	\N
296	ky	Абалы
297	ru	Комплектация
297	ky	Комплектация
298	en	Similar listings
299	ru	Партнеры
299	en	Partners
299	ky	Партнеры
292	ru	\N
292	en	\N
292	ky	\N
295	en	Complete
295	ky	Бутту
313	en	Search
309	ru	Комплектация
309	en	Features
313	ky	Изде
318	ky	Кардар тизмеси
7156	ru	\N
7156	en	\N
2730	en	Gasoline tanker
1553	en	newly imported
1553	ky	свежий
3	ky	Жарыя бер
1	ky	Баарын көрсөт
37	ky	Издөөнү кеңейт
282	ky	Сырсөздү кайталаңыз
290	ky	Сүрөттөрдү өзгөрт
862	ky	Тандаңыз
285	ky	Өзгөрт
336	ru	Изменить
336	en	Update
336	ky	Өзгөрт
7156	ky	\N
7157	ru	\N
54	ru	Руль-все
58	ru	Двигатель-все
60	ru	Тип-все
56	ru	Год от
329	ru	\N
329	en	\N
329	ky	\N
330	ru	\N
330	en	\N
330	ky	\N
331	ru	\N
331	en	\N
331	ky	\N
332	ru	\N
332	en	\N
332	ky	\N
333	ru	\N
333	en	\N
333	ky	\N
334	ru	\N
334	en	\N
334	ky	\N
335	ru	\N
335	en	\N
335	ky	\N
337	ru	\N
337	en	\N
337	ky	\N
338	ru	\N
338	en	\N
338	ky	\N
339	ru	\N
339	en	\N
339	ky	\N
1	ru	Показать все
340	ru	\N
340	en	\N
340	ky	\N
2	en	Our partners
5	ru	Язык
16	ru	Кузов
18	en	Transmission
20	ru	Объем двигателя
21	en	Color
23	en	State
32	en	Any
33	ru	Все модели
6	ru	Все марки
43	ru	Все
46	ru	Закрыть
47	en	Category 
300	en	Create Partner
281	en	New password
282	ru	Повторить пароль
285	ru	Изменить данные
285	en	Change data
288	ru	*Максимум 500 символов
286	en	Select ...
286	ru	Выберите...
287	ky	Танданыз...
288	ky	*Максимум 500 символ
289	en	Save and Edit images
290	ru	Изменить рисунки
300	ky	Партнер туз
301	en	Creating New Partner
302	ru	Название
302	en	Title
303	ru	Рисунок
303	en	Image
304	ru	Ссылка
304	en	Url
305	ru	Тарифы
305	en	Tariffs
306	ru	Создать тариф
306	ky	Тариф ач
308	ru	Дни
307	ky	Жаны тариф ач
308	en	Day Count
308	ky	Кундор
310	en	Clients
310	ky	Кардар
311	en	Individual
312	ru	Организация
312	en	Dealer
312	ky	Уюм
314	en	Reset
314	ky	Сброс
315	en	Offices
315	ky	Офистер
316	en	Address
316	ky	Адрес
317	en	Users
319	en	Client ID
319	ky	Кардар ID
320	en	Employee ID
321	ru	Сумма
321	en	Amount
322	ru	Тип
322	en	Type
322	ky	Тип
323	en	Amount recieved {0} som
324	ru	Двигатель
324	en	Engine
325	ru	Цвет
325	en	Color
325	ky	Ону
326	en	Banners
327	ru	Страница
327	en	Page
327	ky	Бет
328	en	Order
328	ky	Порядок
341	en	Changes successfully saved
17	en	Drive
19	ru	Двигатель
33	en	All models
36	ru	Поиск
44	ru	Все категории
44	ky	Баардык категориялар
50	en	Made
133	en	Terms of Use
136	ru	Телефон
139	en	araba.kg- search results page
142	en	Rates
145	en	Offices
148	ru	Справочники
152	en	Engine
7157	en	\N
159	ky	Аталышы
161	ru	Профиль пользователя
161	ky	Колдонуучу профили
163	en	Name
165	en	Phone
167	ru	Повторить пароль
167	ky	Сырсозду кайталаныз
171	ru	Выберите офис
171	ky	Офис танданыз
173	ky	Башкы кассир
175	ru	Выберите должность
177	ru	Не активный
179	ky	Блокто
182	en	Issue date
184	ky	Авто
185	ky	Настройкалар
186	en	Top up balance
186	ky	Балансты толуктоо
862	ru	Выбрать
862	en	Select
248	ru	Задний
250	ru	Комплектация
253	ru	Камера заднего вида
255	en	Alloy wheels
245	ru	Контакт
257	ru	Электропакет
259	ky	Кошумча информация
157	ky	Туз {modelClass}
41	ky	Издөө сал
1554	ky	EBD
1555	ru	ESP
262	ky	Өзгөрт
263	ky	Өчүр
270	ky	Сообщение жөнөт
181	ky	Киргизилген күнү
274	ky	Өзгөрт
260	ru	Премиум
261	ky	Урматтуу
264	ky	Ап кыл
265	en	Comments
265	ky	Комментарийлер
266	ru	Авто ID
266	en	Car ID
266	ky	Авто ID
268	ru	Сообщение
268	en	Message
268	ky	Сообщение
269	ru	Сообщение
269	en	Message
269	ky	Сообщение
270	ru	Отправить сообщение
270	en	Post message
273	en	Edit user profile page
271	ru	Состояние
271	en	Condition
271	ky	Абалы
272	ru	Уважаемый (ая)
272	en	Dear
272	ky	Урматтуу
273	ru	Изменить данные пользователя
7157	ky	\N
274	ru	Изменить
9	ky	Жылдан
11	ru	Цена
12	ru	Цена до
13	ru	Марка
7158	ru	\N
15	ru	Руль
274	en	Update
275	ru	Изменить пароль пользователя
7158	en	\N
7158	ky	\N
55	ru	Регион-все
61	ru	Категория-все
61	en	Category-all
25	ru	Пробег
26	en	Description
28	ru	Прокат
29	en	Price
61	ky	Категория-баары
9	ru	Год от
39	ru	Все
22	en	Condition
24	ru	Год выпуска
53	ru	Модель
57	ru	Год до
69	ru	Автомат
69	en	Automatic
69	ky	Автомат
70	ru	Вариатор
70	en	Variator
70	ky	Вариатор
71	ru	Механика
71	en	Manual
71	ky	Механика
72	ru	Типтроник
72	en	Tiptronic
72	ky	Типтроник
73	ru	Бежевый
73	en	Beige
73	ky	Бейж
74	ru	Белый
74	en	White
74	ky	Ак
75	ru	Оранжевый
75	en	Orange
75	ky	Оранж
76	ru	Левый
76	en	Left
77	en	Right
78	ru	Бишкек/Чуй обл.
78	ky	Бишкек/Чуй обл.
80	ru	Жалал-абад
81	ru	Баткен 
82	ru	Иссык-куль
82	ky	Ысык-Кол
83	ky	Нарын 
84	ky	Талас 
85	ky	Заказга
86	ky	Бензин
87	ky	Дизель
88	en	Petrol/gas
89	ru	Прочее
90	ru	Внедорожник
91	ru	Купе
92	ru	Минивен
93	ru	Пикап
94	ru	Седан
95	ru	Универсал
95	ky	Универсал
96	ky	Хетчбек
134	ru	Регистрация
128	ru	Моб. телефон
99	en	Model
99	ky	Модель
97	en	Model
97	ky	Модель
102	ru	Модель грузовика
100	ky	Грузовик модели
98	ky	Автобус модели
108	en	Special equipment model
108	ky	Спец. техника модели
40	ru	Категория
40	en	Category 
40	ky	Категория
116	ky	Мотоцикл модели
117	en	Registration/Sign in
117	ky	Кируу/Регистрация
7159	ru	\N
120	ru	пароль
121	ru	запомнить меня
121	ky	эстеп кал
122	en	Forgot password
123	en	Sign in
124	ru	или, вы еще не зарегистрировались…
124	en	not yet registered,
124	ky	Эгер каттала элек болсонуз.
125	ru	Частное лицо
125	en	Individual
125	ky	Жеке тарап
126	ru	Организация
7159	en	\N
140	ru	araba.kg- добавить обьявление
140	ky	araba.kg- жарыя кош
143	en	Reports
146	ru	Пользователи
150	ru	Кузовы
153	ru	Комплектация
160	ky	Привод
162	ru	Новый пользователь
164	en	email
166	ru	Пароль
169	ru	Статус
172	en	Administrator
172	ky	Администратор
174	ky	Кассир
178	ru	Выберите статус
178	ky	Статусун танданыз
180	en	Show details
180	ky	Деталдарын корсот
183	en	Cars list
188	ru	Ваш баланс
983	ru	Создать обьявление
983	en	Create post
983	ky	Жарыя кош
251	ky	ABS
254	ru	Корректор фар
254	ky	Фар корректор 
256	ru	Фаркоп
258	ru	Полная комплектация
258	ky	Толук комплектация
294	ru	*Максимально разрешенное количество рисунков
294	ky	*Максимум уруксат берилген суроттордун саны
297	en	Features
301	ru	Создать новый партнер
301	ky	Жаны партнер туз
304	ky	Шилтеме
307	ru	Создать новый тариф
311	ru	Частное лицо
311	ky	Жеке тарап
315	ru	Офисы
321	ky	Сумма
326	ru	Баннеры
326	ky	Баннерлер
984	ru	Модели авто
984	ky	Авто моделдери
30	ru	Кем создан
1718	ru	Buick
126	ky	Уюм
1574	en	Activate
3645	ky	Спальник
1574	ky	Активдештир
1555	en	ESP
1555	ky	ESP
7159	ky	\N
122	ky	Сырсөздү унутуп калдым
123	ky	Кирүү
188	ky	Балансыңыз
7160	ru	\N
101	ky	Мотоцикл модели
1690	ru	\N
1690	en	\N
1690	ky	\N
1694	ru	\N
1694	en	\N
2731	en	Pump
318	en	Client list
2732	ru	Бетоносмеситель
2732	en	Cement mixer
2733	ru	Бульдозер
2733	ky	Бульдозер
2734	en	Gas refuler
2734	ky	Газозаправщик
2735	en	Mining
2735	ky	Тоо-кен
2736	en	Grader
2736	ky	Грейдер
1556	ru	ГУР
1556	ky	ГУР
1557	ru	Датчик света
1557	ky	Свет датчиги
1558	en	Climate control
1558	ky	Климат-контроль
1559	en	Cruise control
1560	ru	Тонировка
1560	en	Tuning
1561	ru	Электрозеркала
1561	en	Electric mirrors
1562	ru	Подогрев сидений
1562	ky	Сидение жылыткыч
249	ru	хорошее
1598	ru	\N
1598	en	\N
1598	ky	\N
1600	ru	\N
1600	en	\N
1600	ky	\N
1603	ru	Тексты
1603	en	Posts
1603	ky	Тексттер
246	ru	
246	en	
275	en	Change user password
276	ru	Изменить пароль
276	en	Change password
277	en	Current password
277	ru	Текущий пароль
278	en	Old Password
279	ru	Новый пароль
279	en	New Password
280	ru	Повторить пароль
280	en	Repeat Password
281	ru	Новый пароль
282	en	Repeat new password
278	ru	Текущий пароль
287	en	Select...
287	ru	Выберите...
275	ky	Колдонуучунун сырсөзүн алмаштыруу баракчасы
288	en	*Max 500 characters
289	ru	Сохранить и перейти к рисункам
290	en	Edit pictures
7160	en	\N
276	ky	Сырсөздү өзгөрт
48	ru	Дата создания
48	en	Date created
313	ru	Искать
318	ru	Список клиентов
1497	ky	Жаан датчиги
3647	ru	Холодильник
277	ky	Азыркы сырсөзүнүз
278	ky	Эски сырсөз
279	ky	Жаңы сырсөз
1563	ky	Ап ийгиликтуу болду
2737	en	Road construction
2738	ru	Коммунальная
2738	en	Public service
2739	ru	Кран
2739	en	Crane
2739	ky	Кран
2740	en	Loader
2740	ky	Жуктогуч
2741	ru	Прицеп
2741	ky	Прицеп
2742	en	Agriculture
1494	ru	отличное
1494	ky	абдан жакшы
280	ky	Сырсөздү кайталаңыз
281	ky	Жаңы сырсөз
170	ru	Офис
132	ru	Я согласен с
132	ky	Колдонуу эрежелерине макулмун-
149	en	Car model
1493	ru	Передний
1495	en	Webasto
1495	ky	Авт.печь (webasto)
1496	ru	Бортовой компьютер
1496	en	On-board computer
1496	ky	Борт компьютери
1497	ru	Датчик дождя
289	ky	Сактап туруп, сүрөттөргө өт
286	ky	Тандаңыз...
1498	ru	Иммобилайзер
1498	en	Immobiliser
1498	ky	Иммобилайзер
1499	ru	Кондиционер
1499	en	Conditioner
1499	ky	Кондиционер
1500	ru	Ксенон
1500	en	Xenon lights
1500	ky	Ксенон
1501	ru	Люк
1501	en	Sunroof
1501	ky	Люк
1502	ru	Мультируль
298	ru	Похожие объявлении
298	ky	Окшош жарыялар
302	ky	Аталышы
305	ky	Тариф
307	en	Create new tariff
316	ru	Адрес
319	ru	ID клиента
323	ru	Счет пополнен на сумму {0} сом
323	ky	{0} сом кабыл алынды
328	ru	Порядок
986	ru	Статус серии
31	ru	Кем обнавлено
31	ky	Ким обнавляйтетти
1502	en	Multirudder
1502	ky	Мультируль
1503	ru	Навигационная система
1503	en	Navigation
1503	ky	Навигация 
1504	ru	Омыватель фар
1504	en	Headlamp washer
1504	ky	Фар жуугуч
1505	ru	Сигнализация
1505	en	Burglar alarm
1505	ky	Сигнализация
1506	ru	ESP
1506	en	ESP
1506	ky	ESP
1507	ru	Центральный замок
1507	en	Central locking
1507	ky	Централдык замок
1508	ru	Электростеклоподъемники
1508	en	Electric windows
1508	ky	Электротерезе
1509	ru	Салон – велюр
1509	en	Salon-Velour
1509	ky	Салон – велюр
1511	ru	Парктроник
1511	en	Parktronic
1511	ky	Парктроник
1453	en	Incorrect email or password.
1453	ru	Неправильный email или пароль
1338	ru	Вы действительно хотите удалить?
1338	en	Are you sure you want to delete this item?
7160	ky	\N
295	ru	Заверщить
1510	ru	Опубликовать
1510	en	Send message
1510	ky	Жибер
309	ky	Комплектация
7161	ru	\N
7161	en	\N
283	en	Where and how to refill balance:
283	ky	Балансты каякта жана кантип толуктайсыз:
49	ru	Дата обнавления
1575	ru	\N
1575	en	\N
1575	ky	\N
1576	ru	\N
1576	en	\N
1576	ky	\N
1577	ru	\N
1577	en	\N
1577	ky	\N
1578	ru	\N
1578	en	\N
1578	ky	\N
1579	ru	\N
1579	en	\N
1579	ky	\N
1601	ru	\N
1601	en	\N
1695	ru	Buick
1601	ky	\N
1694	ky	\N
1691	ru	Грузоподъемность
1691	en	Carrying capacity
1691	ky	Жук которумдуулугу
1693	ru	Текст не найден 
1693	en	Text not found
1622	ru	\N
1622	en	\N
1622	ky	\N
1626	ru	\N
1626	en	\N
1626	ky	\N
1627	ru	\N
1627	en	\N
1627	ky	\N
1628	ru	\N
1628	en	\N
1628	ky	\N
1693	ky	Текст табылган жок
1599	ru	Платежи
1599	en	Payments
1599	ky	Толомдор
1624	ru	Русский
1624	en	Russian
1624	ky	Орусча
1625	ru	Кыргызча
1625	en	Kyrgyz
1625	ky	Кыргызча
2729	ru	Автовышка
2729	en	Aerial platform
2729	ky	Автовышка
2734	ru	Газозаправщик
2740	ru	Погрузчик
2742	ky	Айыл-чарба тех.
2743	ru	Спецавтомобили
2743	en	Special purpose
2743	ky	Спецавтомобиль
2744	ru	Строительная
2744	en	Construction
2744	ky	Курулуш
2745	ru	Трактор
2745	en	Tractor
2745	ky	Трактор
1974	ru	ИЖ
1979	ru	Тула
2107	ky	БАТ
2113	en	BTZ
2119	ru	Карпатец
2746	ru	Цементовоз
2746	en	Cement truck
2746	ky	Цемент тарткыч
2747	ru	Эвакуатор
2747	en	Evacuator
2747	ky	Эвакуатор
2748	ru	Экскаватор
2748	en	Excavator
2748	ky	Экскаватор
2972	ru	Словарь
2972	en	Dictionery
2972	ky	Создук
1695	en	Buick
7161	ky	\N
1695	ky	Buick
1718	en	Buick
1718	ky	Buick
1719	ru	Cadillac
1719	en	Cadillac
1720	ru	Chevrolet
1720	en	Chevrolet
1721	ru	Asia
1721	en	Asia
1721	ky	Asia
1722	ru	Daewoo
1722	ky	Daewoo
1723	ru	Daihatsu
1723	en	Daihatsu
1532	en	4х4
1532	ky	4х4
1564	ru	MDX
1564	en	MDX
1564	ky	MDX
1665	ru	Arnage
1665	en	Arnage
1665	ky	Arnage
1666	en	average
1666	ky	орточо
1623	ru	Англ.
1602	en	archived (Up to activate)
1602	ky	архивде (ап кылып активдештириниз)
1602	ru	в архиве (апнуть для активации)
1623	en	English
1623	ky	Англ.
1733	ru	Hyundai
1733	ky	Hyundai
1734	ru	Ikarbus
1734	ky	Ikarbus
1735	ru	Ikarus
1735	en	Ikarus
1736	ru	Isuzu
1736	en	Isuzu
1736	ky	Isuzu
1737	en	IVECO
1737	ky	IVECO
1738	en	JAC
1738	ky	JAC
1739	ru	Karosa
1739	ky	Karosa
1740	ru	Kia
1740	en	Kia
1741	ru	King Long
1741	ky	King Long
1742	ru	MAN
1742	en	MAN
1743	ru	Mercedes-Benz
1743	ky	Mercedes-Benz
1744	ru	Mitsubishi
1744	ky	Mitsubishi
1745	ru	Mudan
1745	ky	Mudan
1746	ru	Neoplan
1746	en	Neoplan
1723	ky	Daihatsu
1724	en	DAF
1724	ky	DAF
1725	ru	DongFeng
1725	ky	DongFeng
1726	ru	Drögmöller
1726	ky	Drögmöller
1727	ru	EOS
1727	ky	EOS
1728	ru	Evobus
1728	ky	Evobus
1729	ru	Fiat
1729	en	Fiat
1730	ru	Ford
1730	en	Ford
1730	ky	Ford
1731	en	Golden Dragon
1732	ru	Higer
1732	en	Higer
1732	ky	Higer
1719	ky	Cadillac
1798	ru	Ford
1798	en	Ford
1798	ky	Ford
1799	ru	Forland
1799	en	Forland
1799	ky	Forland
1800	ru	Foton
1800	en	Foton
1800	ky	Foton
1801	ru	Freightliner
1801	en	Freightliner
1801	ky	Freightliner
1802	ru	GMC
1764	en	Bogdan
1802	en	GMC
1802	ky	GMC
1764	ky	Богдан
1765	en	Voljanin
1765	ky	Волжанин
1747	ru	Nissan
1747	ky	Nissan
1748	ru	Renault
1748	en	Renault
1748	ky	Renault
1749	en	Scania
1749	ky	Scania
1750	ru	Setra
1750	en	Setra
1751	ru	Shen Long
1751	en	Shen Long
1752	ru	Ssang Yong
1803	ru	Groz
1803	en	Groz
1803	ky	Groz
1804	ru	Hania
1804	en	Hania
1804	ky	Hania
1805	ru	Hino
1805	en	Hino
1805	ky	Hino
1806	ru	Howo
1806	en	Howo
1806	ky	Howo
1807	ru	Huanghai
1807	en	Huanghai
1807	ky	Huanghai
1808	ru	IFA
1808	en	IFA
1808	ky	IFA
1809	ru	International
1809	en	International
1809	ky	International
1810	ru	Iveco
1810	en	Iveco
1810	ky	Iveco
1811	ru	Jelcz
1811	en	Jelcz
1811	ky	Jelcz
1812	ru	JMC
1812	en	JMC
1812	ky	JMC
1813	ru	Kenworth
1813	en	Kenworth
1813	ky	Kenworth
1814	ru	KIA
1814	en	KIA
1814	ky	KIA
1816	ru	LDV
1816	en	LDV
1816	ky	LDV
1817	ru	LIAZ
7162	ru	\N
7162	en	\N
7162	ky	\N
7163	ru	\N
7163	en	\N
7163	ky	\N
7164	ru	\N
7164	en	\N
7164	ky	\N
7165	ru	\N
7165	en	\N
7165	ky	\N
7524	ru	\N
7524	en	\N
7524	ky	\N
1763	en	BAZ
1763	ky	БАЗ
1766	en	GAZ
1766	ky	ГАЗ
1767	en	GolAZ
1767	ky	ГолАЗ
1768	ru	ЗИЛ
1768	ky	ЗИЛ
1769	ru	КАвЗ
1769	en	KAvZ
1770	ru	КамАЗ
1770	en	KamAZ
1771	ru	Кубань
1771	en	Kuban
1772	ru	ЛАЗ
1772	en	LAZ
1773	ru	ЛиАЗ
1773	en	LiAZ
1773	ky	ЛиАЗ
1774	en	MAZ
1774	ky	МАЗ
1775	ru	МАРЗ
1775	ky	МАРЗ
1776	ru	НефАЗ
1776	ky	НефАЗ
1777	ru	ПАЗ
1777	ky	ПАЗ
1778	ru	РАФ
1778	ky	РАФ
1779	ru	РоАЗ
1779	en	RoAZ
1780	ru	СЕМАР
1780	en	SEMAP
1781	ru	Урал
1781	en	Ural
1781	ky	Урал
1782	en	Other
1782	ky	Башка
1752	en	Ssang Yong
1753	ru	TAM
1753	en	TAM
1753	ky	TAM
1754	en	Tata
1754	ky	Tata
1755	en	Temsa
1755	ky	Temsa
1756	ru	Toyota
1756	ky	Toyota
1757	ru	Vanhool
1757	en	Vanhool
1758	ru	Volkswagen
1758	ky	Volkswagen
1759	ru	Volvo
1759	en	Volvo
1760	ru	Yutong
1760	en	Yutong
1761	ru	Zhong Tong
1761	en	Zhong Tong
1762	ru	Zonda
1762	en	Zonda
1783	ru	Avia
1783	en	Avia
1783	ky	Avia
1784	en	Barkas
1784	ky	Barkas
1720	ky	Chevrolet
1817	en	LIAZ
1817	ky	LIAZ
1822	en	Opel
1822	ky	Opel
2651	ru	\N
2651	en	\N
2651	ky	\N
2652	ru	\N
2652	en	\N
2652	ky	\N
9600	ru	\N
1823	ru	Peterbilt
1833	ru	БЕЛАЗ
1833	en	BELAZ
1833	ky	БЕЛАЗ
1834	ru	ЗАЗ
1834	en	ZAZ
1834	ky	ЗАЗ
1835	ru	ЗИС
1835	en	ZIS
1835	ky	ЗИС
1836	ru	КАЗ
1836	en	KAZ
1836	ky	КАЗ
1837	ru	КРАЗ
1837	en	KRAZ
1837	ky	КРАЗ
1840	ru	УРАЛ
1840	en	URAL
1840	ky	УРАЛ
2730	ru	Бензовоз
2730	ky	Бензовоз
2735	ru	Горнодобывающий
2741	en	Trailer
1974	en	IJ
1980	ru	Регион
2108	ky	Беларус
2114	en	DON
2120	en	KB
2749	ru	Бензин/Электро
2749	en	Petrol/electric
2749	ky	Бензин/Электро
2880	ru	Электро
2880	en	Electric
2880	ky	Электро
2881	ru	Гибрид
2881	en	Hybrid
2881	ky	Гибрид
1823	en	Peterbilt
1823	ky	Peterbilt
1909	ky	CZ
1918	ru	Factory Bike
1918	en	Factory Bike
1918	ky	Factory Bike
1924	ru	Futong
1924	en	Futong
1924	ky	Futong
1930	ru	Geon
1930	en	Geon
1930	ky	Geon
1936	ru	Honda
1936	en	Honda
1936	ky	Honda
1942	ru	Keeway
1942	en	Keeway
1942	ky	Keeway
2007	ky	Claas
2016	en	Eder
2016	ky	Eder
2022	ru	Furukawa
2022	en	Furukawa
2022	ky	Furukawa
2027	ru	Grove
2027	en	Grove
2027	ky	Grove
2032	ru	Hiab
2032	en	Hiab
2032	ky	Hiab
2037	ru	Hyster
2037	en	Hyster
2037	ky	Hyster
9600	en	\N
2040	ru	JCB
2040	en	JCB
2040	ky	JCB
2042	ru	Kalmar
2042	en	Kalmar
2042	ky	Kalmar
2973	en	A8
2973	ky	A8
3648	en	Fog lights
3710	en	Pazik
1824	ru	Peugeot
1824	en	Peugeot
1824	ky	Peugeot
1825	ru	Robur
1825	en	Robur
1825	ky	Robur
1826	ru	Sinotruck
1826	ky	Sinotruck
1827	ru	Skoda
1827	en	Skoda
1828	ru	Steyr
1828	en	Steyr
1828	ky	Steyr
2974	en	Salon-Velour
2974	ky	Салон – велюр
2978	ru	ASR (Антипробукс. система)
2978	en	ASR 
2978	ky	ASR (Антипробукс. система)
2977	ru	Салон – ткань
2977	en	Salon- cloth
2977	ky	Салон – ткань
2976	ru	Салон – комбинированный
2976	en	Salon- Part leather
2976	ky	Салон – жарым тери
2975	ru	Салон – кожа
2975	en	Salon- leather
2975	ky	Салон – тери
1829	ru	Suzuki
1829	ky	Suzuki
1830	ru	Tatra
1830	en	Tatra
1831	ru	Yuejin
1831	en	Yuejin
1832	ru	Zuk
1832	en	Zuk
1832	ky	Zuk
1867	en	Cadillac
1867	ky	Cadillac
1868	en	Chevrolet
1868	ky	Chevrolet
1869	en	Adler
1869	ky	Adler
1870	ru	Adly
1870	ky	Adly
1871	ru	Aeon
1871	ky	Aeon
1872	ru	Aermacchi
1872	ky	Aermacchi
1873	ru	AJS
1873	ky	AJS
1874	ru	Alesin
1874	en	Alesin
1875	ru	Alfa
1875	en	Alfa
1875	ky	Alfa
1876	en	Alfamoto
1876	ky	Alfamoto
1877	en	AlphaSports
1877	ky	AlphaSports
1878	en	ALX
1878	ky	ALX
1879	en	American Iron Horse
1722	en	Daewoo
1818	ru	Mack
1818	en	Mack
1818	ky	Mack
1904	ru	Cectek
1904	en	Cectek
9600	ky	\N
9866	ru	\N
9866	en	\N
9866	ky	\N
9867	ru	\N
9867	en	\N
9867	ky	\N
9868	ru	\N
9868	en	\N
9868	ky	\N
9869	ru	\N
9869	en	\N
9869	ky	\N
9870	ru	\N
9870	en	\N
9870	ky	\N
9871	ru	\N
9871	en	\N
9871	ky	\N
5681	ru	\N
5681	en	\N
5681	ky	\N
9872	ru	\N
9872	en	\N
7526	ru	Грейферная гидравлика
7526	en	Gripper hydraulics
7526	ky	Грейфердик гидравлика
7527	ru	Электролебедка
7527	en	Electric winch
7527	ky	Электролебедка
7167	ky	Сиз сүрөттөрдү жүктөгөн жоксуз, уланта бересизби? 
2291	en	Tank truck
5989	ru	Запрашиваемая страница не существует или была удалена
5989	en	The requested page does not exist or was deleted
5989	ky	Сиз издеген жарыя табылган жок же өчүрүлүп салынган. 
6153	ru	\N
6153	en	\N
6153	ky	\N
7168	ru	Выберите рисунки для загрузки
7168	en	Select pictures to upload
7168	ky	Жүктөө үчүн сүрөттөрдү тандаңыз
9872	ky	\N
9873	ru	\N
5458	ru	\N
5458	en	\N
5458	ky	\N
9873	en	\N
9873	ky	\N
9874	ru	\N
9874	en	\N
9874	ky	\N
9875	ru	\N
8469	ru	Прочие
9875	en	\N
9875	ky	\N
9876	ru	\N
9876	en	\N
9876	ky	\N
9877	ru	\N
9877	en	\N
9877	ky	\N
9878	ru	\N
9878	en	\N
9878	ky	\N
9879	ru	\N
9879	en	\N
9879	ky	\N
9880	ru	\N
9880	en	\N
9880	ky	\N
1904	ky	Cectek
1905	ru	Cezeta
1905	en	Cezeta
1905	ky	Cezeta
1906	ru	CF Moto
1906	en	CF Moto
1906	ky	CF Moto
1907	ru	Corrado
1907	en	Corrado
1907	ky	Corrado
1908	en	Corrado
1908	ky	Corrado
1909	ru	CZ
1909	en	CZ
1910	ru	Daelim
1910	en	Daelim
1910	ky	Daelim
1911	ru	Defiant
1911	ky	Defiant
1912	ru	Derbi
1912	en	Derbi
1912	ky	Derbi
1913	en	Diamo
1913	ky	Diamo
1914	ru	DKW
1914	en	DKW
1915	ru	Ducati
1898	ru	BSA
1972	en	Akula
1972	ky	Акула
1898	en	BSA
1898	ky	BSA
1899	en	Buell
1899	ky	Buell
1900	en	BV
1900	ky	BV
1901	ru	Cagiva
1901	ky	Cagiva
1902	ru	Can-Am
1902	en	Can-Am
1903	ru	CCM
1903	en	CCM
1946	ru	Leopard
1946	en	Leopard
1946	ky	Leopard
1947	en	Liberty GMG
1948	ru	Lifan
1948	en	Lifan
1948	ky	Lifan
1949	ru	NWS
1949	ky	NWS
1950	ru	Piaggio
1950	ky	Piaggio
1951	ru	Polaris
1951	en	Polaris
1952	ru	Racer
1952	en	Racer
1952	ky	Racer
1953	en	Sabur
1953	ky	Sabur
1954	en	Sachs
1954	ky	Sachs
1955	ru	Segway
1955	ky	Segway
1956	ru	Simson
1956	en	Simson
1957	ru	Ski Doo
1957	en	Ski Doo
1958	ru	Skymoto
1958	en	Skymoto
1958	ky	Skymoto
1959	en	Speed Gear
1960	ru	Spirit
1960	en	Spirit
1960	ky	Spirit
1961	en	Sport Energy
1961	ky	Sport Energy
1962	en	Stinger
1962	ky	Stinger
1963	ru	Suzuki
1963	ky	Suzuki
1964	ru	Tiger
1964	ky	Tiger
1965	ru	Triumph
1965	en	Triumph
1966	ru	Truva
1966	en	Truva
1966	ky	Truva
1967	en	Victory
1967	ky	Victory
1968	en	Viper
1968	ky	Viper
1969	ru	Yamaha
1981	en	Agricola
1982	ru	Agrifac
1982	en	Agrifac
1982	ky	Agrifac
1983	ru	AGT
1983	ky	AGT
1984	ru	Aichi
2005	en	Cheng Gong
2005	ky	Cheng Gong
2006	en	Cifa
2006	ky	Cifa
2007	ru	Claas
2007	en	Claas
2008	ru	Daimler
2008	en	Daimler
2008	ky	Daimler
2009	ru	Dalian
2009	ky	Dalian
2010	ru	Denmark
2010	en	Denmark
2010	ky	Denmark
2011	en	Detva
2011	ky	Detva
2012	ru	DitchWitch
2012	ky	DitchWitch
2013	ru	Doosan
2013	en	Doosan
2014	ru	Dressta
14	ky	Модель
6098	ru	\N
6098	en	\N
6098	ky	\N
6389	ru	\N
6389	en	\N
6389	ky	\N
6630	ru	\N
6630	en	\N
6630	ky	\N
7169	ru	\N
7169	en	\N
7169	ky	\N
7531	ru	Гусеницы
7531	en	Caterpillars
7531	ky	Гусеница
7529	ru	Гидромолот
7529	en	Hammer
7529	ky	Гидромолот
7528	ru	Гидроборт
7528	en	Tail lift
7528	ky	Гидроборт
7530	ru	Полный привод
7530	en	FWD
9881	ru	\N
7530	ky	Полный привод
9881	en	\N
9881	ky	\N
9882	ru	\N
9882	en	\N
9882	ky	\N
9883	ru	\N
9883	en	\N
9883	ky	\N
9884	ru	\N
9884	en	\N
9884	ky	\N
9885	ru	\N
9885	en	\N
9885	ky	\N
37	ru	Раcширенный поиск
9886	ru	\N
9886	en	\N
9886	ky	\N
9887	ru	\N
9887	en	\N
7679	ru	\N
7679	en	\N
7679	ky	\N
7680	ru	\N
7680	en	\N
7680	ky	\N
7681	ru	\N
7681	en	\N
7681	ky	\N
7682	ru	\N
7682	en	\N
7333	ru	\N
7333	en	\N
7333	ky	\N
7682	ky	\N
7683	ru	\N
7683	en	\N
7683	ky	\N
7684	ru	\N
7684	en	\N
7684	ky	\N
7685	ru	\N
1973	en	Dnepr
1973	ky	Днепр
1975	ru	Карпаты
1974	ky	ИЖ
1975	en	Karpaty
1975	ky	Карпаты
1976	en	Minsk
1976	ky	Минск
1977	en	Riga
1977	ky	Рига
1978	en	Tayga
1978	ky	Тайга
1979	en	Tula
1979	ky	Тула
1980	en	Regions
1980	ky	Регион
1984	en	Aichi
1984	ky	Aichi
1985	en	Airman
1985	ky	Airman
1987	en	Amazone
1987	ky	Amazone
1986	ru	Akros
1986	ky	Akros
1988	ru	Amco Veba
1988	ky	Amco Veba
1989	ru	Ammann
1989	ky	Ammann
1990	ru	Anna
1990	en	Anna
1991	ru	Armadillo
1991	ky	Armadillo
1992	ru	Atlas
1992	en	Atlas
1993	ru	Balkancar
1993	ky	Balkancar
1994	ru	Baoli
1994	en	Baoli
1995	ru	Bauer
1995	en	Bauer
1996	ru	BKS
1996	en	BKS
1996	ky	BKS
1997	en	Bobcat
1997	ky	Bobcat
1998	ru	Bomag
1998	ky	Bomag
1999	ru	Boschung
1999	ky	Boschung
2000	ru	Brinkmann
2000	ky	Brinkmann
2001	ru	BT
2001	ky	BT
2002	ru	Carmix
2002	en	Carmix
2003	ru	CARRY
2003	en	CARRY
2003	ky	CARRY
2004	en	Case
2004	ky	Case
2014	en	Dressta
2014	ky	Dressta
2015	en	Dynapac
2015	ky	Dynapac
2016	ru	Eder
1724	ru	DAF
1815	ru	Komatsu
1815	en	Komatsu
1815	ky	Komatsu
1911	en	Defiant
1919	ru	Fada
1919	en	Fada
1919	ky	Fada
1925	ru	G-max
1925	en	G-max
1925	ky	G-max
1931	ru	Gilera
1931	en	Gilera
1931	ky	Gilera
1937	ru	Husqvarna
1937	en	Husqvarna
1937	ky	Husqvarna
1943	ru	KTM
1943	en	KTM
1943	ky	KTM
2009	en	Dalian
2017	ru	FAW
2017	en	FAW
2017	ky	FAW
2023	ru	Geringhoff
2023	en	Geringhoff
2023	ky	Geringhoff
2028	ru	Hamm
2028	en	Hamm
2028	ky	Hamm
2033	ru	HIDROMEK
2033	en	HIDROMEK
2033	ky	HIDROMEK
2038	ru	IHI
2038	en	IHI
2038	ky	IHI
2039	ru	Iseki
2039	en	Iseki
2039	ky	Iseki
2041	ru	John Deere
2041	en	John Deere
2041	ky	John Deere
2043	ru	Kato
2043	en	Kato
2043	ky	Kato
2045	ru	Kleine
2045	en	Kleine
2045	ky	Kleine
2047	ru	Komatsu
2047	en	Komatsu
2047	ky	Komatsu
2049	ru	Lamborghini
2049	en	Lamborghini
2049	ky	Lamborghini
2050	ru	Landini
2050	en	Landini
2050	ky	Landini
2051	ru	Laverda
2051	en	Laverda
2051	ky	Laverda
2052	ru	Lemken
2052	en	Lemken
2052	ky	Lemken
2053	ru	Liebherr
2053	en	Liebherr
2053	ky	Liebherr
2054	ru	Linde
2054	en	Linde
2054	ky	Linde
2055	ru	LiuGong
2055	en	LiuGong
2055	ky	LiuGong
2056	ru	Locust
2056	en	Locust
2056	ky	Locust
2057	ru	Makita
2057	en	Makita
2057	ky	Makita
2199	ru	Citroen
2199	ky	Citroen
3735	ru	ES
3785	ky	ALLROAD
4255	ru	Veyron
4305	ru	CTS
4504	ky	Turbo R
3543	en	6x2
2048	en	Kubota
2048	ky	Kubota
6099	ru	\N
2058	ky	Manitou
2059	ru	Massey Ferguson
2059	ky	Massey Ferguson
2060	ru	Matrot
2060	en	Matrot
2060	ky	Matrot
2061	en	Meller
2061	ky	Meller
2062	ru	Mercedes
2062	en	Mercedes
2063	ru	Merlo
2063	en	Merlo
2063	ky	Merlo
2064	ru	Multicar
2064	ky	Multicar
2065	ru	Neuson
2104	en	AGP
2104	ky	АГП
2105	en	APTL
2105	ky	АПТЛ
2106	ru	АТЕК
2106	ky	АТЕК
2107	ru	БАТ
2107	en	BAT
2108	ru	Беларус
2108	en	Belarus
2109	ru	БК
2109	en	BK
2110	ru	Борэкс
2110	en	Boreks
2111	ru	БТМ
2111	en	BTM
2111	ky	БТМ
2112	en	BTR
2112	ky	БТР
2113	ru	ВТЗ
2113	ky	ВТЗ
2114	ru	ДОН
2114	ky	ДОН
2115	ru	ДТ
2115	en	DT
2116	ru	ДЗ
2116	en	DZ
2116	ky	ДЗ
2117	en	AP
2117	ky	АП
2118	en	APT
2118	ky	АПТ
2119	en	Karpates
2119	ky	Карпатец
2120	ru	КБ
2120	ky	КБ
2121	ru	КГ
2121	en	KG
2122	ru	Кировец
2122	en	Kirovets
2123	ru	КК
2123	en	KK
2065	en	Neuson
2065	ky	Neuson
2066	en	New Holland
2067	ru	NYK
2067	en	NYK
2067	ky	NYK
2068	en	O&K
2068	ky	O&K
2069	ru	Palesse
2069	ky	Palesse
2070	ru	PPM
2070	en	PPM
2071	ru	Putzmeister
2071	ky	Putzmeister
2072	ru	Shandong
2072	en	Shandong
2073	ru	Shinko
2073	en	Shinko
2074	ru	Skid loader
2074	en	Skid loader
2075	ru	Stalowa Wola
2075	ky	Stalowa Wola
2076	ru	STILL
5632	en	Photo
5632	ky	Фото
6099	en	\N
2185	ru	Daewoo
6099	ky	\N
7170	ru	\N
3648	ru	Противотуманки
3648	ky	Противотуманка
2185	en	Daewoo
2185	ky	Daewoo
1725	en	DongFeng
1819	ru	Magnum
1819	en	Magnum
1819	ky	Magnum
1913	ru	Diamo
1920	ru	Fantic
1920	en	Fantic
3660	ru	требует ремонта
3660	en	repair needed
3660	ky	ремонт керек
3659	ru	новый
3659	en	new
3659	ky	жаны
3658	ru	битый
3658	en	damaged
3658	ky	сузулгон
1920	ky	Fantic
1926	ru	G&A
1926	en	G&A
1926	ky	G&A
1932	ru	Harley-Davidson
1932	en	Harley-Davidson
1932	ky	Harley-Davidson
1938	ru	Hyosung
1938	en	Hyosung
1938	ky	Hyosung
1944	ru	Kymco
1944	en	Kymco
1944	ky	Kymco
2011	ru	Detva
2018	ru	Fendt
2018	en	Fendt
2018	ky	Fendt
2024	ru	Green Plain
2024	en	Green Plain
2024	ky	Green Plain
2029	ru	Hanix
2029	en	Hanix
2029	ky	Hanix
2034	ru	Hinomoto
2034	en	Hinomoto
2034	ky	Hinomoto
4305	en	CTS
4305	ky	CTS
3500	ru	RtS
3500	en	RtS
3500	ky	RtS
3501	ru	4x4
3649	ky	4x2
3650	ru	6x4
1497	en	Rain sensor
3650	en	6x4
3650	ky	6x4
3651	ru	6x6
4083	ru	Escalade
4083	en	Escalade
4083	ky	Escalade
2146	ru	Chrysler
2146	en	Chrysler
2146	ky	Chrysler
2147	ru	Chrysler
2147	en	Chrysler
2147	ky	Chrysler
2148	ru	Citroen
2148	en	Citroen
2731	ru	Бетононасос
2731	ky	Бетононасос
2736	ru	Грейдер
2742	ru	Сельхозтехника
1976	ru	Минск
2104	ru	АГП
2109	ky	БК
2115	ky	ДТ
2121	ky	КГ
2123	ky	КК
2124	ru	КМЗ
2124	en	KMZ
2124	ky	КМЗ
2125	ru	КП
2125	en	KP
2125	ky	КП
2126	ru	КС
2126	en	KS
2126	ky	КС
2127	ru	КТА
2127	en	KTA
2127	ky	КТА
2128	ru	Кыргызстан
2128	en	Kyrgyzstan
2128	ky	Кыргызстан
2129	ru	Львовский
2129	en	Lvovskiy
2129	ky	Львовский
2130	ru	МКГ
2130	en	MKG
2130	ky	МКГ
2131	ru	МоАЗ
2131	en	MoAZ
2131	ky	МоАЗ
2132	ru	МТЗ
2132	en	MTZ
2132	ky	МТЗ
2133	ru	Нива
2133	en	Niva
2133	ky	Нива
2134	ru	ПБУ
2134	en	PBU
2134	ky	ПБУ
2135	ru	ПЗМ
2135	en	PZM
2135	ky	ПЗМ
2136	ru	РДК
2136	en	RDK
2136	ky	РДК
2137	ru	СКГ
2137	en	SKG
2137	ky	СКГ
2138	ru	ТМК
2138	en	TMK
2138	ky	ТМК
2139	ru	ТВ
2139	en	TB
2139	ky	ТВ
2140	ru	ВПС
2140	en	VPS
2140	ky	ВПС
2141	ru	ВТ
2141	en	BT
2141	ky	ВТ
2142	ru	ХТЗ
2148	ky	Citroen
2142	ky	ХТЗ
2142	en	HTZ
2143	ru	ЭО
2143	en	EO
2143	ky	ЭО
2144	ru	ЭОВ
2144	en	EOB
2144	ky	ЭОВ
2145	ru	ЮМЗ
2145	en	YuMZ
2145	ky	ЮМЗ
3651	en	6x6
3651	ky	6x6
3652	ru	8x2
3652	en	8x2
3653	ru	8x4
3653	en	8x4
3653	ky	8x4
3654	ru	8x6
3654	ky	8x6
3655	ru	8x8
3655	en	8x8
3655	ky	8x8
3656	en	10x6
3656	ky	10x6
3657	ru	10x10
5632	ru	Фото
2238	ky	Көк
7170	en	\N
2454	ru	Городской
2454	en	City 
2454	ky	Шаардык
2455	ru	Междугородный
2455	en	Cross country
2455	ky	Шаар аралык
2456	ru	Пригородный
2456	en	Shuttle
2456	ky	Пригороддук
2457	ru	Специальный
2457	en	Special purpose
2457	ky	Спец автобус
2732	ky	Бетонаралаштыргыч 
2737	ru	Дорожная
2737	ky	Жол техникасы
1972	ru	Акула
1977	ru	Рига
2105	ru	АПТЛ
2110	ky	Борэкс
2117	ru	АП
2122	ky	Кировец
2612	ru	Категория спец. техн.
2612	en	Special equip. category
2612	ky	Категория спец. техн.
2212	ru	\N
2212	en	\N
2212	ky	\N
2213	ru	\N
2213	en	\N
2213	ky	\N
2215	ru	\N
2215	en	\N
2215	ky	\N
2216	ru	\N
2216	en	\N
2216	ky	\N
2217	ru	\N
2217	en	\N
2217	ky	\N
2218	ru	\N
2218	en	\N
2218	ky	\N
2220	ru	\N
2220	en	\N
2220	ky	\N
2221	ru	\N
2221	en	\N
2221	ky	\N
2222	ru	\N
2222	en	\N
2222	ky	\N
2223	ru	\N
2223	en	\N
2223	ky	\N
2225	ru	\N
2225	en	\N
2225	ky	\N
2226	ru	\N
2226	en	\N
2226	ky	\N
2227	ru	\N
2227	en	\N
2227	ky	\N
2228	ru	\N
2228	en	\N
2228	ky	\N
1726	en	Drögmöller
7170	ky	\N
2458	ru	Туристический
2458	en	Tourist
2458	ky	Туристтик
2459	ru	Школьный
2459	en	School
2459	ky	Мектептик
2214	ru	Руль
2214	en	Wheels
2214	ky	Руль
2219	ru	Кузов
2219	en	Body
2219	ky	Кузов
2224	ru	Коробка
2224	en	Transmission
2224	ky	Коробка
2229	ru	Красный
2229	en	Red
2229	ky	Кызыл
2230	ru	Желтый
2230	en	Yellow
2230	ky	Сары
2231	ru	Зеленый
2231	ky	Жашыл
1820	ru	Mazda
2232	en	Gold
2232	ky	Алтын 
2233	ru	Коричневый
2233	en	Brown
2233	ky	Күрөң
2234	ru	Пурпурный
2234	en	Purple
2234	ky	Пурпур
2235	ru	Розовый
2235	en	Pink
2235	ky	Күлгүн
2232	ru	Золотистый
2236	en	Silver
2237	ru	Серый
2237	en	Grey
2237	ky	Боз
2238	ru	Синий
2238	en	Blue
2239	ru	Черный
2239	en	Black
2239	ky	Кара
2240	ru	Правый
2240	en	Right
2240	ky	Он
1820	en	Mazda
2199	en	Citroen
2200	ru	Daewoo
2200	en	Daewoo
2200	ky	Daewoo
3019	ru	DB7
3019	ky	DB7
2974	ru	Салон – велюр
1556	en	Hydrolic assist. wheels
1557	en	Light sensor
1558	ru	Климат-контроль
1559	ru	Круиз-контроль
1559	ky	Круиз-контроль
1560	ky	Тонировка
1561	ky	Электрокузгу
1562	en	Seat heater
1666	ru	среднее
1763	ru	БАЗ
1766	ru	ГАЗ
1767	ru	ГолАЗ
1768	en	ZIL
1769	ky	КАвЗ
1770	ky	КамАЗ
1771	ky	Кубань
1772	ky	ЛАЗ
1774	ru	МАЗ
1775	en	MARZ
1776	en	NefAZ
1777	en	PAZ
1778	en	RAF
1779	ky	РоАЗ
1780	ky	СЕМАР
1782	ru	Прочие
2787	ru	Типы мотоциклов
2787	en	Motorcycle types
2787	ky	Типы мотоциклов
1692	ru	 Чтобы оставить комментарий, необходимо зарегистрироваться или войти
1692	en	You must be authenticated to make comment.
1692	ky	Коммент калтырыш учун кириниз же регистрациядан отунуз.
2788	ru	\N
2788	en	\N
2788	ky	\N
2789	ru	\N
2789	en	\N
2789	ky	\N
1563	ru	Апнуто успешно
1563	en	Successfully upped
2733	en	Bulldozer
2738	ky	Коммуналдык 
1973	ru	Днепр
1978	ru	Тайга
2106	en	ATEK
2112	ru	БТР
2118	ru	АПТ
2872	ru	Багги
2872	en	Buggy
2872	ky	Багги
2873	ru	Вездеход
2873	en	Cross-country
2873	ky	Вездеход
2874	ru	Велосипед
2874	en	Cycle
7532	ru	\N
2874	ky	Велосипед
2875	ru	Квадроцикл
2875	en	Quad bike
2875	ky	Квадроцикл
2876	ru	Мопед
2876	en	Moped
2876	ky	Мопед
2877	ru	Мотоцикл
2877	en	Motorcycle
2877	ky	Мотоцикл
2878	ru	Скутер
2878	en	Scooter
2878	ky	Скутер
2879	ru	Снегоход
2879	en	Snowmobile
2879	ky	Снегоход
2290	ru	Автовоз
2290	en	Car carrier
2290	ky	Автовоз
2291	ru	Автотопливозаправщик
2291	ky	Автотопливозаправщик
7532	en	\N
2292	ru	Автоцистерна
2292	en	Tanker
2292	ky	Автоцистерна
2293	ru	Бортовой грузовик
2293	en	Stake body
2293	ky	Бортовой 
2294	ru	Вакуумная машина
2294	en	Vacuum and pressure 
2294	ky	Вакуумдук машина
2295	ru	Вахтовый
2295	en	Crew
2295	ky	Вахта
2296	ru	Для перевозки скота
2296	en	Animal carrier
2296	ky	Мал ташыгыч
2297	ru	Изотермический кузов
2297	en	Insulated
2297	ky	Изотермикалык кузов
2298	ru	Контейнеровоз
2298	en	Container carrier
2298	ky	Контейнер тарткыч
2299	ru	Лесовоз
2299	en	Timber carrier
2299	ky	Карагай тарткыч
2300	ru	Плетевоз
2300	en	Stalk truck
2300	ky	Плетевоз
2301	ru	Рефрижератор
2301	en	Refrigirator body
2301	ky	Рефрижератор
2302	ru	Рыбовоз
2302	en	Fish carrier
2302	ky	Рыбовоз
2303	ru	Самосвал
2303	en	Tip truck
2303	ky	Самосвал
2304	ru	Тент
2304	en	Tilt
2304	ky	Тент
2305	ru	Термокузов
2305	en	Thermo
2305	ky	Термокузов
2306	ru	Трубовоз
2306	en	Pipe carrier
2306	ky	Трубовоз
2307	ru	Фургон
2307	en	Van
2307	ky	Фургон
2308	ru	Шасси
2308	en	Chassis
2308	ky	Шасси
2309	ru	Прочее
2309	en	Other
2309	ky	Башка
1727	en	EOS
1820	ky	Mazda
1914	ky	DKW
1921	ru	Flybo
1921	en	Flybo
1921	ky	Flybo
1927	ru	GAS GAS
1927	en	GAS GAS 
1927	ky	GAS GAS
7532	ky	\N
1933	ru	Hero Honda
1764	ru	Богдан
1933	en	Hero Honda
1933	ky	Hero Honda
1939	ru	Italjet
1939	en	Italjet
1939	ky	Italjet
1945	ru	Lantana
1945	en	Lantana
1945	ky	Lantana
2012	en	DitchWitch
2019	ru	Fortschritt
2019	en	Fortschritt
2019	ky	Fortschritt
2025	ru	Gregoire Besson
2025	en	Gregoire Besson
2025	ky	Gregoire Besson
2030	ru	Hanomag
2030	en	Hanomag
2030	ky	Hanomag
2035	ru	Hitachi
2035	en	Hitachi
2035	ky	Hitachi
9112	ru	\N
9112	en	\N
9112	ky	\N
4625	en	Daihatsu
4625	ky	Daihatsu
1765	ru	Волжанин
3685	ru	Blazer
3685	en	Blazer
3685	ky	Blazer
4330	ru	C2
4330	en	C2
4330	ky	C2
1728	en	Evobus
1821	ru	Nissan
1821	en	Nissan
1821	ky	Nissan
1915	en	Ducati
1915	ky	Ducati
1922	ru	Forsage
1922	en	Forsage
4255	en	Veyron
4255	ky	Veyron
4504	ru	Turbo R
4504	en	Turbo R
3542	ru	Kamaz
3546	ru	ESP
3546	en	ESP
3546	ky	ESP
3506	ru	ESP
3506	en	ESP
3506	ky	ESP
3545	ru	Магнитола
3545	en	Stereo
3545	ky	Магнитола
3645	ru	Спальник
3645	en	Sleeping
3503	ru	ГУР
3503	en	Hydrolic assist. wheels
3503	ky	ГУР
3502	ru	Новая резина
3502	en	New tires
3502	ky	Жаны донголок
3504	ru	Горный тормоз
3504	en	Retarder
3504	ky	Тоо тормозу
3544	ru	Подушка безопасности
3542	en	Kamaz
3544	ky	SRS
3542	ky	Kamaz
3543	ru	6x2
3543	ky	6x2
5034	ru	Dodge
62	ru	Acura
67	en	BMW
111	ru	Aston Martin
115	en	Bugatti
1552	ru	114
3958	ru	CAT
3958	en	CAT
3958	ky	CAT
4454	ru	FGH
4454	en	FGH
4454	ky	FGH
1733	en	Hyundai
1737	ru	IVECO
1740	ky	Kia
1743	en	Mercedes-Benz
1746	ky	Neoplan
1750	ky	Setra
1754	ru	Tata
1757	ky	Vanhool
1760	ky	Yutong
1784	ru	Barkas
1787	ru	CAMC
1787	en	CAMC
1787	ky	CAMC
1790	ru	Citroen
1790	en	Citroen
1790	ky	Citroen
1793	ru	Dongfeng
2231	en	Green
1793	en	Dongfeng
1793	ky	Dongfeng
1796	ru	FAW
1796	en	FAW
1796	ky	FAW
1827	ky	Skoda
1831	ky	Yuejin
4479	ru	200
4479	en	200
4479	ky	200
1869	ru	Adler
1872	en	Aermacchi
1876	ru	Alfamoto
1879	ru	American Iron Horse
1879	ky	American Iron Horse
1882	ru	Ardie
1882	en	Ardie
1882	ky	Ardie
1885	ru	Armada
1885	en	Armada
1885	ky	Armada
1888	ru	Augusta
1888	en	Augusta
1888	ky	Augusta
1891	ru	Baotian
1891	en	Baotian
1891	ky	Baotian
1894	ru	Blata
1894	en	Blata
1894	ky	Blata
1897	ru	Boss Hoss
1897	en	Boss Hoss
1897	ky	Boss Hoss
1901	en	Cagiva
1947	ru	Liberty GMG
1947	ky	Liberty GMG
1951	ky	Polaris
1955	en	Segway
1959	ru	Speed Gear
1959	ky	Speed Gear
3544	en	Airbag
1963	en	Suzuki
1967	ru	Victory
1969	en	Yamaha
1969	ky	Yamaha
1981	ru	Agricola
1981	ky	Agricola
1987	ru	Amazone
1989	en	Ammann
1992	ky	Atlas
1995	ky	Bauer
1999	en	Boschung
2002	ky	Carmix
2059	en	Massey Ferguson
2064	en	Multicar
2069	en	Palesse
2072	ky	Shandong
2075	en	Stalowa Wola
2078	ru	Sumitomo
2078	en	Sumitomo
2078	ky	Sumitomo
2081	ru	Tadano
2081	en	Tadano
2081	ky	Tadano
2084	ru	Schaeff
2084	en	Schaeff
2084	ky	Schaeff
2087	ru	Takeuchi
2087	en	Takeuchi
2087	ky	Takeuchi
2090	ru	TIGARBO
2090	en	TIGARBO
2090	ky	TIGARBO
2093	ru	Vermeer
2093	en	Vermeer
2093	ky	Vermeer
2096	ru	Vogele
2096	en	Vogele
2096	ky	Vogele
2098	ky	Wecan
2100	ru	XCMG
2100	en	XCMG
2100	ky	XCMG
2102	ru	Yanmar
2102	en	Yanmar
2102	ky	Yanmar
5034	en	Dodge
5034	ky	Dodge
3501	ky	4x4
3505	ru	EBS
3505	en	EBS
4008	ru	DF
4008	en	DF
4405	ru	SAD
4405	en	SAD
4405	ky	SAD
3710	ru	Пазик
3710	ky	Пазик
3959	ru	DER
3959	en	DER
3959	ky	DER
1729	ky	Fiat
1822	ru	Opel
1916	ru	E-max
1916	en	E-max
1916	ky	E-max
1922	ky	Forsage
1928	ru	Generic
1928	en	Generic
1928	ky	Generic
1934	ru	Highland
1934	en	Highland
1934	ky	Highland
1940	ru	Jawa
1940	en	Jawa
1940	ky	Jawa
2005	ru	Cheng Gong
2013	ky	Doosan
2020	ru	Franz Kleine
2020	en	Franz Kleine
2020	ky	Franz Kleine
3735	en	ES
3735	ky	ES
3785	ru	ALLROAD
3785	en	ALLROAD
3909	ru	Sino
3909	en	Sino
3909	ky	Sino
3611	en	Continental
3611	ky	Continental
3835	ru	LK
3835	ky	LK
4380	ru	SD
4380	en	SD
4380	ky	SD
5035	en	Ferrari
5035	ky	Ferrari
64	en	Aston Martin
109	ru	Acura
112	ru	Audi
1492	ky	AR1
1554	ru	EBD
1554	en	EBD
3760	ru	Grand voyager
3760	en	Grand voyager
3760	ky	Grand voyager
3810	ru	TH
3810	en	TH
3810	ky	TH
4009	ru	AS
4009	en	AS
4009	ky	AS
4132	ru	Caprice
4132	en	Caprice
4132	ky	Caprice
4181	ru	Daytona
4181	en	Daytona
4181	ky	Daytona
1734	en	Ikarbus
1738	ru	JAC
1741	en	King Long
1744	en	Mitsubishi
1747	en	Nissan
1751	ky	Shen Long
1755	ru	Temsa
1758	en	Volkswagen
1761	ky	Zhong Tong
1785	ru	BAW
1785	en	BAW
1785	ky	BAW
1788	ru	Caterpillar
1788	en	Caterpillar
1788	ky	Caterpillar
1791	ru	Daihatsu
1791	en	Daihatsu
1791	ky	Daihatsu
1794	ru	Eagle
1794	en	Eagle
1794	ky	Eagle
1797	ru	Fiat
1797	en	Fiat
1797	ky	Fiat
1829	en	Suzuki
4230	ru	Roadmaster
4230	en	Roadmaster
4230	ky	Roadmaster
1867	ru	Cadillac
1870	en	Adly
1873	en	AJS
1877	ru	AlphaSports
1880	ru	Aprilia
1880	en	Aprilia
1880	ky	Aprilia
1883	ru	Ardis
1883	en	Ardis
1883	ky	Ardis
1886	ru	ArmadaMoto
1886	en	ArmadaMoto
3646	ru	Телевизор
3646	en	TV
3646	ky	Телевизор
1886	ky	ArmadaMoto
1889	ru	Azel
1889	en	Azel
1889	ky	Azel
1892	ru	Bashan
1892	en	Bashan
1892	ky	Bashan
1895	ru	BMW
1895	en	BMW
1895	ky	BMW
1899	ru	Buell
1902	ky	Can-Am
1949	en	NWS
1953	ru	Sabur
1956	ky	Simson
1961	ru	Sport Energy
1964	en	Tiger
1968	ru	Viper
1970	ru	Zongshen
1970	en	Zongshen
1970	ky	Zongshen
1983	en	AGT
1986	en	Akros
1990	ky	Anna
1993	en	Balkancar
1997	ru	Bobcat
2000	en	Brinkmann
2004	ru	Case
2061	ru	Meller
2066	ru	New Holland
2066	ky	New Holland
2070	ky	PPM
2073	ky	Shinko
2076	en	STILL
2076	ky	STILL
2079	ru	Svetruck
2079	en	Svetruck
2079	ky	Svetruck
2082	ru	Sampo Rosenlew
2082	en	Sampo Rosenlew
2082	ky	Sampo Rosenlew
2085	ru	Schwing
2085	en	Schwing
2085	ky	Schwing
2088	ru	TCM
2088	en	TCM
2088	ky	TCM
2091	ru	Unic
2091	en	Unic
2091	ky	Unic
2094	ru	Vervaet
2094	en	Vervaet
2094	ky	Vervaet
2097	ru	ВС
2097	en	ВС
2097	ky	ВС
2099	ru	Wirtgen
2099	en	Wirtgen
2099	ky	Wirtgen
2101	ru	Yale
2101	en	Yale
2101	ky	Yale
2103	ru	Zeppelin
2103	en	Zeppelin
2103	ky	Zeppelin
1574	ru	Активировать
3644	ru	Airbag
3644	en	Airbag
3644	ky	Airbag
4280	ru	Aspen
4280	en	Aspen
4280	ky	Aspen
1731	ru	Golden Dragon
1731	ky	Golden Dragon
1908	ru	Corrado
1917	ru	Eriskay
1917	en	Eriskay
1917	ky	Eriskay
1923	ru	Fosti
1923	en	Fosti
1923	ky	Fosti
1929	ru	Genuine Scooter
1929	en	Genuine Scooter
1929	ky	Genuine Scooter
1935	ru	Hisun
1935	en	Hisun
1935	ky	Hisun
1941	ru	Kawasaki
1941	en	Kawasaki
1941	ky	Kawasaki
2006	ru	Cifa
2015	ru	Dynapac
2021	ru	Fuchs
2021	en	Fuchs
2021	ky	Fuchs
2026	ru	Grimme
2026	en	Grimme
2026	ky	Grimme
2031	ru	Heli
2031	en	Heli
2031	ky	Heli
2036	ru	Holmer
2036	en	Holmer
2036	ky	Holmer
7525	ru	Гидравлические опоры
7525	en	Hydraulic work platform
7525	ky	Гидравлика опорлор
9181	ru	\N
9181	en	\N
9181	ky	\N
5114	ru	Dodge
5114	en	Dodge
5114	ky	Dodge
5115	ru	Ferrari
5115	en	Ferrari
5115	ky	Ferrari
4058	ru	Seville
4058	en	Seville
4058	ky	Seville
65	ky	Audi
110	ru	Alfa Romeo
113	ky	Bentley
1532	ru	4х4
63	en	Alfa Romeo
1735	ky	Ikarus
1739	en	Karosa
1742	ky	MAN
1745	en	Mudan
1749	ru	Scania
1752	ky	Ssang Yong
1756	en	Toyota
1759	ky	Volvo
1762	ky	Zonda
1786	ru	Bremach
1786	en	Bremach
1786	ky	Bremach
1789	ru	Chevrolet
1789	en	Chevrolet
1789	ky	Chevrolet
1792	ru	DAF
1792	en	DAF
1792	ky	DAF
1795	ru	ERF
1795	en	ERF
1795	ky	ERF
1826	en	Sinotruck
1830	ky	Tatra
1868	ru	Chevrolet
1871	en	Aeon
1874	ky	Alesin
1878	ru	ALX
1881	ru	Arctic Cat
1881	en	Arctic Cat
1881	ky	Arctic Cat
1884	ru	Argo
1884	en	Argo
1884	ky	Argo
1887	ru	ATK
1887	en	ATK
1887	ky	ATK
1890	ru	BamX
1890	en	BamX
1890	ky	BamX
1893	ru	Benelli
1893	en	Benelli
1893	ky	Benelli
1896	ru	Bombardier
1896	en	Bombardier
1896	ky	Bombardier
1900	ru	BV
1903	ky	CCM
1950	en	Piaggio
1954	ru	Sachs
1957	ky	Ski Doo
1962	ru	Stinger
1965	ky	Triumph
3647	en	Refrigerator
3647	ky	Холодильник
1971	ru	Zundapp
1971	en	Zundapp
1971	ky	Zundapp
1985	ru	Airman
1988	en	Amco Veba
1991	en	Armadillo
1994	ky	Baoli
1998	en	Bomag
2001	en	BT
2058	ru	Manitou
2058	en	Manitou
2062	ky	Mercedes
2068	ru	O&K
2071	en	Putzmeister
2074	ky	Skid loader
2077	ru	Struik
2077	en	Struik
2077	ky	Struik
2080	ru	TA-NO
2080	en	TA-NO
2080	ky	TA-NO
2083	ru	Sany
2083	en	Sany
2083	ky	Sany
2086	ru	Sennebogen
2086	en	Sennebogen
2086	ky	Sennebogen
2089	ru	Terex
2089	en	Terex
2089	ky	Terex
2092	ru	Valmet
2092	en	Valmet
2092	ky	Valmet
2095	ru	Vibromax
2095	en	Vibromax
2095	ky	Vibromax
2098	ru	Wecan
2098	en	Wecan
4355	ru	GTR
4355	en	GTR
4355	ky	GTR
3501	en	4x4
3505	ky	EBS
4008	ky	DF
3611	ru	Continental
2973	ru	A8
3019	en	DB7
3649	ru	4x2
3649	en	4x2
2044	ru	Kioti
2044	en	Kioti
2044	ky	Kioti
2046	ru	Kobelco
2046	en	Kobelco
2046	ky	Kobelco
2048	ru	Kubota
3652	ky	8x2
3654	en	8x6
3656	ru	10x6
3657	en	10x10
3657	ky	10x10
3835	en	LK
3860	ru	Fen
3860	en	Fen
3860	ky	Fen
5035	ru	Ferrari
4625	ru	Daihatsu
126	en	Dealer
9887	ky	\N
9888	ru	\N
9888	en	\N
9888	ky	\N
9889	ru	\N
9889	en	\N
9889	ky	\N
9890	ru	\N
9890	en	\N
7252	ru	\N
7252	en	\N
7252	ky	\N
7253	ru	\N
7253	en	\N
7253	ky	\N
7254	ru	\N
7254	en	\N
7254	ky	\N
7255	ru	\N
7255	en	\N
7255	ky	\N
7256	ru	\N
7256	en	\N
7256	ky	\N
7257	ru	\N
7257	en	\N
7257	ky	\N
9890	ky	\N
9891	ru	\N
9891	en	\N
9891	ky	\N
9892	ru	\N
9892	en	\N
9892	ky	\N
9893	ru	\N
7167	ru	Вы не загрузили рисунки, продолжать?
7167	en	You did not upload images, continue anyway?
9893	en	\N
9893	ky	\N
9894	ru	\N
9894	en	\N
9894	ky	\N
9895	ru	\N
9895	en	\N
9895	ky	\N
9896	ru	\N
9896	en	\N
9896	ky	\N
9897	ru	\N
12	ky	Баага
7685	en	\N
7685	ky	\N
7686	ru	\N
7686	en	\N
7686	ky	\N
7687	ru	\N
7687	en	\N
7687	ky	\N
7688	ru	\N
7688	en	\N
7688	ky	\N
7689	ru	\N
7689	en	\N
7689	ky	\N
7690	ru	\N
7690	en	\N
7690	ky	\N
7691	ru	\N
7691	en	\N
7691	ky	\N
7692	ru	\N
7692	en	\N
7692	ky	\N
7693	ru	\N
7693	en	\N
7693	ky	\N
7694	ru	\N
7694	en	\N
7694	ky	\N
7695	ru	\N
7695	en	\N
7695	ky	\N
7696	ru	\N
7696	en	\N
7696	ky	\N
7697	ru	\N
7697	en	\N
7697	ky	\N
7698	ru	\N
7698	en	\N
7698	ky	\N
7699	ru	\N
7699	en	\N
7699	ky	\N
7700	ru	\N
7700	en	\N
7700	ky	\N
7701	ru	\N
7701	en	\N
7701	ky	\N
7702	ru	\N
7334	ru	\N
7334	en	\N
7334	ky	\N
7336	ru	\N
7336	en	\N
7336	ky	\N
7702	en	\N
7702	ky	\N
7703	ru	\N
7703	en	\N
7703	ky	\N
7704	ru	\N
7704	en	\N
7704	ky	\N
7705	ru	\N
9897	en	\N
9897	ky	\N
7362	ru	\N
7362	en	\N
7362	ky	\N
7363	ru	\N
7363	en	\N
7363	ky	\N
7364	ru	\N
7364	en	\N
7364	ky	\N
7365	ru	\N
7365	en	\N
7365	ky	\N
7366	ru	\N
7366	en	\N
7366	ky	\N
7367	ru	\N
7367	en	\N
7367	ky	\N
7368	ru	\N
7368	en	\N
7368	ky	\N
7369	ru	\N
7369	en	\N
7369	ky	\N
7370	ru	\N
7370	en	\N
7370	ky	\N
7371	ru	\N
7371	en	\N
118	ky	Мүчөө болсоңуз…
1338	ky	Өчүрүүгө макулдук бериниз?
7371	ky	\N
7372	ru	\N
7372	en	\N
7372	ky	\N
7373	ru	\N
7373	en	\N
7373	ky	\N
7374	ru	\N
7374	en	\N
7374	ky	\N
7375	ru	\N
7375	en	\N
7375	ky	\N
7376	ru	\N
7376	en	\N
7376	ky	\N
7377	ru	\N
7377	en	\N
7377	ky	\N
7378	ru	\N
7378	en	\N
7378	ky	\N
7379	ru	\N
7379	en	\N
7379	ky	\N
7380	ru	\N
7380	en	\N
7380	ky	\N
7381	ru	\N
7381	en	\N
7381	ky	\N
7382	ru	\N
7382	en	\N
5140	ru	\N
5140	en	\N
5140	ky	\N
5141	ru	\N
5141	en	\N
5141	ky	\N
5142	ru	\N
5142	en	\N
5142	ky	\N
14	ru	Модель
5457	ky	ВАЗ(Lada)
5483	ru	\N
5483	en	\N
6126	ru	\N
6126	en	\N
5457	en	VAZ(Lada)
5483	ky	\N
77	ky	Оң
1453	ky	email же сырсөз туура эмес
2236	ky	Күмүш
6126	ky	\N
7196	ru	\N
5143	ru	Honda
5143	en	Honda
5143	ky	Honda
5144	ru	Hummer
5144	en	Hummer
5144	ky	Hummer
5145	ru	Hyundai
5145	en	Hyundai
5145	ky	Hyundai
5146	ru	Infinity
5146	en	Infinity
5146	ky	Infinity
5147	ru	Isuzu
5147	en	Isuzu
5147	ky	Isuzu
5148	ru	Iveco
5148	en	Iveco
5148	ky	Iveco
5149	ru	Jaguar
5149	en	Jaguar
5149	ky	Jaguar
5150	ru	Jeep
5150	en	Jeep
5150	ky	Jeep
5151	ru	Kia
5151	en	Kia
5151	ky	Kia
5152	ru	Lada
5152	en	Lada
5152	ky	Lada
5153	ru	Lamborghini
5153	en	Lamborghini
5153	ky	Lamborghini
5154	ru	Land rover
5154	en	Land rover
5154	ky	Land rover
5155	ru	Lexus
5155	en	Lexus
5155	ky	Lexus
5156	ru	Lincoln
5156	en	Lincoln
5156	ky	Lincoln
5157	ru	Mahindra
5157	en	Mahindra
5157	ky	Mahindra
5158	ru	Maserati
5158	en	Maserati
5158	ky	Maserati
5159	ru	Maybach
5159	en	Maybach
5159	ky	Maybach
5160	ru	Mazda
5160	en	Mazda
5160	ky	Mazda
5161	ru	Mercedes
5161	en	Mercedes
5161	ky	Mercedes
5162	ru	MG
5162	en	MG
5162	ky	MG
5163	ru	Mini
5163	en	Mini
5163	ky	Mini
5164	ru	Mitsubishi
5164	en	Mitsubishi
5164	ky	Mitsubishi
5165	ru	Nissan
5165	en	Nissan
5165	ky	Nissan
5166	ru	Opel
5166	en	Opel
5166	ky	Opel
5167	ru	Peugeot
5167	en	Peugeot
5167	ky	Peugeot
5168	ru	Pontiac
5168	en	Pontiac
5168	ky	Pontiac
5169	ru	Porsche
5169	en	Porsche
5169	ky	Porsche
5170	ru	Proton
5170	en	Proton
5170	ky	Proton
5171	ru	Renault
5171	en	Renault
5171	ky	Renault
5172	ru	Rolls Royce
5172	en	Rolls Royce
5172	ky	Rolls Royce
5173	ru	Rover
5173	en	Rover
5173	ky	Rover
5174	ru	Saab
5174	en	Saab
5174	ky	Saab
5175	ru	Seat
5175	en	Seat
5175	ky	Seat
5176	ru	Skoda
5176	en	Skoda
5176	ky	Skoda
5177	ru	Smart
5177	en	Smart
5177	ky	Smart
5178	ru	Ssangyong
5178	en	Ssangyong
5178	ky	Ssangyong
5179	ru	Subaru
5179	en	Subaru
5179	ky	Subaru
5180	ru	Suzuki
5180	en	Suzuki
5180	ky	Suzuki
5181	ru	Tata
5181	en	Tata
5181	ky	Tata
5182	ru	Toyota
5182	en	Toyota
5182	ky	Toyota
5183	ru	VW
5183	en	VW
5183	ky	VW
5184	ru	Volvo
5184	en	Volvo
5185	ru	ВАЗ
5184	ky	Volvo
5185	en	VAZ
5185	ky	ВАЗ
5186	ru	ГАЗ
5186	en	GAZ
5186	ky	ГАЗ
5187	ru	ЗАЗ
5187	en	ZAZ
5187	ky	ЗАЗ
5188	ru	ЗИЛ
5188	en	ZIL
5188	ky	ЗИЛ
5189	ru	ИЖ
5189	en	IJ
5189	ky	ИЖ
5191	ru	Москвич
5191	en	Moskvich
5191	ky	Москвич
5192	ru	Прочие
5192	en	Other
5193	ru	\N
5193	en	\N
5193	ky	\N
5194	ru	\N
5194	en	\N
5194	ky	\N
5195	ru	\N
5195	en	\N
5195	ky	\N
5196	ru	\N
5196	en	\N
5196	ky	\N
5197	ru	\N
5197	en	\N
5197	ky	\N
5198	ru	\N
5198	en	\N
5198	ky	\N
5199	ru	\N
5199	en	\N
5199	ky	\N
5200	ru	\N
5200	en	\N
5200	ky	\N
5201	ru	\N
5201	en	\N
5201	ky	\N
5202	ru	\N
5202	en	\N
5202	ky	\N
5203	ru	\N
5203	en	\N
5203	ky	\N
5204	ru	\N
5204	en	\N
5204	ky	\N
5205	ru	\N
5205	en	\N
5205	ky	\N
5206	ru	\N
5206	en	\N
5206	ky	\N
5207	ru	\N
5207	en	\N
5207	ky	\N
5208	ru	\N
5208	en	\N
5208	ky	\N
5209	ru	\N
5209	en	\N
5209	ky	\N
5210	ru	\N
5210	en	\N
5210	ky	\N
5211	ru	\N
5211	en	\N
5211	ky	\N
5212	ru	\N
5212	en	\N
5212	ky	\N
5213	ru	\N
5213	en	\N
5213	ky	\N
5214	ru	\N
5214	en	\N
5214	ky	\N
5215	ru	\N
5215	en	\N
5215	ky	\N
5216	ru	\N
5216	en	\N
5216	ky	\N
5217	ru	\N
5217	en	\N
5217	ky	\N
5218	ru	\N
5218	en	\N
5218	ky	\N
5219	ru	\N
5219	en	\N
5219	ky	\N
5220	ru	\N
5220	en	\N
5220	ky	\N
5221	ru	\N
5221	en	\N
5221	ky	\N
5222	ru	\N
5222	en	\N
5222	ky	\N
5223	ru	\N
5223	en	\N
5223	ky	\N
5224	ru	\N
5224	en	\N
5224	ky	\N
5225	ru	\N
5225	en	\N
5225	ky	\N
5226	ru	\N
5226	en	\N
5226	ky	\N
5227	ru	\N
5227	en	\N
5227	ky	\N
5228	ru	\N
5228	en	\N
5228	ky	\N
5229	ru	\N
5229	en	\N
5229	ky	\N
5230	ru	\N
5230	en	\N
5230	ky	\N
5231	ru	\N
5231	en	\N
5231	ky	\N
5232	ru	\N
5232	en	\N
5232	ky	\N
5233	ru	\N
5233	en	\N
5233	ky	\N
5234	ru	\N
5234	en	\N
5234	ky	\N
5236	ru	\N
5236	en	\N
5236	ky	\N
5237	ru	\N
5237	en	\N
5237	ky	\N
5238	ru	\N
5238	en	\N
5238	ky	\N
7196	en	\N
7196	ky	\N
7197	ru	\N
7197	en	\N
7197	ky	\N
7198	ru	\N
7198	en	\N
7198	ky	\N
7199	ru	\N
7199	en	\N
7199	ky	\N
7200	ru	\N
7200	en	\N
7200	ky	\N
7201	ru	\N
7201	en	\N
7201	ky	\N
7202	ru	\N
7202	en	\N
7202	ky	\N
7203	ru	\N
7203	en	\N
7203	ky	\N
5192	ky	Башка
5235	ru	ГАЗ
5235	en	GAZ
5235	ky	ГАЗ
9898	ru	\N
9898	en	\N
9898	ky	\N
9899	ru	\N
9899	en	\N
9899	ky	\N
9900	ru	\N
9900	en	\N
9900	ky	\N
9901	ru	\N
9901	en	\N
9901	ky	\N
9902	ru	\N
9902	en	\N
9902	ky	\N
9903	ru	\N
9903	en	\N
9903	ky	\N
9904	ru	\N
9904	en	\N
9904	ky	\N
9905	ru	\N
9905	en	\N
9905	ky	\N
9906	ru	\N
9906	en	\N
9906	ky	\N
9907	ru	\N
9907	en	\N
9907	ky	\N
5240	en	Moskvich
5240	ky	Москвич
9908	ru	\N
9908	en	\N
9908	ky	\N
9909	ru	\N
9909	en	\N
9909	ky	\N
5559	ru	Выход
5559	en	Sign out
5559	ky	Чыгуу
5557	ru	привод
5557	en	drive
5557	ky	привод
5556	ru	руль
5556	en	steering
5556	ky	руль
7204	ru	\N
7204	en	\N
7204	ky	\N
7205	ru	\N
7205	en	\N
7205	ky	\N
7206	ru	\N
7206	en	\N
7206	ky	\N
5706	ru	\N
5706	en	\N
5706	ky	\N
7207	ru	\N
7207	en	\N
7207	ky	\N
7208	ru	\N
7208	en	\N
7208	ky	\N
7209	ru	\N
7209	en	\N
7209	ky	\N
5558	ru	Ап не удалось
5558	en	Up failed
5558	ky	Ап болбой калды
6494	ru	сом
6494	en	som
6494	ky	сом
6524	ru	\N
6524	en	\N
6524	ky	\N
6735	ru	\N
6735	en	\N
6735	ky	\N
7210	ru	\N
7210	en	\N
7210	ky	\N
7211	ru	\N
7211	en	\N
7211	ky	\N
7212	ru	\N
7212	en	\N
7212	ky	\N
7213	ru	\N
7213	en	\N
7213	ky	\N
7214	ru	\N
7214	en	\N
7214	ky	\N
7215	ru	\N
7215	en	\N
7215	ky	\N
7216	ru	\N
7216	en	\N
7216	ky	\N
7217	ru	\N
7217	en	\N
7217	ky	\N
7218	ru	\N
7218	en	\N
7218	ky	\N
7219	ru	\N
7219	en	\N
7219	ky	\N
7220	ru	\N
7220	en	\N
7220	ky	\N
7221	ru	\N
7221	en	\N
7221	ky	\N
7222	ru	\N
7222	en	\N
7222	ky	\N
7223	ru	\N
7223	en	\N
7223	ky	\N
7224	ru	\N
7224	en	\N
7224	ky	\N
7225	ru	\N
7225	en	\N
7225	ky	\N
7226	ru	\N
7226	en	\N
7226	ky	\N
7554	ru	\N
7554	en	\N
7554	ky	\N
9134	ru	\N
9134	en	\N
9134	ky	\N
6523	ru	Вы не можете загружать рисунки больше чем 10шт. Загрузите до 10шт.
6523	en	Too many pictures uploaded. No more than 10
6523	ky	10дон көп сүрөт жүктөй албайсыз. Кайра тандап жүктөңүз.
6258	ru	\N
273	ky	Колдонуучунун маалыматтарын өзгөртүү баракчасы
6258	en	\N
6258	ky	\N
9635	ru	\N
9635	en	\N
9635	ky	\N
9636	ru	\N
9636	en	\N
9636	ky	\N
9637	ru	\N
9637	en	\N
9637	ky	\N
9638	ru	\N
9638	en	\N
9638	ky	\N
9639	ru	\N
9639	en	\N
9639	ky	\N
9910	ru	\N
38	ky	Баадан
7705	en	\N
7705	ky	\N
7706	ru	\N
7706	en	\N
7706	ky	\N
7707	ru	\N
7707	en	\N
7707	ky	\N
7166	ru	в сомах
7166	en	in soms
6577	ru	\N
6577	en	\N
6577	ky	\N
6814	ru	\N
6814	en	\N
6814	ky	\N
7166	ky	сом менен жазыныз
7335	ru	\N
7335	en	\N
7335	ky	\N
3	ru	Подать объявление
3	en	Place auto
7708	ru	\N
7708	en	\N
7708	ky	\N
7709	ru	\N
7709	en	\N
7709	ky	\N
7710	ru	\N
7710	en	\N
7710	ky	\N
7711	ru	\N
7711	en	\N
7711	ky	\N
7712	ru	\N
7712	en	\N
7712	ky	\N
7713	ru	\N
7713	en	\N
7713	ky	\N
7714	ru	\N
7714	en	\N
7714	ky	\N
7715	ru	\N
7715	en	\N
7715	ky	\N
7716	ru	\N
7716	en	\N
7716	ky	\N
7717	ru	\N
7717	en	\N
7717	ky	\N
7718	ru	\N
7718	en	\N
7718	ky	\N
7719	ru	\N
7719	en	\N
7719	ky	\N
7720	ru	\N
7720	en	\N
7720	ky	\N
7721	ru	\N
7721	en	\N
7721	ky	\N
7722	ru	\N
7722	en	\N
7722	ky	\N
7723	ru	\N
7723	en	\N
7723	ky	\N
7724	ru	\N
7724	en	\N
7724	ky	\N
7725	ru	\N
7725	en	\N
7725	ky	\N
7726	ru	\N
7726	en	\N
7726	ky	\N
7727	ru	\N
7727	en	\N
7382	ky	\N
7383	ru	\N
7383	en	\N
7383	ky	\N
7384	ru	\N
7384	en	\N
7384	ky	\N
7385	ru	\N
7385	en	\N
7385	ky	\N
7386	ru	\N
7386	en	\N
7386	ky	\N
7387	ru	\N
7387	en	\N
7387	ky	\N
7388	ru	\N
7388	en	\N
7388	ky	\N
7389	ru	\N
7389	en	\N
7389	ky	\N
7390	ru	\N
7390	en	\N
7390	ky	\N
7391	ru	\N
7391	en	\N
7391	ky	\N
7392	ru	\N
7392	en	\N
7392	ky	\N
7393	ru	\N
7393	en	\N
7393	ky	\N
7394	ru	\N
7394	en	\N
7394	ky	\N
7395	ru	\N
7395	en	\N
7395	ky	\N
7396	ru	\N
7396	en	\N
7396	ky	\N
7397	ru	\N
7397	en	\N
7397	ky	\N
7398	ru	\N
7398	en	\N
7398	ky	\N
7399	ru	\N
7399	en	\N
7399	ky	\N
7400	ru	\N
7400	en	\N
7400	ky	\N
7401	ru	\N
7401	en	\N
7401	ky	\N
7402	ru	\N
7402	en	\N
7402	ky	\N
7403	ru	\N
7403	en	\N
7403	ky	\N
7404	ru	\N
7404	en	\N
7404	ky	\N
7555	ru	\N
7555	en	\N
7555	ky	\N
9135	ru	\N
9135	en	\N
9135	ky	\N
51	ru	КПП-все
51	en	Transmission-all
51	ky	КПП-баары
52	ky	Түсү-баары
9910	en	\N
9910	ky	\N
9911	ru	\N
283	ru	Где и как можно пополнить баланс:
7727	ky	\N
7728	ru	\N
7728	en	\N
7728	ky	\N
7729	ru	\N
7729	en	\N
7729	ky	\N
7730	ru	\N
7730	en	\N
7730	ky	\N
7731	ru	\N
7731	en	\N
7731	ky	\N
7732	ru	\N
7732	en	\N
7732	ky	\N
7733	ru	\N
7733	en	\N
7733	ky	\N
7734	ru	\N
7734	en	\N
7734	ky	\N
7735	ru	\N
7735	en	\N
7735	ky	\N
7736	ru	\N
7736	en	\N
7736	ky	\N
7737	ru	\N
7430	ru	\N
7430	en	\N
7430	ky	\N
7737	en	\N
7737	ky	\N
7738	ru	\N
7738	en	\N
7738	ky	\N
7739	ru	\N
7739	en	\N
7739	ky	\N
7740	ru	\N
7740	en	\N
7740	ky	\N
7741	ru	\N
7741	en	\N
7741	ky	\N
7742	ru	\N
7742	en	\N
7742	ky	\N
7743	ru	\N
7743	en	\N
7743	ky	\N
7744	ru	\N
7744	en	\N
7744	ky	\N
7745	ru	\N
7745	en	\N
7745	ky	\N
7746	ru	\N
7746	en	\N
7746	ky	\N
7747	ru	\N
7747	en	\N
7747	ky	\N
7748	ru	\N
7748	en	\N
7748	ky	\N
7749	ru	\N
7749	en	\N
7749	ky	\N
7750	ru	\N
7750	en	\N
7750	ky	\N
7751	ru	\N
7751	en	\N
7751	ky	\N
7752	ru	\N
7752	en	\N
7752	ky	\N
7753	ru	\N
7753	en	\N
7753	ky	\N
7754	ru	\N
7754	en	\N
7754	ky	\N
7755	ru	\N
7755	en	\N
7755	ky	\N
7756	ru	\N
7756	en	\N
7756	ky	\N
7757	ru	\N
7757	en	\N
7757	ky	\N
7758	ru	\N
7758	en	\N
7758	ky	\N
7759	ru	\N
7759	en	\N
7759	ky	\N
7760	ru	\N
7760	en	\N
7760	ky	\N
7761	ru	\N
7761	en	\N
7456	ru	\N
7456	en	\N
7456	ky	\N
7457	ru	\N
7457	en	\N
7457	ky	\N
7556	ru	\N
7556	en	\N
7556	ky	\N
7494	ru	Электростартер
7494	en	Electrostarter
7494	ky	Электростартер
7493	ru	Тюнинг
7493	en	Tuning
7493	ky	Тюнинг
7492	ru	Крашпеды
7492	en	Crashpad
7492	ky	Крашпед
7491	ru	Кик стартер
7491	en	Kickstarter
7491	ky	Кик стартер
7490	ru	Ветровое стекло
7490	en	Windshield
7490	ky	Шамал айнеги
7489	ru	Багажный кофр
7489	en	Luggage case
7489	ky	Багаж кофры
7488	ru	Цепь
7488	en	Chain
7488	ky	Цепь
7487	ru	Кардан
7487	en	Cardan
7487	ky	Кардан
7486	ru	Прямоток
7486	en	Exhaust pipe
7486	ky	Прямоток
7485	ru	Галогенные фары
7485	en	Xenon lights
7485	ky	Галоген фара
7484	ru	Ремень
7484	en	Belt
7484	ky	Ремень
9196	ru	\N
9196	en	\N
9196	ky	\N
9911	en	\N
9911	ky	\N
9912	ru	\N
9912	en	\N
9912	ky	\N
9913	ru	\N
7483	ru	\N
7483	en	\N
7483	ky	\N
9913	en	\N
9913	ky	\N
9914	ru	\N
7648	ru	\N
7648	en	\N
7648	ky	\N
7649	ru	\N
7649	en	\N
7649	ky	\N
7650	ru	\N
7650	en	\N
7650	ky	\N
7651	ru	\N
7651	en	\N
7651	ky	\N
7652	ru	\N
7652	en	\N
7652	ky	\N
7653	ru	\N
7653	en	\N
7653	ky	\N
7654	ru	\N
7654	en	\N
7654	ky	\N
7655	ru	\N
7655	en	\N
7655	ky	\N
7656	ru	\N
7656	en	\N
7656	ky	\N
7657	ru	\N
7657	en	\N
7657	ky	\N
7658	ru	\N
7658	en	\N
7658	ky	\N
7659	ru	\N
7659	en	\N
7659	ky	\N
7660	ru	\N
7660	en	\N
7660	ky	\N
7509	ru	\N
7509	en	\N
7509	ky	\N
7661	ru	\N
7661	en	\N
7661	ky	\N
7662	ru	\N
7662	en	\N
7662	ky	\N
7663	ru	\N
7663	en	\N
7663	ky	\N
7664	ru	\N
7664	en	\N
7664	ky	\N
7665	ru	\N
7665	en	\N
7665	ky	\N
7666	ru	\N
7666	en	\N
7666	ky	\N
7667	ru	\N
7667	en	\N
7667	ky	\N
7668	ru	\N
7668	en	\N
7668	ky	\N
7669	ru	\N
7669	en	\N
7669	ky	\N
7670	ru	\N
7670	en	\N
7670	ky	\N
7671	ru	\N
7671	en	\N
7671	ky	\N
7672	ru	\N
7672	en	\N
7672	ky	\N
7673	ru	\N
7673	en	\N
7673	ky	\N
7674	ru	\N
7674	en	\N
7674	ky	\N
7675	ru	\N
7675	en	\N
7675	ky	\N
7676	ru	\N
7676	en	\N
7676	ky	\N
7677	ru	\N
7677	en	\N
7677	ky	\N
7678	ru	\N
7678	en	\N
7678	ky	\N
9914	en	\N
9914	ky	\N
9915	ru	\N
9915	en	\N
9915	ky	\N
9916	ru	\N
9916	en	\N
9916	ky	\N
9917	ru	\N
9917	en	\N
9917	ky	\N
9918	ru	\N
9918	en	\N
9918	ky	\N
9919	ru	\N
9919	en	\N
9919	ky	\N
9920	ru	\N
9920	en	\N
9920	ky	\N
9921	ru	\N
9921	en	\N
9921	ky	\N
9922	ru	\N
9922	en	\N
9922	ky	\N
9923	ru	\N
9923	en	\N
9923	ky	\N
7761	ky	\N
7762	ru	\N
7762	en	\N
7762	ky	\N
7763	ru	\N
7763	en	\N
7763	ky	\N
7764	ru	\N
7764	en	\N
7764	ky	\N
7765	ru	\N
7765	en	\N
7765	ky	\N
7766	ru	\N
7766	en	\N
7766	ky	\N
7767	ru	\N
7767	en	\N
7767	ky	\N
7768	ru	\N
7768	en	\N
7768	ky	\N
7769	ru	\N
7769	en	\N
7769	ky	\N
7770	ru	\N
7770	en	\N
7770	ky	\N
7771	ru	\N
7771	en	\N
7771	ky	\N
7772	ru	\N
7772	en	\N
7772	ky	\N
7773	ru	\N
7773	en	\N
7773	ky	\N
7774	ru	\N
7774	en	\N
7774	ky	\N
7775	ru	\N
7775	en	\N
7775	ky	\N
7776	ru	\N
7776	en	\N
7776	ky	\N
7777	ru	\N
7777	en	\N
7777	ky	\N
7778	ru	\N
7778	en	\N
7778	ky	\N
7779	ru	\N
7779	en	\N
7779	ky	\N
7780	ru	\N
7780	en	\N
7780	ky	\N
7781	ru	\N
7781	en	\N
7781	ky	\N
7782	ru	\N
7782	en	\N
7782	ky	\N
7783	ru	\N
7783	en	\N
7783	ky	\N
7784	ru	\N
7784	en	\N
7784	ky	\N
7785	ru	\N
7785	en	\N
7785	ky	\N
7786	ru	\N
7786	en	\N
7786	ky	\N
7787	ru	\N
7787	en	\N
7787	ky	\N
7788	ru	\N
7788	en	\N
7788	ky	\N
7789	ru	\N
7789	en	\N
7789	ky	\N
7790	ru	\N
7790	en	\N
7790	ky	\N
7791	ru	\N
7791	en	\N
7791	ky	\N
7792	ru	\N
7792	en	\N
7792	ky	\N
7793	ru	\N
7793	en	\N
7793	ky	\N
7794	ru	\N
7794	en	\N
7794	ky	\N
7795	ru	\N
7795	en	\N
7795	ky	\N
7796	ru	\N
7796	en	\N
7796	ky	\N
7797	ru	\N
7797	en	\N
7797	ky	\N
7798	ru	\N
7798	en	\N
7798	ky	\N
7799	ru	\N
7799	en	\N
7799	ky	\N
7800	ru	\N
7800	en	\N
7800	ky	\N
7801	ru	\N
7801	en	\N
7801	ky	\N
7802	ru	\N
7802	en	\N
7802	ky	\N
7803	ru	\N
7803	en	\N
7803	ky	\N
7804	ru	\N
7804	en	\N
7804	ky	\N
7805	ru	\N
7805	en	\N
7805	ky	\N
7806	ru	\N
7806	en	\N
7806	ky	\N
7807	ru	\N
7807	en	\N
7807	ky	\N
7808	ru	\N
7808	en	\N
7808	ky	\N
7809	ru	\N
7809	en	\N
7809	ky	\N
7810	ru	\N
7810	en	\N
7810	ky	\N
7811	ru	\N
7811	en	\N
7811	ky	\N
7812	ru	\N
7812	en	\N
7812	ky	\N
7813	ru	\N
7813	en	\N
7813	ky	\N
7814	ru	\N
7814	en	\N
7814	ky	\N
7815	ru	\N
7815	en	\N
7815	ky	\N
7816	ru	\N
7816	en	\N
7816	ky	\N
7817	ru	\N
7817	en	\N
7817	ky	\N
7818	ru	\N
7818	en	\N
7818	ky	\N
7819	ru	\N
7819	en	\N
7819	ky	\N
7820	ru	\N
7820	en	\N
7820	ky	\N
7821	ru	\N
7821	en	\N
7821	ky	\N
7822	ru	\N
7822	en	\N
7822	ky	\N
7823	ru	\N
7823	en	\N
7823	ky	\N
7824	ru	\N
7824	en	\N
7824	ky	\N
7825	ru	\N
7825	en	\N
7825	ky	\N
7826	ru	\N
7826	en	\N
7826	ky	\N
7827	ru	\N
7827	en	\N
7827	ky	\N
7828	ru	\N
7828	en	\N
7828	ky	\N
7829	ru	\N
7829	en	\N
7829	ky	\N
7830	ru	\N
7830	en	\N
7830	ky	\N
7831	ru	\N
7831	en	\N
7831	ky	\N
7832	ru	\N
7832	en	\N
7832	ky	\N
7833	ru	\N
7833	en	\N
7833	ky	\N
7834	ru	\N
7834	en	\N
7834	ky	\N
7835	ru	\N
7835	en	\N
7835	ky	\N
7836	ru	\N
7836	en	\N
7836	ky	\N
7837	ru	\N
7837	en	\N
7837	ky	\N
7838	ru	\N
7838	en	\N
7838	ky	\N
7839	ru	\N
7839	en	\N
7839	ky	\N
7840	ru	\N
7840	en	\N
7840	ky	\N
7841	ru	\N
7841	en	\N
7841	ky	\N
7842	ru	\N
7842	en	\N
7842	ky	\N
7843	ru	\N
7843	en	\N
7843	ky	\N
7844	ru	\N
7844	en	\N
7844	ky	\N
7845	ru	\N
7845	en	\N
7845	ky	\N
7846	ru	\N
7846	en	\N
7846	ky	\N
7847	ru	\N
7847	en	\N
7847	ky	\N
7848	ru	\N
7848	en	\N
7848	ky	\N
7849	ru	\N
7849	en	\N
7849	ky	\N
7850	ru	\N
7850	en	\N
7850	ky	\N
7851	ru	\N
7851	en	\N
7851	ky	\N
7852	ru	\N
7852	en	\N
7852	ky	\N
7853	ru	\N
7853	en	\N
7853	ky	\N
7854	ru	\N
7854	en	\N
7854	ky	\N
7855	ru	\N
7855	en	\N
7855	ky	\N
7856	ru	\N
7856	en	\N
7856	ky	\N
7857	ru	\N
7857	en	\N
7857	ky	\N
7858	ru	\N
7858	en	\N
7858	ky	\N
7859	ru	\N
7859	en	\N
7859	ky	\N
7860	ru	\N
7860	en	\N
7860	ky	\N
7861	ru	\N
7861	en	\N
7861	ky	\N
7862	ru	\N
7862	en	\N
7862	ky	\N
7863	ru	\N
7863	en	\N
7863	ky	\N
7864	ru	\N
7864	en	\N
7864	ky	\N
7865	ru	\N
7865	en	\N
7865	ky	\N
7866	ru	\N
7866	en	\N
7866	ky	\N
7867	ru	\N
7867	en	\N
7867	ky	\N
7868	ru	\N
7868	en	\N
7868	ky	\N
7869	ru	\N
7869	en	\N
7869	ky	\N
7870	ru	\N
7870	en	\N
7870	ky	\N
7871	ru	\N
7871	en	\N
7871	ky	\N
7872	ru	\N
7872	en	\N
7872	ky	\N
7873	ru	\N
7873	en	\N
7873	ky	\N
7874	ru	\N
7874	en	\N
7874	ky	\N
7875	ru	\N
7875	en	\N
7875	ky	\N
7876	ru	\N
7876	en	\N
7876	ky	\N
7877	ru	\N
7877	en	\N
7877	ky	\N
7878	ru	\N
7878	en	\N
7878	ky	\N
7879	ru	\N
7879	en	\N
7879	ky	\N
7880	ru	\N
7880	en	\N
7880	ky	\N
7881	ru	\N
7881	en	\N
7881	ky	\N
7882	ru	\N
7882	en	\N
7882	ky	\N
7883	ru	\N
7883	en	\N
7883	ky	\N
7884	ru	\N
7884	en	\N
7884	ky	\N
7885	ru	\N
7885	en	\N
7885	ky	\N
7886	ru	\N
7886	en	\N
7886	ky	\N
7887	ru	\N
7887	en	\N
7887	ky	\N
7888	ru	\N
7888	en	\N
7888	ky	\N
7889	ru	\N
7889	en	\N
7889	ky	\N
7890	ru	\N
7890	en	\N
7890	ky	\N
7891	ru	\N
7891	en	\N
7891	ky	\N
7892	ru	\N
7892	en	\N
7892	ky	\N
7893	ru	\N
7893	en	\N
7893	ky	\N
7894	ru	\N
7894	en	\N
7894	ky	\N
7895	ru	\N
7895	en	\N
7895	ky	\N
7896	ru	\N
7896	en	\N
7896	ky	\N
7897	ru	\N
7897	en	\N
7897	ky	\N
7898	ru	\N
7898	en	\N
7898	ky	\N
7899	ru	\N
7899	en	\N
7899	ky	\N
7900	ru	\N
7900	en	\N
7900	ky	\N
7901	ru	\N
7901	en	\N
7901	ky	\N
7902	ru	\N
7902	en	\N
7902	ky	\N
7903	ru	\N
7903	en	\N
7903	ky	\N
7904	ru	\N
7904	en	\N
7904	ky	\N
7905	ru	\N
7905	en	\N
7905	ky	\N
7906	ru	\N
7906	en	\N
7906	ky	\N
7907	ru	\N
7907	en	\N
7907	ky	\N
7908	ru	\N
7908	en	\N
7908	ky	\N
7909	ru	\N
7909	en	\N
7909	ky	\N
7910	ru	\N
7910	en	\N
7910	ky	\N
7911	ru	\N
7911	en	\N
7911	ky	\N
7912	ru	\N
7912	en	\N
7912	ky	\N
7913	ru	\N
7913	en	\N
7913	ky	\N
7914	ru	\N
7914	en	\N
7914	ky	\N
7915	ru	\N
7915	en	\N
7915	ky	\N
7916	ru	\N
7916	en	\N
7916	ky	\N
7917	ru	\N
7917	en	\N
7917	ky	\N
7918	ru	\N
7918	en	\N
7918	ky	\N
7919	ru	\N
7919	en	\N
7919	ky	\N
7920	ru	\N
7920	en	\N
7920	ky	\N
7921	ru	\N
7921	en	\N
7921	ky	\N
7922	ru	\N
7922	en	\N
7922	ky	\N
7923	ru	\N
7923	en	\N
7923	ky	\N
7924	ru	\N
7924	en	\N
7924	ky	\N
7925	ru	\N
7925	en	\N
7925	ky	\N
7926	ru	\N
7926	en	\N
7926	ky	\N
7927	ru	\N
7927	en	\N
7927	ky	\N
7928	ru	\N
7928	en	\N
7928	ky	\N
7929	ru	\N
7929	en	\N
7929	ky	\N
7930	ru	\N
7930	en	\N
7930	ky	\N
7931	ru	\N
7931	en	\N
7931	ky	\N
7932	ru	\N
7932	en	\N
7932	ky	\N
7933	ru	\N
7933	en	\N
7933	ky	\N
7934	ru	\N
7934	en	\N
7934	ky	\N
7935	ru	\N
7935	en	\N
7935	ky	\N
7936	ru	\N
7936	en	\N
7936	ky	\N
7937	ru	\N
7937	en	\N
7937	ky	\N
7938	ru	\N
7938	en	\N
7938	ky	\N
7939	ru	\N
7939	en	\N
7939	ky	\N
7940	ru	\N
7940	en	\N
7940	ky	\N
7941	ru	\N
7941	en	\N
7941	ky	\N
7942	ru	\N
7942	en	\N
7942	ky	\N
7943	ru	\N
7943	en	\N
7943	ky	\N
7944	ru	\N
7944	en	\N
7944	ky	\N
7945	ru	\N
7945	en	\N
7945	ky	\N
7946	ru	\N
7946	en	\N
7946	ky	\N
7947	ru	\N
7947	en	\N
7947	ky	\N
7948	ru	\N
7948	en	\N
7948	ky	\N
7949	ru	\N
7949	en	\N
7949	ky	\N
7950	ru	\N
7950	en	\N
7950	ky	\N
7951	ru	\N
7951	en	\N
7951	ky	\N
7952	ru	\N
7952	en	\N
7952	ky	\N
7953	ru	\N
7953	en	\N
7953	ky	\N
7954	ru	\N
7954	en	\N
7954	ky	\N
7955	ru	\N
7955	en	\N
7955	ky	\N
7956	ru	\N
7956	en	\N
7956	ky	\N
7957	ru	\N
7957	en	\N
7957	ky	\N
7958	ru	\N
7958	en	\N
7958	ky	\N
7959	ru	\N
7959	en	\N
7959	ky	\N
7960	ru	\N
7960	en	\N
7960	ky	\N
7961	ru	\N
7961	en	\N
7961	ky	\N
7962	ru	\N
7962	en	\N
7962	ky	\N
7963	ru	\N
7963	en	\N
7963	ky	\N
7964	ru	\N
7964	en	\N
7964	ky	\N
7965	ru	\N
7965	en	\N
7965	ky	\N
7966	ru	\N
7966	en	\N
7966	ky	\N
7967	ru	\N
7967	en	\N
7967	ky	\N
7968	ru	\N
7968	en	\N
7968	ky	\N
7969	ru	\N
7969	en	\N
7969	ky	\N
7970	ru	\N
7970	en	\N
7970	ky	\N
7971	ru	\N
7971	en	\N
7971	ky	\N
7972	ru	\N
7972	en	\N
7972	ky	\N
7973	ru	\N
7973	en	\N
7973	ky	\N
7974	ru	\N
7974	en	\N
7974	ky	\N
7975	ru	\N
7975	en	\N
7975	ky	\N
7976	ru	\N
7976	en	\N
7976	ky	\N
7977	ru	\N
7977	en	\N
7977	ky	\N
7978	ru	\N
7978	en	\N
7978	ky	\N
7979	ru	\N
7979	en	\N
7979	ky	\N
7980	ru	\N
7980	en	\N
7980	ky	\N
7981	ru	\N
7981	en	\N
7981	ky	\N
7982	ru	\N
7982	en	\N
7982	ky	\N
7983	ru	\N
7983	en	\N
7983	ky	\N
7984	ru	\N
7984	en	\N
7984	ky	\N
7985	ru	\N
7985	en	\N
7985	ky	\N
7986	ru	\N
7986	en	\N
7986	ky	\N
7987	ru	\N
7987	en	\N
7987	ky	\N
7988	ru	\N
7988	en	\N
7988	ky	\N
7989	ru	\N
7989	en	\N
7989	ky	\N
7990	ru	\N
7990	en	\N
7990	ky	\N
7991	ru	\N
7991	en	\N
7991	ky	\N
7992	ru	\N
7992	en	\N
7992	ky	\N
7993	ru	\N
7993	en	\N
7993	ky	\N
7994	ru	\N
7994	en	\N
7994	ky	\N
7995	ru	\N
7995	en	\N
7995	ky	\N
7996	ru	\N
7996	en	\N
7996	ky	\N
7997	ru	\N
7997	en	\N
7997	ky	\N
7998	ru	\N
7998	en	\N
7998	ky	\N
7999	ru	\N
7999	en	\N
7999	ky	\N
8000	ru	\N
8000	en	\N
8000	ky	\N
8001	ru	\N
8001	en	\N
8001	ky	\N
8002	ru	\N
8002	en	\N
8002	ky	\N
8003	ru	\N
8003	en	\N
8003	ky	\N
8004	ru	\N
8004	en	\N
8004	ky	\N
8005	ru	\N
8005	en	\N
8005	ky	\N
8006	ru	\N
8006	en	\N
8006	ky	\N
8007	ru	\N
8007	en	\N
8007	ky	\N
8008	ru	\N
8008	en	\N
8008	ky	\N
8009	ru	\N
8009	en	\N
8009	ky	\N
8010	ru	\N
8010	en	\N
8010	ky	\N
8011	ru	\N
8011	en	\N
8011	ky	\N
8012	ru	\N
8012	en	\N
8012	ky	\N
8013	ru	\N
8013	en	\N
8013	ky	\N
8014	ru	\N
8014	en	\N
8014	ky	\N
8015	ru	\N
8015	en	\N
8015	ky	\N
8016	ru	\N
8016	en	\N
8016	ky	\N
8017	ru	\N
8017	en	\N
8017	ky	\N
8018	ru	\N
8018	en	\N
8018	ky	\N
8019	ru	\N
8019	en	\N
8019	ky	\N
8020	ru	\N
8020	en	\N
8020	ky	\N
8021	ru	\N
8021	en	\N
8021	ky	\N
8022	ru	\N
8022	en	\N
8022	ky	\N
8023	ru	\N
8023	en	\N
8023	ky	\N
8024	ru	\N
8024	en	\N
8024	ky	\N
8025	ru	\N
8025	en	\N
8025	ky	\N
8026	ru	\N
8026	en	\N
8026	ky	\N
8027	ru	\N
8027	en	\N
8027	ky	\N
8028	ru	\N
8028	en	\N
8028	ky	\N
8029	ru	\N
8029	en	\N
8029	ky	\N
8030	ru	\N
8030	en	\N
8030	ky	\N
8031	ru	\N
8031	en	\N
8031	ky	\N
8032	ru	\N
8032	en	\N
8032	ky	\N
8033	ru	\N
8033	en	\N
8033	ky	\N
8034	ru	\N
8034	en	\N
8034	ky	\N
8035	ru	\N
8035	en	\N
8035	ky	\N
8036	ru	\N
8036	en	\N
8036	ky	\N
8037	ru	\N
8037	en	\N
8037	ky	\N
8038	ru	\N
8038	en	\N
8038	ky	\N
8039	ru	\N
8039	en	\N
8039	ky	\N
8040	ru	\N
8040	en	\N
8040	ky	\N
8041	ru	\N
8041	en	\N
8041	ky	\N
8042	ru	\N
8042	en	\N
8042	ky	\N
8043	ru	\N
8043	en	\N
8043	ky	\N
8044	ru	\N
8044	en	\N
8044	ky	\N
8045	ru	\N
8045	en	\N
8045	ky	\N
8046	ru	\N
8046	en	\N
8046	ky	\N
8047	ru	\N
8047	en	\N
8047	ky	\N
8048	ru	\N
8048	en	\N
8048	ky	\N
8049	ru	\N
8049	en	\N
8049	ky	\N
8050	ru	\N
8050	en	\N
8050	ky	\N
8051	ru	\N
8051	en	\N
8051	ky	\N
8052	ru	\N
8052	en	\N
8052	ky	\N
8053	ru	\N
8053	en	\N
8053	ky	\N
8054	ru	\N
8054	en	\N
8054	ky	\N
8055	ru	\N
8055	en	\N
8055	ky	\N
8056	ru	\N
8056	en	\N
8056	ky	\N
8057	ru	\N
8057	en	\N
8057	ky	\N
8058	ru	\N
8058	en	\N
8058	ky	\N
8059	ru	\N
8059	en	\N
8059	ky	\N
8060	ru	\N
8060	en	\N
8060	ky	\N
8061	ru	\N
8061	en	\N
8061	ky	\N
8062	ru	\N
8062	en	\N
8062	ky	\N
8063	ru	\N
8063	en	\N
8063	ky	\N
8064	ru	\N
8064	en	\N
8064	ky	\N
8065	ru	\N
8065	en	\N
8065	ky	\N
8066	ru	\N
8066	en	\N
8066	ky	\N
8067	ru	\N
8067	en	\N
8067	ky	\N
8068	ru	\N
8068	en	\N
8068	ky	\N
8069	ru	\N
8069	en	\N
8069	ky	\N
8070	ru	\N
8070	en	\N
8070	ky	\N
8071	ru	\N
8071	en	\N
8071	ky	\N
8072	ru	\N
8072	en	\N
8072	ky	\N
8073	ru	\N
8073	en	\N
8073	ky	\N
8074	ru	\N
8074	en	\N
8074	ky	\N
8075	ru	\N
8075	en	\N
8075	ky	\N
8076	ru	\N
8076	en	\N
8076	ky	\N
8077	ru	\N
8077	en	\N
8077	ky	\N
8078	ru	\N
8078	en	\N
8078	ky	\N
8079	ru	\N
8079	en	\N
8079	ky	\N
8080	ru	\N
8080	en	\N
8080	ky	\N
8081	ru	\N
8081	en	\N
8081	ky	\N
8082	ru	\N
8082	en	\N
8082	ky	\N
8083	ru	\N
8083	en	\N
8083	ky	\N
8084	ru	\N
8084	en	\N
8084	ky	\N
8085	ru	\N
8085	en	\N
8085	ky	\N
8086	ru	\N
8086	en	\N
8086	ky	\N
8087	ru	\N
8087	en	\N
8087	ky	\N
8088	ru	\N
8088	en	\N
8088	ky	\N
8089	ru	\N
8089	en	\N
8089	ky	\N
8090	ru	\N
8090	en	\N
8090	ky	\N
8091	ru	\N
8091	en	\N
8091	ky	\N
8092	ru	\N
8092	en	\N
8092	ky	\N
8093	ru	\N
8093	en	\N
8093	ky	\N
8094	ru	\N
8094	en	\N
8094	ky	\N
8095	ru	\N
8095	en	\N
8095	ky	\N
8096	ru	\N
8096	en	\N
8096	ky	\N
8097	ru	\N
8097	en	\N
8097	ky	\N
8098	ru	\N
8098	en	\N
8098	ky	\N
8099	ru	\N
8099	en	\N
8099	ky	\N
8100	ru	\N
8100	en	\N
8100	ky	\N
8101	ru	\N
8101	en	\N
8101	ky	\N
8102	ru	\N
8102	en	\N
8102	ky	\N
8103	ru	\N
8103	en	\N
8103	ky	\N
8104	ru	\N
8104	en	\N
8104	ky	\N
8105	ru	\N
8105	en	\N
8105	ky	\N
8106	ru	\N
8106	en	\N
8106	ky	\N
8107	ru	\N
8107	en	\N
8107	ky	\N
8108	ru	\N
8108	en	\N
8108	ky	\N
8109	ru	\N
8109	en	\N
8109	ky	\N
8110	ru	\N
8110	en	\N
8110	ky	\N
8111	ru	\N
8111	en	\N
8111	ky	\N
8112	ru	\N
8112	en	\N
8112	ky	\N
8113	ru	\N
8113	en	\N
8113	ky	\N
8114	ru	\N
8114	en	\N
8114	ky	\N
8115	ru	\N
8115	en	\N
8115	ky	\N
8116	ru	\N
8116	en	\N
8116	ky	\N
8117	ru	\N
8117	en	\N
8117	ky	\N
8118	ru	\N
8118	en	\N
8118	ky	\N
8119	ru	\N
8119	en	\N
8119	ky	\N
8120	ru	\N
8120	en	\N
8120	ky	\N
8121	ru	\N
8121	en	\N
8121	ky	\N
8122	ru	\N
8122	en	\N
8122	ky	\N
8123	ru	\N
8123	en	\N
8123	ky	\N
8124	ru	\N
8124	en	\N
8124	ky	\N
8125	ru	\N
8125	en	\N
8125	ky	\N
8126	ru	\N
8126	en	\N
8126	ky	\N
8127	ru	\N
8127	en	\N
8127	ky	\N
8128	ru	\N
8128	en	\N
8128	ky	\N
8129	ru	\N
8129	en	\N
8129	ky	\N
8130	ru	\N
8130	en	\N
8130	ky	\N
8131	ru	\N
8131	en	\N
8131	ky	\N
8132	ru	\N
8132	en	\N
8132	ky	\N
8133	ru	\N
8133	en	\N
8133	ky	\N
8134	ru	\N
8134	en	\N
8134	ky	\N
8135	ru	\N
8135	en	\N
8135	ky	\N
8136	ru	\N
8136	en	\N
8136	ky	\N
8137	ru	\N
8137	en	\N
8137	ky	\N
8138	ru	\N
8138	en	\N
8138	ky	\N
8139	ru	\N
8139	en	\N
8139	ky	\N
8140	ru	\N
8140	en	\N
8140	ky	\N
8141	ru	\N
8141	en	\N
8141	ky	\N
8142	ru	\N
8142	en	\N
8142	ky	\N
8143	ru	\N
8143	en	\N
8143	ky	\N
8144	ru	\N
8144	en	\N
8144	ky	\N
8145	ru	\N
8145	en	\N
8145	ky	\N
8146	ru	\N
8146	en	\N
8146	ky	\N
8147	ru	\N
8147	en	\N
8147	ky	\N
8148	ru	\N
8148	en	\N
8148	ky	\N
8149	ru	\N
8149	en	\N
8149	ky	\N
8150	ru	\N
8150	en	\N
8150	ky	\N
8151	ru	\N
8151	en	\N
8151	ky	\N
8152	ru	\N
8152	en	\N
8152	ky	\N
8153	ru	\N
8153	en	\N
8153	ky	\N
8154	ru	\N
8154	en	\N
8154	ky	\N
8155	ru	\N
8155	en	\N
8155	ky	\N
8156	ru	\N
8156	en	\N
8156	ky	\N
8157	ru	\N
8157	en	\N
8157	ky	\N
8158	ru	\N
8158	en	\N
8158	ky	\N
8159	ru	\N
8159	en	\N
8159	ky	\N
8160	ru	\N
8160	en	\N
8160	ky	\N
8161	ru	\N
8161	en	\N
8161	ky	\N
8162	ru	\N
8162	en	\N
8162	ky	\N
8163	ru	\N
8163	en	\N
8163	ky	\N
8164	ru	\N
8164	en	\N
8164	ky	\N
8165	ru	\N
8165	en	\N
8165	ky	\N
8166	ru	\N
8166	en	\N
8166	ky	\N
8167	ru	\N
8167	en	\N
8167	ky	\N
8168	ru	\N
8168	en	\N
8168	ky	\N
8169	ru	\N
8169	en	\N
8169	ky	\N
8170	ru	\N
8170	en	\N
8170	ky	\N
8171	ru	\N
8171	en	\N
8171	ky	\N
8172	ru	\N
8172	en	\N
8172	ky	\N
8173	ru	\N
8173	en	\N
8173	ky	\N
8174	ru	\N
8174	en	\N
8174	ky	\N
8175	ru	\N
8175	en	\N
8175	ky	\N
8176	ru	\N
8176	en	\N
8176	ky	\N
8177	ru	\N
8177	en	\N
8177	ky	\N
8178	ru	\N
8178	en	\N
8178	ky	\N
8179	ru	\N
8179	en	\N
8179	ky	\N
8180	ru	\N
8180	en	\N
8180	ky	\N
8181	ru	\N
8181	en	\N
8181	ky	\N
8182	ru	\N
8182	en	\N
8182	ky	\N
8183	ru	\N
8183	en	\N
8183	ky	\N
8184	ru	\N
8184	en	\N
8184	ky	\N
8185	ru	\N
8185	en	\N
8185	ky	\N
8186	ru	\N
8186	en	\N
8186	ky	\N
8187	ru	\N
8187	en	\N
8187	ky	\N
8188	ru	\N
8188	en	\N
8188	ky	\N
8189	ru	\N
8189	en	\N
8189	ky	\N
8190	ru	\N
8190	en	\N
8190	ky	\N
8191	ru	\N
8191	en	\N
8191	ky	\N
8192	ru	\N
8192	en	\N
8192	ky	\N
8193	ru	\N
8193	en	\N
8193	ky	\N
8194	ru	\N
8194	en	\N
8194	ky	\N
8195	ru	\N
8195	en	\N
8195	ky	\N
8196	ru	\N
8196	en	\N
8196	ky	\N
8197	ru	\N
8197	en	\N
8197	ky	\N
8198	ru	\N
8198	en	\N
8198	ky	\N
8199	ru	\N
8199	en	\N
8199	ky	\N
8200	ru	\N
8200	en	\N
8200	ky	\N
8201	ru	\N
8201	en	\N
8201	ky	\N
8202	ru	\N
8202	en	\N
8202	ky	\N
8203	ru	\N
8203	en	\N
8203	ky	\N
8204	ru	\N
8204	en	\N
8204	ky	\N
8205	ru	\N
8205	en	\N
8205	ky	\N
8206	ru	\N
8206	en	\N
8206	ky	\N
8207	ru	\N
8207	en	\N
8207	ky	\N
8208	ru	\N
8208	en	\N
8208	ky	\N
8209	ru	\N
8209	en	\N
8209	ky	\N
8210	ru	\N
8210	en	\N
8210	ky	\N
8211	ru	\N
8211	en	\N
8211	ky	\N
8212	ru	\N
8212	en	\N
8212	ky	\N
8213	ru	\N
8213	en	\N
8213	ky	\N
8214	ru	\N
8214	en	\N
8214	ky	\N
8215	ru	\N
8215	en	\N
8215	ky	\N
8216	ru	\N
8216	en	\N
8216	ky	\N
8217	ru	\N
8217	en	\N
8217	ky	\N
8218	ru	\N
8218	en	\N
8218	ky	\N
8219	ru	\N
8219	en	\N
8219	ky	\N
8220	ru	\N
8220	en	\N
8220	ky	\N
8221	ru	\N
8221	en	\N
8221	ky	\N
8222	ru	\N
8222	en	\N
8222	ky	\N
8223	ru	\N
8223	en	\N
8223	ky	\N
8224	ru	\N
8224	en	\N
8224	ky	\N
8225	ru	\N
8225	en	\N
8225	ky	\N
8226	ru	\N
8226	en	\N
8226	ky	\N
8227	ru	\N
8227	en	\N
8227	ky	\N
8228	ru	\N
8228	en	\N
8228	ky	\N
8229	ru	\N
8229	en	\N
8229	ky	\N
8230	ru	\N
8230	en	\N
8230	ky	\N
8231	ru	\N
8231	en	\N
8231	ky	\N
8232	ru	\N
8232	en	\N
8232	ky	\N
8233	ru	\N
8233	en	\N
8233	ky	\N
8234	ru	\N
8234	en	\N
8234	ky	\N
8235	ru	\N
8235	en	\N
8235	ky	\N
8236	ru	\N
8236	en	\N
8236	ky	\N
8237	ru	\N
8237	en	\N
8237	ky	\N
8238	ru	\N
8238	en	\N
8238	ky	\N
8239	ru	\N
8239	en	\N
8239	ky	\N
8240	ru	\N
8240	en	\N
8240	ky	\N
8241	ru	\N
8241	en	\N
8241	ky	\N
8242	ru	\N
8242	en	\N
8242	ky	\N
8243	ru	\N
8243	en	\N
8243	ky	\N
8244	ru	\N
8244	en	\N
8244	ky	\N
8245	ru	\N
8245	en	\N
8245	ky	\N
8246	ru	\N
8246	en	\N
8246	ky	\N
8247	ru	\N
8247	en	\N
8247	ky	\N
8248	ru	\N
8248	en	\N
8248	ky	\N
8249	ru	\N
8249	en	\N
8249	ky	\N
8250	ru	\N
8250	en	\N
8250	ky	\N
8251	ru	\N
8251	en	\N
8251	ky	\N
8252	ru	\N
8252	en	\N
8252	ky	\N
8253	ru	\N
8253	en	\N
8253	ky	\N
8254	ru	\N
8254	en	\N
8254	ky	\N
8255	ru	\N
8255	en	\N
8255	ky	\N
8256	ru	\N
8256	en	\N
8256	ky	\N
8257	ru	\N
8257	en	\N
8257	ky	\N
8258	ru	\N
8258	en	\N
8258	ky	\N
8259	ru	\N
8259	en	\N
8259	ky	\N
8260	ru	\N
8260	en	\N
8260	ky	\N
8261	ru	\N
8261	en	\N
8261	ky	\N
8262	ru	\N
8262	en	\N
8262	ky	\N
8263	ru	\N
8263	en	\N
8263	ky	\N
8264	ru	\N
8264	en	\N
8264	ky	\N
8265	ru	\N
8265	en	\N
8265	ky	\N
8266	ru	\N
8266	en	\N
8266	ky	\N
8267	ru	\N
8267	en	\N
8267	ky	\N
8268	ru	\N
8268	en	\N
8268	ky	\N
8269	ru	\N
8269	en	\N
8269	ky	\N
8270	ru	\N
8270	en	\N
8270	ky	\N
8271	ru	\N
8271	en	\N
8271	ky	\N
8272	ru	\N
8272	en	\N
8272	ky	\N
8273	ru	\N
8273	en	\N
8273	ky	\N
8274	ru	\N
8274	en	\N
8274	ky	\N
8275	ru	\N
8275	en	\N
8275	ky	\N
8276	ru	\N
8276	en	\N
8276	ky	\N
8277	ru	\N
8277	en	\N
8277	ky	\N
8278	ru	\N
8278	en	\N
8278	ky	\N
8279	ru	\N
8279	en	\N
8279	ky	\N
8280	ru	\N
8280	en	\N
8280	ky	\N
8281	ru	\N
8281	en	\N
8281	ky	\N
8282	ru	\N
8282	en	\N
8282	ky	\N
8283	ru	\N
8283	en	\N
8283	ky	\N
8284	ru	\N
8284	en	\N
8284	ky	\N
8285	ru	\N
8285	en	\N
8285	ky	\N
8286	ru	\N
8286	en	\N
8286	ky	\N
8287	ru	\N
8287	en	\N
8287	ky	\N
8288	ru	\N
8288	en	\N
8288	ky	\N
8289	ru	\N
8289	en	\N
8289	ky	\N
8290	ru	\N
8290	en	\N
8290	ky	\N
8291	ru	\N
8291	en	\N
8291	ky	\N
8292	ru	\N
8292	en	\N
8292	ky	\N
8293	ru	\N
8293	en	\N
8293	ky	\N
8294	ru	\N
8294	en	\N
8294	ky	\N
8295	ru	\N
8295	en	\N
8295	ky	\N
8296	ru	\N
8296	en	\N
8296	ky	\N
8297	ru	\N
8297	en	\N
8297	ky	\N
8298	ru	\N
8298	en	\N
8298	ky	\N
8299	ru	\N
8299	en	\N
8299	ky	\N
8300	ru	\N
8300	en	\N
8300	ky	\N
8301	ru	\N
8301	en	\N
8301	ky	\N
8302	ru	\N
8302	en	\N
8302	ky	\N
8303	ru	\N
8303	en	\N
8303	ky	\N
8304	ru	\N
8304	en	\N
8304	ky	\N
8305	ru	\N
8305	en	\N
8305	ky	\N
8306	ru	\N
8306	en	\N
8306	ky	\N
8307	ru	\N
8307	en	\N
8307	ky	\N
8308	ru	\N
8308	en	\N
8308	ky	\N
8309	ru	\N
8309	en	\N
8309	ky	\N
8310	ru	\N
8310	en	\N
8310	ky	\N
8311	ru	\N
8311	en	\N
8311	ky	\N
8312	ru	\N
8312	en	\N
8312	ky	\N
8313	ru	\N
8313	en	\N
8313	ky	\N
8314	ru	\N
8314	en	\N
8314	ky	\N
8315	ru	\N
8315	en	\N
8315	ky	\N
8316	ru	\N
8316	en	\N
8316	ky	\N
8317	ru	\N
8317	en	\N
8317	ky	\N
8318	ru	\N
8318	en	\N
8318	ky	\N
8319	ru	\N
8319	en	\N
8319	ky	\N
8320	ru	\N
8320	en	\N
8320	ky	\N
8321	ru	\N
8321	en	\N
8321	ky	\N
8322	ru	\N
8322	en	\N
8322	ky	\N
8323	ru	\N
8323	en	\N
8323	ky	\N
8324	ru	\N
8324	en	\N
8324	ky	\N
8325	ru	\N
8325	en	\N
8325	ky	\N
8326	ru	\N
8326	en	\N
8326	ky	\N
8327	ru	\N
8327	en	\N
8327	ky	\N
8328	ru	\N
8328	en	\N
8328	ky	\N
8329	ru	\N
8329	en	\N
8329	ky	\N
8330	ru	\N
8330	en	\N
8330	ky	\N
8331	ru	\N
8331	en	\N
8331	ky	\N
8332	ru	\N
8332	en	\N
8332	ky	\N
8333	ru	\N
8333	en	\N
8333	ky	\N
8334	ru	\N
8334	en	\N
8334	ky	\N
8335	ru	\N
8335	en	\N
8335	ky	\N
8336	ru	\N
8336	en	\N
8336	ky	\N
8337	ru	\N
8337	en	\N
8337	ky	\N
8338	ru	\N
8338	en	\N
8338	ky	\N
8339	ru	\N
8339	en	\N
8339	ky	\N
8340	ru	\N
8340	en	\N
8340	ky	\N
8341	ru	\N
8341	en	\N
8341	ky	\N
8342	ru	\N
8342	en	\N
8342	ky	\N
8343	ru	\N
8343	en	\N
8343	ky	\N
8344	ru	\N
8344	en	\N
8344	ky	\N
8345	ru	\N
8345	en	\N
8345	ky	\N
8346	ru	\N
8346	en	\N
8346	ky	\N
8347	ru	\N
8347	en	\N
8347	ky	\N
8348	ru	\N
8348	en	\N
8348	ky	\N
8349	ru	\N
8349	en	\N
8349	ky	\N
8350	ru	\N
8350	en	\N
8350	ky	\N
8351	ru	\N
8351	en	\N
8351	ky	\N
8352	ru	\N
8352	en	\N
8352	ky	\N
8353	ru	\N
8353	en	\N
8353	ky	\N
8354	ru	\N
8354	en	\N
8354	ky	\N
8355	ru	\N
8355	en	\N
8355	ky	\N
8356	ru	\N
8356	en	\N
8356	ky	\N
8357	ru	\N
8357	en	\N
8357	ky	\N
8358	ru	\N
8358	en	\N
8358	ky	\N
8359	ru	\N
8359	en	\N
8359	ky	\N
8360	ru	\N
8360	en	\N
8360	ky	\N
8361	ru	\N
8361	en	\N
8361	ky	\N
8362	ru	\N
8362	en	\N
8362	ky	\N
8363	ru	\N
8363	en	\N
8363	ky	\N
8364	ru	\N
8364	en	\N
8364	ky	\N
8365	ru	\N
8365	en	\N
8365	ky	\N
8366	ru	\N
8366	en	\N
8366	ky	\N
8367	ru	\N
8367	en	\N
8367	ky	\N
8368	ru	\N
8368	en	\N
8368	ky	\N
8369	ru	\N
8369	en	\N
8369	ky	\N
8370	ru	\N
8370	en	\N
8370	ky	\N
8371	ru	\N
8371	en	\N
8371	ky	\N
8372	ru	\N
8372	en	\N
8372	ky	\N
8373	ru	\N
8373	en	\N
8373	ky	\N
8374	ru	\N
8374	en	\N
8374	ky	\N
8375	ru	\N
8375	en	\N
8375	ky	\N
8376	ru	\N
8376	en	\N
8376	ky	\N
8377	ru	\N
8377	en	\N
8377	ky	\N
8378	ru	\N
8378	en	\N
8378	ky	\N
8379	ru	\N
8379	en	\N
8379	ky	\N
8380	ru	\N
8380	en	\N
8380	ky	\N
8381	ru	\N
8381	en	\N
8381	ky	\N
8382	ru	\N
8382	en	\N
8382	ky	\N
8383	ru	\N
8383	en	\N
8383	ky	\N
8384	ru	\N
8384	en	\N
8384	ky	\N
8385	ru	\N
8385	en	\N
8385	ky	\N
8386	ru	\N
8386	en	\N
8386	ky	\N
8387	ru	\N
8387	en	\N
8387	ky	\N
8388	ru	\N
8388	en	\N
8388	ky	\N
8389	ru	\N
8389	en	\N
8389	ky	\N
8390	ru	\N
8390	en	\N
8390	ky	\N
8391	ru	\N
8391	en	\N
8391	ky	\N
8392	ru	\N
8392	en	\N
8392	ky	\N
8393	ru	\N
8393	en	\N
8393	ky	\N
8394	ru	\N
8394	en	\N
8394	ky	\N
8395	ru	\N
8395	en	\N
8395	ky	\N
8396	ru	\N
8396	en	\N
8396	ky	\N
8397	ru	\N
8397	en	\N
8397	ky	\N
8398	ru	\N
8398	en	\N
8398	ky	\N
8399	ru	\N
8399	en	\N
8399	ky	\N
8400	ru	\N
8400	en	\N
8400	ky	\N
8401	ru	\N
8401	en	\N
8401	ky	\N
8402	ru	\N
8402	en	\N
8402	ky	\N
8403	ru	\N
8403	en	\N
8403	ky	\N
8404	ru	\N
8404	en	\N
8404	ky	\N
8405	ru	\N
8405	en	\N
8405	ky	\N
8406	ru	\N
8406	en	\N
8406	ky	\N
8407	ru	\N
8407	en	\N
8407	ky	\N
8408	ru	\N
8408	en	\N
8408	ky	\N
8409	ru	\N
8409	en	\N
8409	ky	\N
8410	ru	\N
8410	en	\N
8410	ky	\N
8411	ru	\N
8411	en	\N
8411	ky	\N
8412	ru	\N
8412	en	\N
8412	ky	\N
8413	ru	\N
8413	en	\N
8413	ky	\N
8414	ru	\N
8414	en	\N
8414	ky	\N
8415	ru	\N
8415	en	\N
8415	ky	\N
8416	ru	\N
8416	en	\N
8416	ky	\N
8417	ru	\N
8417	en	\N
8417	ky	\N
8418	ru	\N
8418	en	\N
8418	ky	\N
8419	ru	\N
8419	en	\N
8419	ky	\N
8420	ru	\N
8420	en	\N
8420	ky	\N
8421	ru	\N
8421	en	\N
8421	ky	\N
8422	ru	\N
8422	en	\N
8422	ky	\N
8423	ru	\N
8423	en	\N
8423	ky	\N
8424	ru	\N
8424	en	\N
8424	ky	\N
8425	ru	\N
8425	en	\N
8425	ky	\N
8426	ru	\N
8426	en	\N
8426	ky	\N
8427	ru	\N
8427	en	\N
8427	ky	\N
8428	ru	\N
8428	en	\N
8428	ky	\N
8429	ru	\N
8429	en	\N
8429	ky	\N
8430	ru	\N
8430	en	\N
8430	ky	\N
8431	ru	\N
8431	en	\N
8431	ky	\N
8432	ru	\N
8432	en	\N
8432	ky	\N
8433	ru	\N
8433	en	\N
8433	ky	\N
8434	ru	\N
8434	en	\N
8434	ky	\N
8435	ru	\N
8435	en	\N
8435	ky	\N
8436	ru	\N
8436	en	\N
8436	ky	\N
8437	ru	\N
8437	en	\N
8437	ky	\N
8438	ru	\N
8438	en	\N
8438	ky	\N
8439	ru	\N
8439	en	\N
8439	ky	\N
8440	ru	\N
8440	en	\N
8440	ky	\N
8441	ru	\N
8441	en	\N
8441	ky	\N
8442	ru	\N
8442	en	\N
8442	ky	\N
8443	ru	\N
8443	en	\N
8443	ky	\N
8444	ru	\N
8444	en	\N
8444	ky	\N
8445	ru	\N
8445	en	\N
8445	ky	\N
8446	ru	\N
8446	en	\N
8446	ky	\N
8447	ru	\N
8447	en	\N
8447	ky	\N
8448	ru	\N
8448	en	\N
8448	ky	\N
8449	ru	\N
8449	en	\N
8449	ky	\N
8450	ru	\N
8450	en	\N
8450	ky	\N
8451	ru	\N
8451	en	\N
8451	ky	\N
8452	ru	\N
8452	en	\N
8452	ky	\N
8453	ru	\N
8453	en	\N
8453	ky	\N
8454	ru	\N
8454	en	\N
8454	ky	\N
8455	ru	\N
8455	en	\N
8455	ky	\N
8456	ru	\N
8456	en	\N
8456	ky	\N
8457	ru	\N
8457	en	\N
8457	ky	\N
8458	ru	\N
8458	en	\N
8458	ky	\N
8459	ru	\N
8459	en	\N
8459	ky	\N
8460	ru	\N
8460	en	\N
8460	ky	\N
8461	ru	\N
8461	en	\N
8461	ky	\N
8462	ru	\N
8462	en	\N
8462	ky	\N
8463	ru	\N
8463	en	\N
8463	ky	\N
8464	ru	\N
8464	en	\N
8464	ky	\N
8465	ru	\N
8465	en	\N
8465	ky	\N
8466	ru	\N
8466	en	\N
8466	ky	\N
8467	ru	\N
8467	en	\N
8467	ky	\N
8468	ru	\N
8468	en	\N
8468	ky	\N
8470	ru	\N
8470	en	\N
8470	ky	\N
8471	ru	\N
8471	en	\N
8471	ky	\N
8472	ru	\N
8472	en	\N
8472	ky	\N
8473	ru	\N
8473	en	\N
8473	ky	\N
8474	ru	\N
8474	en	\N
8474	ky	\N
8475	ru	\N
8475	en	\N
8475	ky	\N
8476	ru	\N
8476	en	\N
8476	ky	\N
8477	ru	\N
8477	en	\N
8477	ky	\N
8478	ru	\N
8478	en	\N
8478	ky	\N
8479	ru	\N
8479	en	\N
8479	ky	\N
8480	ru	\N
8480	en	\N
8480	ky	\N
8481	ru	\N
8481	en	\N
8481	ky	\N
8482	ru	\N
8482	en	\N
8482	ky	\N
8483	ru	\N
8483	en	\N
8483	ky	\N
8484	ru	\N
8484	en	\N
8484	ky	\N
8485	ru	\N
8485	en	\N
8485	ky	\N
8486	ru	\N
8486	en	\N
8486	ky	\N
8487	ru	\N
8487	en	\N
8487	ky	\N
8488	ru	\N
8488	en	\N
8488	ky	\N
8489	ru	\N
8489	en	\N
8489	ky	\N
8490	ru	\N
8490	en	\N
8490	ky	\N
8491	ru	\N
8491	en	\N
8491	ky	\N
8492	ru	\N
8492	en	\N
8492	ky	\N
8493	ru	\N
8493	en	\N
8493	ky	\N
8494	ru	\N
8494	en	\N
8494	ky	\N
8495	ru	\N
8495	en	\N
8495	ky	\N
8496	ru	\N
8496	en	\N
8496	ky	\N
8497	ru	\N
8497	en	\N
8497	ky	\N
8498	ru	\N
8498	en	\N
8498	ky	\N
8499	ru	\N
8499	en	\N
8499	ky	\N
8500	ru	\N
8500	en	\N
8500	ky	\N
8501	ru	\N
8501	en	\N
8501	ky	\N
8502	ru	\N
8502	en	\N
8502	ky	\N
8503	ru	\N
8503	en	\N
8503	ky	\N
8504	ru	\N
8504	en	\N
8504	ky	\N
8505	ru	\N
8505	en	\N
8505	ky	\N
8506	ru	\N
8506	en	\N
8506	ky	\N
8507	ru	\N
8507	en	\N
8507	ky	\N
8508	ru	\N
8508	en	\N
8508	ky	\N
8509	ru	\N
8509	en	\N
8509	ky	\N
8510	ru	\N
8510	en	\N
8510	ky	\N
8511	ru	\N
8511	en	\N
8511	ky	\N
8512	ru	\N
8512	en	\N
8512	ky	\N
8513	ru	\N
8513	en	\N
8513	ky	\N
8514	ru	\N
8514	en	\N
8514	ky	\N
8469	en	Other
8469	ky	Башка
8515	ru	\N
8515	en	\N
8515	ky	\N
8516	ru	\N
8516	en	\N
8516	ky	\N
8517	ru	\N
8517	en	\N
8517	ky	\N
8518	ru	\N
8518	en	\N
8518	ky	\N
8519	ru	\N
8519	en	\N
8519	ky	\N
8520	ru	\N
8520	en	\N
8520	ky	\N
8521	ru	\N
8521	en	\N
8521	ky	\N
8522	ru	\N
8522	en	\N
8522	ky	\N
8523	ru	\N
8523	en	\N
8523	ky	\N
8524	ru	\N
8524	en	\N
8524	ky	\N
8525	ru	\N
8525	en	\N
8525	ky	\N
8526	ru	\N
8526	en	\N
8526	ky	\N
8527	ru	\N
8527	en	\N
8527	ky	\N
8528	ru	\N
8528	en	\N
8528	ky	\N
8529	ru	\N
8529	en	\N
8529	ky	\N
8530	ru	\N
8530	en	\N
8530	ky	\N
8531	ru	\N
8531	en	\N
8531	ky	\N
8532	ru	\N
8532	en	\N
8532	ky	\N
8533	ru	\N
8533	en	\N
8533	ky	\N
8534	ru	\N
8534	en	\N
8534	ky	\N
8535	ru	\N
8535	en	\N
8535	ky	\N
8536	ru	\N
8536	en	\N
8536	ky	\N
8537	ru	\N
8537	en	\N
8537	ky	\N
8538	ru	\N
8538	en	\N
8538	ky	\N
8539	ru	\N
8539	en	\N
8539	ky	\N
8540	ru	\N
8540	en	\N
8540	ky	\N
8541	ru	\N
8541	en	\N
8541	ky	\N
8542	ru	\N
8542	en	\N
8542	ky	\N
8543	ru	\N
8543	en	\N
8543	ky	\N
8544	ru	\N
8544	en	\N
8544	ky	\N
8545	ru	\N
8545	en	\N
8545	ky	\N
8546	ru	\N
8546	en	\N
8546	ky	\N
8547	ru	\N
8547	en	\N
8547	ky	\N
8548	ru	\N
8548	en	\N
8548	ky	\N
8549	ru	\N
8549	en	\N
8549	ky	\N
8550	ru	\N
8550	en	\N
8550	ky	\N
8551	ru	\N
8551	en	\N
8551	ky	\N
8552	ru	\N
8552	en	\N
8552	ky	\N
8553	ru	\N
8553	en	\N
8553	ky	\N
8554	ru	\N
8554	en	\N
8554	ky	\N
8555	ru	\N
8555	en	\N
8555	ky	\N
8556	ru	\N
8556	en	\N
8556	ky	\N
8557	ru	\N
8557	en	\N
8557	ky	\N
8558	ru	\N
8558	en	\N
8558	ky	\N
8559	ru	\N
8559	en	\N
8559	ky	\N
8560	ru	\N
8560	en	\N
8560	ky	\N
8561	ru	\N
8561	en	\N
8561	ky	\N
8562	ru	\N
8562	en	\N
8562	ky	\N
8563	ru	\N
8563	en	\N
8563	ky	\N
8564	ru	\N
8564	en	\N
8564	ky	\N
8565	ru	\N
8565	en	\N
8565	ky	\N
8566	ru	\N
8566	en	\N
8566	ky	\N
8567	ru	\N
8567	en	\N
8567	ky	\N
8568	ru	\N
8568	en	\N
8568	ky	\N
8569	ru	\N
8569	en	\N
8569	ky	\N
8570	ru	\N
8570	en	\N
8570	ky	\N
8571	ru	\N
8571	en	\N
8571	ky	\N
8572	ru	\N
8572	en	\N
8572	ky	\N
8573	ru	\N
8573	en	\N
8573	ky	\N
8574	ru	\N
8574	en	\N
8574	ky	\N
8575	ru	\N
8575	en	\N
8575	ky	\N
8576	ru	\N
8576	en	\N
8576	ky	\N
8577	ru	\N
8577	en	\N
8577	ky	\N
8578	ru	\N
8578	en	\N
8578	ky	\N
8579	ru	\N
8579	en	\N
8579	ky	\N
8580	ru	\N
8580	en	\N
8580	ky	\N
8581	ru	\N
8581	en	\N
8581	ky	\N
8582	ru	\N
8582	en	\N
8582	ky	\N
8583	ru	\N
8583	en	\N
8583	ky	\N
8584	ru	\N
8584	en	\N
8584	ky	\N
8585	ru	\N
8585	en	\N
8585	ky	\N
8586	ru	\N
8586	en	\N
8586	ky	\N
8587	ru	\N
8587	en	\N
8587	ky	\N
8588	ru	\N
8588	en	\N
8588	ky	\N
8589	ru	\N
8589	en	\N
8589	ky	\N
8590	ru	\N
8590	en	\N
8590	ky	\N
8591	ru	\N
8591	en	\N
8591	ky	\N
8592	ru	\N
8592	en	\N
8592	ky	\N
8593	ru	\N
8593	en	\N
8593	ky	\N
8594	ru	\N
8594	en	\N
8594	ky	\N
8595	ru	\N
8595	en	\N
8595	ky	\N
8596	ru	\N
8596	en	\N
8596	ky	\N
8597	ru	\N
8597	en	\N
8597	ky	\N
8598	ru	\N
8598	en	\N
8598	ky	\N
8599	ru	\N
8599	en	\N
8599	ky	\N
8600	ru	\N
8600	en	\N
8600	ky	\N
8601	ru	\N
8601	en	\N
8601	ky	\N
8602	ru	\N
8602	en	\N
8602	ky	\N
8603	ru	\N
8603	en	\N
8603	ky	\N
8604	ru	\N
8604	en	\N
8604	ky	\N
8605	ru	\N
8605	en	\N
8605	ky	\N
8606	ru	\N
8606	en	\N
8606	ky	\N
8607	ru	\N
8607	en	\N
8607	ky	\N
8608	ru	\N
8608	en	\N
8608	ky	\N
8609	ru	\N
8609	en	\N
8609	ky	\N
8610	ru	\N
8610	en	\N
8610	ky	\N
8611	ru	\N
8611	en	\N
8611	ky	\N
8612	ru	\N
8612	en	\N
8612	ky	\N
8613	ru	\N
8613	en	\N
8613	ky	\N
8614	ru	\N
8614	en	\N
8614	ky	\N
8615	ru	\N
8615	en	\N
8615	ky	\N
8616	ru	\N
8616	en	\N
8616	ky	\N
8617	ru	\N
8617	en	\N
8617	ky	\N
8618	ru	\N
8618	en	\N
8618	ky	\N
8619	ru	\N
8619	en	\N
8619	ky	\N
8620	ru	\N
8620	en	\N
8620	ky	\N
8621	ru	\N
8621	en	\N
8621	ky	\N
8622	ru	\N
8622	en	\N
8622	ky	\N
8623	ru	\N
8623	en	\N
8623	ky	\N
8624	ru	\N
8624	en	\N
8624	ky	\N
8625	ru	\N
8625	en	\N
8625	ky	\N
8626	ru	\N
8626	en	\N
8626	ky	\N
8627	ru	\N
8627	en	\N
8627	ky	\N
8628	ru	\N
8628	en	\N
8628	ky	\N
8629	ru	\N
8629	en	\N
8629	ky	\N
8630	ru	\N
8630	en	\N
8630	ky	\N
8631	ru	\N
8631	en	\N
8631	ky	\N
8632	ru	\N
8632	en	\N
8632	ky	\N
8633	ru	\N
8633	en	\N
8633	ky	\N
8634	ru	\N
8634	en	\N
8634	ky	\N
8635	ru	\N
8635	en	\N
8635	ky	\N
8636	ru	\N
8636	en	\N
8636	ky	\N
8637	ru	\N
8637	en	\N
8637	ky	\N
8638	ru	\N
8638	en	\N
8638	ky	\N
8639	ru	\N
8639	en	\N
8639	ky	\N
8640	ru	\N
8640	en	\N
8640	ky	\N
8641	ru	\N
8641	en	\N
8641	ky	\N
8642	ru	\N
8642	en	\N
8642	ky	\N
8643	ru	\N
8643	en	\N
8643	ky	\N
8644	ru	\N
8644	en	\N
8644	ky	\N
8645	ru	\N
8645	en	\N
8645	ky	\N
8646	ru	\N
8646	en	\N
8646	ky	\N
8647	ru	\N
8647	en	\N
8647	ky	\N
8648	ru	\N
8648	en	\N
8648	ky	\N
8649	ru	\N
8649	en	\N
8649	ky	\N
8650	ru	\N
8650	en	\N
8650	ky	\N
8651	ru	\N
8651	en	\N
8651	ky	\N
8652	ru	\N
8652	en	\N
8652	ky	\N
8653	ru	\N
8653	en	\N
8653	ky	\N
8654	ru	\N
8654	en	\N
8654	ky	\N
8655	ru	\N
8655	en	\N
8655	ky	\N
8656	ru	\N
8656	en	\N
8656	ky	\N
8657	ru	\N
8657	en	\N
8657	ky	\N
8658	ru	\N
8658	en	\N
8658	ky	\N
8659	ru	\N
8659	en	\N
8659	ky	\N
8660	ru	\N
8660	en	\N
8660	ky	\N
8661	ru	\N
8661	en	\N
8661	ky	\N
8662	ru	\N
8662	en	\N
8662	ky	\N
8663	ru	\N
8663	en	\N
8663	ky	\N
8664	ru	\N
8664	en	\N
8664	ky	\N
8665	ru	\N
8665	en	\N
8665	ky	\N
8666	ru	\N
8666	en	\N
8666	ky	\N
8667	ru	\N
8667	en	\N
8667	ky	\N
8668	ru	\N
8668	en	\N
8668	ky	\N
8669	ru	\N
8669	en	\N
8669	ky	\N
8670	ru	\N
8670	en	\N
8670	ky	\N
5457	ru	ВАЗ(Lada)
8671	ru	\N
8671	en	\N
8671	ky	\N
8672	ru	\N
8672	en	\N
8672	ky	\N
8673	ru	\N
8673	en	\N
8673	ky	\N
8674	ru	\N
8674	en	\N
8674	ky	\N
8675	ru	\N
8675	en	\N
8675	ky	\N
8676	ru	\N
8676	en	\N
8676	ky	\N
8677	ru	\N
8677	en	\N
8677	ky	\N
8678	ru	\N
8678	en	\N
8678	ky	\N
8679	ru	\N
8679	en	\N
8679	ky	\N
8680	ru	\N
8680	en	\N
8680	ky	\N
8681	ru	\N
8681	en	\N
8681	ky	\N
8682	ru	\N
8682	en	\N
8682	ky	\N
8683	ru	\N
8683	en	\N
8683	ky	\N
8684	ru	\N
8684	en	\N
8684	ky	\N
8685	ru	\N
8685	en	\N
8685	ky	\N
8686	ru	\N
8686	en	\N
8686	ky	\N
8687	ru	\N
8687	en	\N
8687	ky	\N
8688	ru	\N
8688	en	\N
8688	ky	\N
8689	ru	\N
8689	en	\N
8689	ky	\N
8690	ru	\N
8690	en	\N
8690	ky	\N
8691	ru	\N
8691	en	\N
8691	ky	\N
8692	ru	\N
8692	en	\N
8692	ky	\N
8693	ru	\N
8693	en	\N
8693	ky	\N
8694	ru	\N
8694	en	\N
8694	ky	\N
8695	ru	\N
8695	en	\N
8695	ky	\N
8696	ru	\N
8696	en	\N
8696	ky	\N
8697	ru	\N
8697	en	\N
8697	ky	\N
8698	ru	\N
8698	en	\N
8698	ky	\N
8699	ru	\N
8699	en	\N
8699	ky	\N
8700	ru	\N
8700	en	\N
8700	ky	\N
8701	ru	\N
8701	en	\N
8701	ky	\N
8702	ru	\N
8702	en	\N
8702	ky	\N
8703	ru	\N
8703	en	\N
8703	ky	\N
8704	ru	\N
8704	en	\N
8704	ky	\N
8705	ru	\N
8705	en	\N
8705	ky	\N
8706	ru	\N
8706	en	\N
8706	ky	\N
8707	ru	\N
8707	en	\N
8707	ky	\N
8708	ru	\N
8708	en	\N
8708	ky	\N
8709	ru	\N
8709	en	\N
8709	ky	\N
8710	ru	\N
8710	en	\N
8710	ky	\N
8711	ru	\N
8711	en	\N
8711	ky	\N
8712	ru	\N
8712	en	\N
8712	ky	\N
8713	ru	\N
8713	en	\N
8713	ky	\N
8714	ru	\N
8714	en	\N
8714	ky	\N
8715	ru	\N
8715	en	\N
8715	ky	\N
8716	ru	\N
8716	en	\N
8716	ky	\N
8717	ru	\N
8717	en	\N
8717	ky	\N
8718	ru	\N
8718	en	\N
8718	ky	\N
8719	ru	\N
8719	en	\N
8719	ky	\N
8720	ru	\N
8720	en	\N
8720	ky	\N
8721	ru	\N
8721	en	\N
8721	ky	\N
8722	ru	\N
8722	en	\N
8722	ky	\N
8723	ru	\N
8723	en	\N
8723	ky	\N
8724	ru	\N
8724	en	\N
8724	ky	\N
8725	ru	\N
8725	en	\N
8725	ky	\N
8726	ru	\N
8726	en	\N
8726	ky	\N
8727	ru	\N
8727	en	\N
8727	ky	\N
8728	ru	\N
8728	en	\N
8728	ky	\N
8729	ru	\N
8729	en	\N
8729	ky	\N
8730	ru	\N
8730	en	\N
8730	ky	\N
8731	ru	\N
8731	en	\N
8731	ky	\N
8732	ru	\N
8732	en	\N
8732	ky	\N
8733	ru	\N
8733	en	\N
8733	ky	\N
8734	ru	\N
8734	en	\N
8734	ky	\N
8735	ru	\N
8735	en	\N
8735	ky	\N
8736	ru	\N
8736	en	\N
8736	ky	\N
8737	ru	\N
8737	en	\N
8737	ky	\N
8738	ru	\N
8738	en	\N
8738	ky	\N
8739	ru	\N
8739	en	\N
8739	ky	\N
8740	ru	\N
8740	en	\N
8740	ky	\N
9660	ru	\N
9660	en	\N
9660	ky	\N
9661	ru	\N
9661	en	\N
9661	ky	\N
9662	ru	\N
9662	en	\N
9662	ky	\N
9924	ru	\N
9924	en	\N
9924	ky	\N
9925	ru	\N
9925	en	\N
9925	ky	\N
9926	ru	\N
9926	en	\N
9926	ky	\N
9927	ru	\N
9927	en	\N
9927	ky	\N
9928	ru	\N
9928	en	\N
9928	ky	\N
9929	ru	\N
9929	en	\N
9929	ky	\N
9930	ru	\N
9930	en	\N
9930	ky	\N
9931	ru	\N
9931	en	\N
9931	ky	\N
9932	ru	\N
9932	en	\N
9932	ky	\N
9933	ru	\N
9933	en	\N
9933	ky	\N
9934	ru	\N
9934	en	\N
9934	ky	\N
9935	ru	\N
9935	en	\N
9935	ky	\N
9936	ru	\N
9936	en	\N
9936	ky	\N
9937	ru	\N
9937	en	\N
9937	ky	\N
9938	ru	\N
9938	en	\N
9938	ky	\N
9939	ru	\N
9939	en	\N
9939	ky	\N
9940	ru	\N
9940	en	\N
9940	ky	\N
9941	ru	\N
9941	en	\N
9941	ky	\N
60	ky	Тип-баары
9942	ru	\N
9942	en	\N
9942	ky	\N
9943	ru	\N
9943	en	\N
9943	ky	\N
9944	ru	\N
9944	en	\N
9944	ky	\N
9945	ru	\N
9945	en	\N
9945	ky	\N
9946	ru	\N
9946	en	\N
9946	ky	\N
9947	ru	\N
9947	en	\N
9947	ky	\N
9948	ru	\N
9948	en	\N
9948	ky	\N
9949	ru	\N
9949	en	\N
9949	ky	\N
9950	ru	\N
9950	en	\N
9950	ky	\N
9951	ru	\N
9951	en	\N
9951	ky	\N
9952	ru	\N
9952	en	\N
9952	ky	\N
9953	ru	\N
9953	en	\N
9953	ky	\N
9954	ru	\N
9954	en	\N
9954	ky	\N
9955	ru	\N
9955	en	\N
9955	ky	\N
9956	ru	\N
9956	en	\N
9956	ky	\N
9957	ru	\N
9957	en	\N
9957	ky	\N
9958	ru	\N
9958	en	\N
9958	ky	\N
9959	ru	\N
9959	en	\N
9959	ky	\N
9960	ru	\N
9960	en	\N
9960	ky	\N
9961	ru	\N
9961	en	\N
9961	ky	\N
9962	ru	\N
9962	en	\N
9962	ky	\N
9963	ru	\N
9963	en	\N
9963	ky	\N
9428	ru	\N
9428	en	\N
9428	ky	\N
9964	ru	\N
9964	en	\N
9964	ky	\N
9965	ru	\N
9965	en	\N
9965	ky	\N
9966	ru	\N
9966	en	\N
9966	ky	\N
9967	ru	\N
9967	en	\N
9967	ky	\N
9968	ru	\N
9968	en	\N
9968	ky	\N
9969	ru	\N
9969	en	\N
9969	ky	\N
9970	ru	\N
9970	en	\N
9970	ky	\N
9971	ru	\N
9971	en	\N
9971	ky	\N
9972	ru	\N
9972	en	\N
9972	ky	\N
9973	ru	\N
9973	en	\N
9973	ky	\N
9974	ru	\N
9974	en	\N
9974	ky	\N
9975	ru	\N
9975	en	\N
9975	ky	\N
9976	ru	\N
9976	en	\N
9976	ky	\N
9977	ru	\N
9977	en	\N
9977	ky	\N
5240	ru	Москвич
9978	ru	\N
9978	en	\N
9978	ky	\N
9979	ru	\N
9979	en	\N
9979	ky	\N
9980	ru	\N
9980	en	\N
9980	ky	\N
9981	ru	\N
9981	en	\N
9981	ky	\N
9982	ru	\N
9982	en	\N
9982	ky	\N
9983	ru	\N
9983	en	\N
9983	ky	\N
9984	ru	\N
9984	en	\N
9984	ky	\N
9985	ru	\N
9985	en	\N
9985	ky	\N
9986	ru	\N
9986	en	\N
9986	ky	\N
9987	ru	\N
9987	en	\N
9987	ky	\N
9988	ru	\N
9988	en	\N
9988	ky	\N
9989	ru	\N
9989	en	\N
9989	ky	\N
9990	ru	\N
9990	en	\N
9990	ky	\N
9991	ru	\N
9991	en	\N
9991	ky	\N
9992	ru	\N
9992	en	\N
9992	ky	\N
9993	ru	\N
9663	ru	\N
9663	en	\N
9663	ky	\N
9151	ru	тонна
9151	en	tonn(es)
9151	ky	тонна
9150	ru	Грузоподъемность:
9150	en	Loading capacity:
9150	ky	Жүк көтөрүмдүүлүгү:
9204	ru	\N
9204	en	\N
9204	ky	\N
9993	en	\N
9993	ky	\N
9994	ru	\N
9994	en	\N
9994	ky	\N
9995	ru	\N
9995	en	\N
9995	ky	\N
9996	ru	\N
9996	en	\N
9996	ky	\N
9997	ru	\N
9997	en	\N
9997	ky	\N
9998	ru	\N
9998	en	\N
9998	ky	\N
9999	ru	\N
9999	en	\N
9999	ky	\N
10000	ru	\N
10000	en	\N
10000	ky	\N
10001	ru	\N
10001	en	\N
10001	ky	\N
10002	ru	\N
10002	en	\N
10002	ky	\N
10003	ru	\N
10003	en	\N
10003	ky	\N
10004	ru	\N
10004	en	\N
10004	ky	\N
10005	ru	\N
10005	en	\N
10005	ky	\N
10006	ru	\N
10006	en	\N
10006	ky	\N
10007	ru	\N
10007	en	\N
10007	ky	\N
10008	ru	\N
10008	en	\N
10008	ky	\N
10009	ru	\N
10009	en	\N
10009	ky	\N
10010	ru	\N
10010	en	\N
10010	ky	\N
10011	ru	\N
10011	en	\N
10011	ky	\N
10012	ru	\N
10012	en	\N
10012	ky	\N
10013	ru	\N
10013	en	\N
10013	ky	\N
10014	ru	\N
10014	en	\N
10014	ky	\N
10015	ru	\N
10015	en	\N
10015	ky	\N
10016	ru	\N
10016	en	\N
10016	ky	\N
10017	ru	\N
10017	en	\N
10017	ky	\N
10018	ru	\N
10018	en	\N
10018	ky	\N
10019	ru	\N
10019	en	\N
10019	ky	\N
10020	ru	\N
10020	en	\N
10020	ky	\N
10021	ru	\N
10021	en	\N
10021	ky	\N
10022	ru	\N
10022	en	\N
10022	ky	\N
10023	ru	\N
10023	en	\N
10023	ky	\N
10024	ru	\N
10024	en	\N
10024	ky	\N
10025	ru	\N
10025	en	\N
10025	ky	\N
10026	ru	\N
10026	en	\N
10026	ky	\N
10027	ru	\N
10027	en	\N
10027	ky	\N
10028	ru	\N
10028	en	\N
10028	ky	\N
10029	ru	\N
9406	ru	\N
9406	en	\N
9406	ky	\N
10029	en	\N
10029	ky	\N
10030	ru	\N
10030	en	\N
10030	ky	\N
10031	ru	\N
10031	en	\N
10031	ky	\N
10032	ru	\N
10032	en	\N
10032	ky	\N
10033	ru	\N
10033	en	\N
10033	ky	\N
10034	ru	\N
10034	en	\N
10034	ky	\N
10035	ru	\N
10035	en	\N
10035	ky	\N
10036	ru	\N
10036	en	\N
10036	ky	\N
10037	ru	\N
10037	en	\N
10037	ky	\N
10038	ru	\N
10038	en	\N
10038	ky	\N
10039	ru	\N
10039	en	\N
10039	ky	\N
10040	ru	\N
10040	en	\N
10040	ky	\N
10041	ru	\N
10041	en	\N
10041	ky	\N
10042	ru	\N
10042	en	\N
10042	ky	\N
10043	ru	\N
10043	en	\N
10043	ky	\N
10044	ru	\N
10044	en	\N
10044	ky	\N
10045	ru	\N
10045	en	\N
10045	ky	\N
10046	ru	\N
10046	en	\N
10046	ky	\N
10047	ru	\N
10047	en	\N
10047	ky	\N
10048	ru	\N
10048	en	\N
10048	ky	\N
10049	ru	\N
10049	en	\N
10049	ky	\N
10050	ru	\N
10050	en	\N
10050	ky	\N
10051	ru	\N
10051	en	\N
10051	ky	\N
10052	ru	\N
10052	en	\N
10052	ky	\N
10053	ru	\N
10053	en	\N
10053	ky	\N
10054	ru	\N
10054	en	\N
10054	ky	\N
10055	ru	\N
10055	en	\N
10055	ky	\N
10056	ru	\N
10056	en	\N
10056	ky	\N
10057	ru	\N
10057	en	\N
10057	ky	\N
10058	ru	\N
10058	en	\N
10058	ky	\N
10059	ru	\N
10059	en	\N
10059	ky	\N
10060	ru	\N
10060	en	\N
10060	ky	\N
10061	ru	\N
10061	en	\N
10061	ky	\N
9664	ru	\N
9664	en	\N
9664	ky	\N
9665	ru	\N
9665	en	\N
9665	ky	\N
9666	ru	\N
9666	en	\N
9666	ky	\N
9667	ru	\N
9667	en	\N
9667	ky	\N
9668	ru	\N
9668	en	\N
9668	ky	\N
9669	ru	\N
9669	en	\N
9669	ky	\N
9670	ru	\N
9670	en	\N
9670	ky	\N
9671	ru	\N
9671	en	\N
9671	ky	\N
9672	ru	\N
9672	en	\N
9672	ky	\N
9673	ru	\N
9673	en	\N
9673	ky	\N
9674	ru	\N
9674	en	\N
9674	ky	\N
9675	ru	\N
9675	en	\N
9675	ky	\N
9676	ru	\N
9676	en	\N
9676	ky	\N
9677	ru	\N
9677	en	\N
9677	ky	\N
59	ru	Кузов-все
9678	ru	\N
9678	en	\N
9678	ky	\N
9679	ru	\N
9679	en	\N
9679	ky	\N
9680	ru	\N
9680	en	\N
9680	ky	\N
9681	ru	\N
9681	en	\N
9681	ky	\N
9682	ru	\N
9682	en	\N
9682	ky	\N
9683	ru	\N
9683	en	\N
9683	ky	\N
9684	ru	\N
9684	en	\N
9684	ky	\N
9685	ru	\N
9685	en	\N
9685	ky	\N
9686	ru	\N
9686	en	\N
9686	ky	\N
9687	ru	\N
9687	en	\N
9687	ky	\N
9688	ru	\N
9688	en	\N
9688	ky	\N
9689	ru	\N
9689	en	\N
9689	ky	\N
9690	ru	\N
9690	en	\N
9690	ky	\N
9691	ru	\N
9691	en	\N
9691	ky	\N
9384	ru	\N
9384	en	\N
9384	ky	\N
9692	ru	\N
9692	en	\N
9692	ky	\N
9693	ru	\N
9693	en	\N
9693	ky	\N
9694	ru	\N
9694	en	\N
9694	ky	\N
9695	ru	\N
9695	en	\N
9695	ky	\N
9696	ru	\N
9696	en	\N
9696	ky	\N
9697	ru	\N
9697	en	\N
9697	ky	\N
9698	ru	\N
9698	en	\N
9698	ky	\N
9436	ru	\N
9436	en	\N
9436	ky	\N
9699	ru	\N
8930	ru	\N
8930	en	\N
8930	ky	\N
9699	en	\N
9699	ky	\N
9700	ru	\N
9700	en	\N
9700	ky	\N
9701	ru	\N
9701	en	\N
9701	ky	\N
9702	ru	\N
9702	en	\N
9702	ky	\N
9703	ru	\N
9703	en	\N
9703	ky	\N
9704	ru	\N
9704	en	\N
9704	ky	\N
9705	ru	\N
9705	en	\N
9705	ky	\N
9706	ru	\N
8938	ru	\N
8938	en	\N
8938	ky	\N
9706	en	\N
9706	ky	\N
9707	ru	\N
9707	en	\N
9707	ky	\N
9708	ru	\N
9708	en	\N
9708	ky	\N
9709	ru	\N
9709	en	\N
9709	ky	\N
9710	ru	\N
9710	en	\N
9710	ky	\N
9711	ru	\N
9711	en	\N
9711	ky	\N
9712	ru	\N
9712	en	\N
9712	ky	\N
9713	ru	\N
9713	en	\N
9713	ky	\N
9714	ru	\N
9714	en	\N
9714	ky	\N
9715	ru	\N
9715	en	\N
9715	ky	\N
9716	ru	\N
9716	en	\N
9716	ky	\N
9717	ru	\N
9717	en	\N
9717	ky	\N
9718	ru	\N
9718	en	\N
9718	ky	\N
9719	ru	\N
9719	en	\N
9719	ky	\N
9720	ru	\N
8953	ru	\N
8953	en	\N
8953	ky	\N
9720	en	\N
9720	ky	\N
9721	ru	\N
9721	en	\N
9721	ky	\N
9722	ru	\N
9722	en	\N
9722	ky	\N
9723	ru	\N
9723	en	\N
9723	ky	\N
9724	ru	\N
9724	en	\N
9724	ky	\N
9725	ru	\N
9725	en	\N
9725	ky	\N
9726	ru	\N
9726	en	\N
9726	ky	\N
9727	ru	\N
8961	ru	\N
8961	en	\N
8961	ky	\N
9727	en	\N
9727	ky	\N
9728	ru	\N
9728	en	\N
9728	ky	\N
9729	ru	\N
9729	en	\N
9729	ky	\N
9730	ru	\N
9730	en	\N
9730	ky	\N
9731	ru	\N
9731	en	\N
9731	ky	\N
9333	ky	Микроавтобус
9732	ru	\N
9732	en	\N
9732	ky	\N
9733	ru	\N
9733	en	\N
9733	ky	\N
9734	ru	\N
9734	en	\N
9734	ky	\N
9735	ru	\N
9735	en	\N
9735	ky	\N
9736	ru	\N
9736	en	\N
9736	ky	\N
9737	ru	\N
9737	en	\N
9737	ky	\N
9738	ru	\N
9738	en	\N
9738	ky	\N
2236	ru	Серебристый
9739	ru	\N
9739	en	\N
9739	ky	\N
9740	ru	\N
9740	en	\N
9740	ky	\N
176	ru	Активное
9741	ru	\N
9741	en	\N
9741	ky	\N
9742	ru	\N
9742	en	\N
9742	ky	\N
9743	ru	\N
9743	en	\N
9743	ky	\N
9744	ru	\N
9744	en	\N
9744	ky	\N
9745	ru	\N
9745	en	\N
9745	ky	\N
9746	ru	\N
9746	en	\N
9746	ky	\N
9747	ru	\N
9747	en	\N
9747	ky	\N
9748	ru	\N
9748	en	\N
9748	ky	\N
9749	ru	\N
9749	en	\N
9749	ky	\N
9750	ru	\N
9750	en	\N
9750	ky	\N
9751	ru	\N
9751	en	\N
9751	ky	\N
9752	ru	\N
9752	en	\N
9752	ky	\N
9753	ru	\N
9753	en	\N
9753	ky	\N
9754	ru	\N
9754	en	\N
9754	ky	\N
9755	ru	\N
9755	en	\N
9755	ky	\N
9756	ru	\N
9756	en	\N
9756	ky	\N
9757	ru	\N
9757	en	\N
9757	ky	\N
9758	ru	\N
9758	en	\N
9758	ky	\N
9759	ru	\N
9759	en	\N
9759	ky	\N
9760	ru	\N
9760	en	\N
9760	ky	\N
9761	ru	\N
9761	en	\N
9761	ky	\N
9762	ru	\N
9762	en	\N
9762	ky	\N
9763	ru	\N
9763	en	\N
9763	ky	\N
9764	ru	\N
9764	en	\N
9764	ky	\N
9765	ru	\N
9765	en	\N
9765	ky	\N
9766	ru	\N
9766	en	\N
9766	ky	\N
9767	ru	\N
9767	en	\N
9767	ky	\N
9768	ru	\N
9768	en	\N
9768	ky	\N
9769	ru	\N
9769	en	\N
9769	ky	\N
9770	ru	\N
9770	en	\N
9770	ky	\N
9771	ru	\N
9771	en	\N
9771	ky	\N
9772	ru	\N
9772	en	\N
9772	ky	\N
9773	ru	\N
9773	en	\N
9773	ky	\N
9774	ru	\N
9774	en	\N
9774	ky	\N
9775	ru	\N
9775	en	\N
9775	ky	\N
9776	ru	\N
9776	en	\N
9776	ky	\N
9777	ru	\N
9777	en	\N
9777	ky	\N
9778	ru	\N
9778	en	\N
9778	ky	\N
9779	ru	\N
9779	en	\N
9779	ky	\N
9780	ru	\N
9780	en	\N
9780	ky	\N
9781	ru	\N
9781	en	\N
9781	ky	\N
9782	ru	\N
9782	en	\N
9782	ky	\N
9783	ru	\N
9783	en	\N
9783	ky	\N
9784	ru	\N
9784	en	\N
9784	ky	\N
9785	ru	\N
9785	en	\N
9785	ky	\N
9786	ru	\N
9786	en	\N
9786	ky	\N
9787	ru	\N
9787	en	\N
9787	ky	\N
9788	ru	\N
9788	en	\N
9788	ky	\N
9789	ru	\N
9789	en	\N
9789	ky	\N
9790	ru	\N
9790	en	\N
9790	ky	\N
9791	ru	\N
9791	en	\N
9791	ky	\N
9792	ru	\N
9792	en	\N
9792	ky	\N
9793	ru	\N
9793	en	\N
9793	ky	\N
9794	ru	\N
9794	en	\N
9794	ky	\N
9795	ru	\N
9795	en	\N
9795	ky	\N
9796	ru	\N
9796	en	\N
9796	ky	\N
9797	ru	\N
9797	en	\N
9797	ky	\N
9798	ru	\N
9798	en	\N
9798	ky	\N
9799	ru	\N
9799	en	\N
9799	ky	\N
9800	ru	\N
9800	en	\N
9800	ky	\N
9801	ru	\N
9801	en	\N
9801	ky	\N
9802	ru	\N
9802	en	\N
9802	ky	\N
9803	ru	\N
9803	en	\N
9803	ky	\N
9804	ru	\N
9804	en	\N
9804	ky	\N
9805	ru	\N
9805	en	\N
9805	ky	\N
9806	ru	\N
9166	ru	\N
9166	en	\N
9166	ky	\N
9217	ru	Небесный металлик
9217	en	Heavenly metallic
9217	ky	Небесный металлик
9218	ru	Фламинго
9218	en	Flamingo
9218	ky	Фламинго
9216	ru	Смарагд
9216	en	Emerald
9216	ky	Смарагд
9215	ru	Вишневый
9215	en	Cherry
9215	ky	Алчатүс
9214	ru	Брызги шампанского
9214	en	Champagne 
9806	en	\N
9213	ru	Фиолетовый
9213	en	Purple
9806	ky	\N
9212	ru	Мокрый асфальт
9212	en	Dark grey
9212	ky	Мокрый асфальт
9213	ky	Фиолет
9214	ky	Шампан түсү
9807	ru	\N
9807	en	\N
9807	ky	\N
9808	ru	\N
9808	en	\N
9808	ky	\N
9809	ru	\N
9809	en	\N
9809	ky	\N
9810	ru	\N
9810	en	\N
9810	ky	\N
9811	ru	\N
9811	en	\N
9811	ky	\N
9812	ru	\N
9812	en	\N
9812	ky	\N
9813	ru	\N
9813	en	\N
9813	ky	\N
9814	ru	\N
9814	en	\N
9814	ky	\N
9815	ru	\N
9815	en	\N
9815	ky	\N
9816	ru	\N
9816	en	\N
9816	ky	\N
9817	ru	\N
9817	en	\N
9817	ky	\N
9818	ru	\N
9818	en	\N
9818	ky	\N
9819	ru	\N
9819	en	\N
9819	ky	\N
9820	ru	\N
9820	en	\N
9820	ky	\N
101	ru	Модель мотоцикла
101	en	Motorcycle model
9369	ru	Год
9369	en	Year
9369	ky	Жыл
9821	ru	\N
9821	en	\N
9821	ky	\N
9822	ru	\N
9822	en	\N
9822	ky	\N
9823	ru	\N
9823	en	\N
9823	ky	\N
9824	ru	\N
9824	en	\N
9824	ky	\N
9825	ru	\N
9825	en	\N
9825	ky	\N
9826	ru	\N
9826	en	\N
9826	ky	\N
9827	ru	\N
9827	en	\N
9827	ky	\N
9828	ru	\N
9828	en	\N
9828	ky	\N
9829	ru	\N
9829	en	\N
9829	ky	\N
9830	ru	\N
9830	en	\N
9830	ky	\N
9831	ru	\N
9831	en	\N
9831	ky	\N
9832	ru	\N
9832	en	\N
9832	ky	\N
9833	ru	\N
9833	en	\N
9833	ky	\N
9834	ru	\N
9834	en	\N
9834	ky	\N
9835	ru	\N
9835	en	\N
9835	ky	\N
9836	ru	\N
9836	en	\N
9836	ky	\N
9837	ru	\N
9837	en	\N
9837	ky	\N
9838	ru	\N
9838	en	\N
9838	ky	\N
9839	ru	\N
9839	en	\N
9839	ky	\N
9840	ru	\N
9840	en	\N
9840	ky	\N
9841	ru	\N
9841	en	\N
9841	ky	\N
9842	ru	\N
9842	en	\N
9842	ky	\N
9843	ru	\N
9843	en	\N
9843	ky	\N
9844	ru	\N
9844	en	\N
9844	ky	\N
9845	ru	\N
9845	en	\N
9845	ky	\N
9846	ru	\N
9846	en	\N
9846	ky	\N
9847	ru	\N
9847	en	\N
9847	ky	\N
9848	ru	\N
9848	en	\N
9848	ky	\N
9849	ru	\N
9849	en	\N
9849	ky	\N
9850	ru	\N
9850	en	\N
9850	ky	\N
9851	ru	\N
9851	en	\N
9851	ky	\N
9852	ru	\N
9852	en	\N
9852	ky	\N
9853	ru	\N
9853	en	\N
9853	ky	\N
9854	ru	\N
9854	en	\N
9854	ky	\N
9855	ru	\N
9855	en	\N
9855	ky	\N
9856	ru	\N
9856	en	\N
9856	ky	\N
9857	ru	\N
9857	en	\N
9857	ky	\N
9858	ru	\N
9858	en	\N
9858	ky	\N
9859	ru	\N
9859	en	\N
9859	ky	\N
9860	ru	\N
9860	en	\N
9860	ky	\N
9861	ru	\N
9861	en	\N
9861	ky	\N
9862	ru	\N
9862	en	\N
9862	ky	\N
9863	ru	\N
9863	en	\N
9863	ky	\N
9864	ru	\N
9864	en	\N
9864	ky	\N
9865	ru	\N
9865	en	\N
9865	ky	\N
10062	ru	\N
10062	en	\N
10062	ky	\N
10063	ru	\N
10063	en	\N
10063	ky	\N
10064	ru	\N
10064	en	\N
10064	ky	\N
10065	ru	\N
10065	en	\N
10065	ky	\N
10066	ru	\N
10066	en	\N
10066	ky	\N
10067	ru	\N
10067	en	\N
10067	ky	\N
10068	ru	\N
10068	en	\N
10068	ky	\N
10069	ru	\N
10069	en	\N
10069	ky	\N
10070	ru	\N
10070	en	\N
10070	ky	\N
10071	ru	\N
10071	en	\N
10071	ky	\N
10072	ru	\N
10072	en	\N
10072	ky	\N
10073	ru	\N
10073	en	\N
10073	ky	\N
10074	ru	\N
10074	en	\N
10074	ky	\N
10075	ru	\N
10075	en	\N
10075	ky	\N
10076	ru	\N
10076	en	\N
10076	ky	\N
10077	ru	\N
10077	en	\N
10077	ky	\N
10078	ru	\N
10078	en	\N
10078	ky	\N
10079	ru	\N
10079	en	\N
10079	ky	\N
10080	ru	\N
10080	en	\N
10080	ky	\N
10081	ru	\N
10081	en	\N
10081	ky	\N
10082	ru	\N
10082	en	\N
10082	ky	\N
10083	ru	\N
10083	en	\N
10083	ky	\N
10084	ru	\N
10084	en	\N
10084	ky	\N
10085	ru	\N
10085	en	\N
10085	ky	\N
10086	ru	\N
10086	en	\N
10086	ky	\N
10087	ru	\N
10087	en	\N
10087	ky	\N
10088	ru	\N
10088	en	\N
10088	ky	\N
10089	ru	\N
10089	en	\N
10089	ky	\N
10090	ru	\N
10090	en	\N
10090	ky	\N
10091	ru	\N
10091	en	\N
10091	ky	\N
10092	ru	\N
10092	en	\N
10092	ky	\N
10093	ru	\N
10093	en	\N
10093	ky	\N
10094	ru	\N
10094	en	\N
10094	ky	\N
10095	ru	\N
10095	en	\N
10095	ky	\N
10096	ru	\N
10096	en	\N
10096	ky	\N
10097	ru	\N
10097	en	\N
10097	ky	\N
10098	ru	\N
10098	en	\N
10098	ky	\N
10099	ru	\N
10099	en	\N
10099	ky	\N
10100	ru	\N
10100	en	\N
10100	ky	\N
10101	ru	\N
10101	en	\N
10101	ky	\N
10102	ru	\N
10102	en	\N
10102	ky	\N
10103	ru	\N
10103	en	\N
10103	ky	\N
10104	ru	\N
10104	en	\N
10104	ky	\N
10105	ru	\N
10105	en	\N
10105	ky	\N
10106	ru	\N
10106	en	\N
10106	ky	\N
10107	ru	\N
10107	en	\N
10107	ky	\N
10108	ru	\N
10108	en	\N
10108	ky	\N
10109	ru	\N
10109	en	\N
10109	ky	\N
10110	ru	\N
10110	en	\N
10110	ky	\N
10111	ru	\N
10111	en	\N
10111	ky	\N
10112	ru	\N
10112	en	\N
10112	ky	\N
10113	ru	\N
10113	en	\N
10113	ky	\N
10114	ru	\N
10114	en	\N
10114	ky	\N
10115	ru	\N
10115	en	\N
10115	ky	\N
10116	ru	\N
10116	en	\N
10116	ky	\N
10117	ru	\N
10117	en	\N
10117	ky	\N
10118	ru	\N
10118	en	\N
10118	ky	\N
10119	ru	\N
10119	en	\N
10119	ky	\N
10120	ru	\N
10120	en	\N
10120	ky	\N
10121	ru	\N
10121	en	\N
10121	ky	\N
10122	ru	\N
10122	en	\N
10122	ky	\N
10123	ru	\N
10123	en	\N
10123	ky	\N
10124	ru	\N
10124	en	\N
10124	ky	\N
10125	ru	\N
10125	en	\N
10125	ky	\N
10126	ru	\N
10126	en	\N
10126	ky	\N
10127	ru	\N
10127	en	\N
10127	ky	\N
10128	ru	\N
10128	en	\N
10128	ky	\N
10129	ru	\N
10129	en	\N
10129	ky	\N
10130	ru	\N
10130	en	\N
10130	ky	\N
10131	ru	\N
10131	en	\N
10131	ky	\N
10132	ru	\N
10132	en	\N
10132	ky	\N
10133	ru	\N
10133	en	\N
10133	ky	\N
10134	ru	\N
10134	en	\N
10134	ky	\N
10135	ru	\N
10135	en	\N
10135	ky	\N
10136	ru	\N
10136	en	\N
10136	ky	\N
10137	ru	\N
10137	en	\N
10137	ky	\N
10138	ru	\N
10138	en	\N
10138	ky	\N
10139	ru	\N
10139	en	\N
10139	ky	\N
10140	ru	\N
10140	en	\N
10140	ky	\N
10141	ru	\N
10141	en	\N
10141	ky	\N
10142	ru	\N
10142	en	\N
10142	ky	\N
10143	ru	\N
10143	en	\N
10143	ky	\N
10144	ru	\N
10144	en	\N
10144	ky	\N
10145	ru	\N
10145	en	\N
10145	ky	\N
10146	ru	\N
10146	en	\N
10146	ky	\N
10147	ru	\N
10147	en	\N
10147	ky	\N
10148	ru	\N
10148	en	\N
10148	ky	\N
10149	ru	\N
10149	en	\N
10149	ky	\N
10150	ru	\N
10150	en	\N
10150	ky	\N
10151	ru	\N
10151	en	\N
10151	ky	\N
10152	ru	\N
10152	en	\N
10152	ky	\N
10153	ru	\N
10153	en	\N
10153	ky	\N
10154	ru	\N
10154	en	\N
10154	ky	\N
10155	ru	\N
10155	en	\N
10155	ky	\N
10156	ru	\N
10156	en	\N
10156	ky	\N
10157	ru	\N
10157	en	\N
10157	ky	\N
10158	ru	\N
10158	en	\N
10158	ky	\N
10159	ru	\N
10159	en	\N
10159	ky	\N
10160	ru	\N
10160	en	\N
10160	ky	\N
10161	ru	\N
10161	en	\N
10161	ky	\N
10162	ru	\N
10162	en	\N
10162	ky	\N
10163	ru	\N
10163	en	\N
10163	ky	\N
10164	ru	\N
10164	en	\N
10164	ky	\N
10165	ru	\N
10165	en	\N
10165	ky	\N
10166	ru	\N
10166	en	\N
10166	ky	\N
10167	ru	\N
10167	en	\N
10167	ky	\N
10168	ru	\N
10168	en	\N
10168	ky	\N
10169	ru	\N
10169	en	\N
10169	ky	\N
10170	ru	\N
10170	en	\N
10170	ky	\N
10171	ru	\N
10171	en	\N
10171	ky	\N
10172	ru	\N
10172	en	\N
10172	ky	\N
10173	ru	\N
10173	en	\N
10173	ky	\N
10174	ru	\N
10174	en	\N
10174	ky	\N
10175	ru	\N
10175	en	\N
10175	ky	\N
10176	ru	\N
10176	en	\N
10176	ky	\N
10177	ru	\N
10177	en	\N
10177	ky	\N
10178	ru	\N
10178	en	\N
10178	ky	\N
10179	ru	\N
10179	en	\N
10179	ky	\N
10180	ru	\N
10180	en	\N
10180	ky	\N
10181	ru	\N
10181	en	\N
10181	ky	\N
10182	ru	\N
10182	en	\N
10182	ky	\N
10183	ru	\N
10183	en	\N
10183	ky	\N
10184	ru	\N
10184	en	\N
10184	ky	\N
10185	ru	\N
10185	en	\N
10185	ky	\N
10186	ru	\N
10186	en	\N
10186	ky	\N
10187	ru	\N
10187	en	\N
10187	ky	\N
10188	ru	\N
10188	en	\N
10188	ky	\N
10189	ru	\N
10189	en	\N
10189	ky	\N
10190	ru	\N
10190	en	\N
10190	ky	\N
10191	ru	\N
10191	en	\N
10191	ky	\N
10192	ru	\N
10192	en	\N
10192	ky	\N
10193	ru	\N
10193	en	\N
10193	ky	\N
10194	ru	\N
10194	en	\N
10194	ky	\N
10195	ru	\N
10195	en	\N
10195	ky	\N
10196	ru	\N
10196	en	\N
10196	ky	\N
10197	ru	\N
10197	en	\N
10197	ky	\N
10198	ru	\N
10198	en	\N
10198	ky	\N
10199	ru	\N
10199	en	\N
10199	ky	\N
10200	ru	\N
10200	en	\N
10200	ky	\N
10201	ru	\N
10201	en	\N
10201	ky	\N
10202	ru	\N
10202	en	\N
10202	ky	\N
10203	ru	\N
10203	en	\N
10203	ky	\N
10204	ru	\N
10204	en	\N
10204	ky	\N
10205	ru	\N
10205	en	\N
10205	ky	\N
10206	ru	\N
10206	en	\N
10206	ky	\N
10207	ru	\N
10207	en	\N
10207	ky	\N
10208	ru	\N
10208	en	\N
10208	ky	\N
10209	ru	\N
10209	en	\N
10209	ky	\N
10210	ru	\N
10210	en	\N
10210	ky	\N
10211	ru	\N
10211	en	\N
10211	ky	\N
10212	ru	\N
10212	en	\N
10212	ky	\N
10213	ru	\N
10213	en	\N
10213	ky	\N
10214	ru	\N
10214	en	\N
10214	ky	\N
10215	ru	\N
10215	en	\N
10215	ky	\N
10216	ru	\N
10216	en	\N
10216	ky	\N
10217	ru	\N
10217	en	\N
10217	ky	\N
10218	ru	\N
10218	en	\N
10218	ky	\N
10219	ru	\N
10219	en	\N
10219	ky	\N
10220	ru	\N
10220	en	\N
10220	ky	\N
10221	ru	\N
10221	en	\N
10221	ky	\N
10222	ru	\N
10222	en	\N
10222	ky	\N
10223	ru	\N
10223	en	\N
10223	ky	\N
10224	ru	\N
10224	en	\N
10224	ky	\N
10225	ru	\N
10225	en	\N
10225	ky	\N
10226	ru	\N
10226	en	\N
10226	ky	\N
10227	ru	\N
10227	en	\N
10227	ky	\N
10228	ru	\N
10228	en	\N
10228	ky	\N
10229	ru	\N
10229	en	\N
10229	ky	\N
10230	ru	\N
10230	en	\N
10230	ky	\N
10231	ru	\N
10231	en	\N
10231	ky	\N
10232	ru	\N
10232	en	\N
10232	ky	\N
10233	ru	\N
10233	en	\N
10233	ky	\N
10234	ru	\N
10234	en	\N
10234	ky	\N
10235	ru	\N
10235	en	\N
10235	ky	\N
10236	ru	\N
10236	en	\N
10236	ky	\N
10237	ru	\N
10237	en	\N
10237	ky	\N
10238	ru	\N
10238	en	\N
10238	ky	\N
10239	ru	\N
10239	en	\N
10239	ky	\N
10240	ru	\N
10240	en	\N
10240	ky	\N
10241	ru	\N
10241	en	\N
10241	ky	\N
10242	ru	\N
10242	en	\N
10242	ky	\N
10243	ru	\N
10243	en	\N
10243	ky	\N
10244	ru	\N
10244	en	\N
10244	ky	\N
10245	ru	\N
10245	en	\N
10245	ky	\N
10246	ru	\N
10246	en	\N
10246	ky	\N
10247	ru	\N
10247	en	\N
10247	ky	\N
10248	ru	\N
10248	en	\N
10248	ky	\N
10249	ru	\N
10249	en	\N
10249	ky	\N
10250	ru	\N
10250	en	\N
10250	ky	\N
10251	ru	\N
10251	en	\N
10251	ky	\N
10252	ru	\N
10252	en	\N
10252	ky	\N
10253	ru	\N
10253	en	\N
10253	ky	\N
10254	ru	\N
10254	en	\N
10254	ky	\N
10255	ru	\N
10255	en	\N
10255	ky	\N
10256	ru	\N
10256	en	\N
10256	ky	\N
10257	ru	\N
10257	en	\N
10257	ky	\N
10258	ru	\N
10258	en	\N
10258	ky	\N
10259	ru	\N
10259	en	\N
10259	ky	\N
10260	ru	\N
10260	en	\N
10260	ky	\N
10261	ru	\N
10261	en	\N
10261	ky	\N
10262	ru	\N
10262	en	\N
10262	ky	\N
10263	ru	\N
10263	en	\N
10263	ky	\N
10264	ru	\N
10264	en	\N
10264	ky	\N
10265	ru	\N
10265	en	\N
10265	ky	\N
10266	ru	\N
10266	en	\N
10266	ky	\N
10267	ru	\N
10267	en	\N
10267	ky	\N
10268	ru	\N
10268	en	\N
10268	ky	\N
10269	ru	\N
10269	en	\N
10269	ky	\N
10270	ru	\N
10270	en	\N
10270	ky	\N
10271	ru	\N
10271	en	\N
10271	ky	\N
10272	ru	\N
10272	en	\N
10272	ky	\N
10273	ru	\N
10273	en	\N
10273	ky	\N
10274	ru	\N
10274	en	\N
10274	ky	\N
10275	ru	\N
10275	en	\N
10275	ky	\N
10276	ru	\N
10276	en	\N
10276	ky	\N
10277	ru	\N
10277	en	\N
10277	ky	\N
10278	ru	\N
10278	en	\N
10278	ky	\N
10279	ru	\N
10279	en	\N
10279	ky	\N
10280	ru	\N
10280	en	\N
10280	ky	\N
10281	ru	\N
10281	en	\N
10281	ky	\N
10282	ru	\N
10282	en	\N
10282	ky	\N
10283	ru	\N
10283	en	\N
10283	ky	\N
10284	ru	\N
10284	en	\N
10284	ky	\N
10285	ru	\N
10285	en	\N
10285	ky	\N
10286	ru	\N
10286	en	\N
10286	ky	\N
10287	ru	\N
10287	en	\N
10287	ky	\N
10288	ru	\N
10288	en	\N
10288	ky	\N
10289	ru	\N
10289	en	\N
10289	ky	\N
10290	ru	\N
10290	en	\N
10290	ky	\N
10291	ru	\N
10291	en	\N
10291	ky	\N
10292	ru	\N
10292	en	\N
10292	ky	\N
10293	ru	\N
10293	en	\N
10293	ky	\N
10294	ru	\N
10294	en	\N
10294	ky	\N
10295	ru	\N
10295	en	\N
10295	ky	\N
10296	ru	\N
10296	en	\N
10296	ky	\N
10297	ru	\N
10297	en	\N
10297	ky	\N
10298	ru	\N
10298	en	\N
10298	ky	\N
10299	ru	\N
10299	en	\N
10299	ky	\N
10300	ru	\N
10300	en	\N
10300	ky	\N
10301	ru	\N
10301	en	\N
10301	ky	\N
10302	ru	\N
10302	en	\N
10302	ky	\N
10303	ru	\N
10303	en	\N
10303	ky	\N
10304	ru	\N
10304	en	\N
10304	ky	\N
10305	ru	\N
10305	en	\N
10305	ky	\N
10306	ru	\N
10306	en	\N
10306	ky	\N
10307	ru	\N
10307	en	\N
10307	ky	\N
10308	ru	\N
10308	en	\N
10308	ky	\N
10309	ru	\N
10309	en	\N
10309	ky	\N
10310	ru	\N
10310	en	\N
10310	ky	\N
10311	ru	\N
10311	en	\N
10311	ky	\N
10312	ru	\N
10312	en	\N
10312	ky	\N
10313	ru	\N
10313	en	\N
10313	ky	\N
10314	ru	\N
10314	en	\N
10314	ky	\N
10315	ru	\N
10315	en	\N
10315	ky	\N
10316	ru	\N
10316	en	\N
10316	ky	\N
10317	ru	\N
10317	en	\N
10317	ky	\N
10318	ru	\N
10318	en	\N
10318	ky	\N
10319	ru	\N
10319	en	\N
10319	ky	\N
10320	ru	\N
10320	en	\N
10320	ky	\N
10321	ru	\N
10321	en	\N
10321	ky	\N
10322	ru	\N
10322	en	\N
10322	ky	\N
10323	ru	\N
10323	en	\N
10323	ky	\N
10324	ru	\N
10324	en	\N
10324	ky	\N
10325	ru	\N
10325	en	\N
10325	ky	\N
10326	ru	\N
10326	en	\N
10326	ky	\N
10327	ru	\N
10327	en	\N
10327	ky	\N
10328	ru	\N
10328	en	\N
10328	ky	\N
10329	ru	\N
10329	en	\N
10329	ky	\N
10330	ru	\N
10330	en	\N
10330	ky	\N
10331	ru	\N
10331	en	\N
10331	ky	\N
10332	ru	\N
10332	en	\N
10332	ky	\N
10333	ru	\N
10333	en	\N
10333	ky	\N
10334	ru	\N
10334	en	\N
10334	ky	\N
10335	ru	\N
10335	en	\N
10335	ky	\N
10336	ru	\N
10336	en	\N
10336	ky	\N
10337	ru	\N
10337	en	\N
10337	ky	\N
10338	ru	\N
10338	en	\N
10338	ky	\N
10339	ru	\N
10339	en	\N
10339	ky	\N
10340	ru	\N
10340	en	\N
10340	ky	\N
10341	ru	\N
10341	en	\N
10341	ky	\N
10342	ru	\N
10342	en	\N
10342	ky	\N
10343	ru	\N
10343	en	\N
10343	ky	\N
10344	ru	\N
10344	en	\N
10344	ky	\N
10345	ru	\N
10345	en	\N
10345	ky	\N
10346	ru	\N
10346	en	\N
10346	ky	\N
10347	ru	\N
10347	en	\N
10347	ky	\N
10348	ru	\N
10348	en	\N
10348	ky	\N
10349	ru	\N
10349	en	\N
10349	ky	\N
10350	ru	\N
10350	en	\N
10350	ky	\N
10351	ru	\N
10351	en	\N
10351	ky	\N
10352	ru	\N
10352	en	\N
10352	ky	\N
10353	ru	\N
10353	en	\N
10353	ky	\N
10354	ru	\N
10354	en	\N
10354	ky	\N
10355	ru	\N
10355	en	\N
10355	ky	\N
10356	ru	\N
10356	en	\N
10356	ky	\N
10357	ru	\N
10357	en	\N
10357	ky	\N
10358	ru	\N
10358	en	\N
10358	ky	\N
10359	ru	\N
10359	en	\N
10359	ky	\N
10360	ru	\N
10360	en	\N
10360	ky	\N
10361	ru	\N
10361	en	\N
10361	ky	\N
10362	ru	\N
10362	en	\N
10362	ky	\N
10363	ru	\N
10363	en	\N
10363	ky	\N
10364	ru	\N
10364	en	\N
10364	ky	\N
10365	ru	\N
10365	en	\N
10365	ky	\N
10366	ru	\N
10366	en	\N
10366	ky	\N
10367	ru	\N
10367	en	\N
10367	ky	\N
10368	ru	\N
10368	en	\N
10368	ky	\N
10369	ru	\N
10369	en	\N
10369	ky	\N
10370	ru	\N
10370	en	\N
10370	ky	\N
10371	ru	\N
10371	en	\N
10371	ky	\N
10372	ru	\N
10372	en	\N
10372	ky	\N
10373	ru	\N
10373	en	\N
10373	ky	\N
10374	ru	\N
10374	en	\N
10374	ky	\N
10375	ru	\N
10375	en	\N
10375	ky	\N
10376	ru	\N
10376	en	\N
10376	ky	\N
10377	ru	\N
10377	en	\N
10377	ky	\N
10378	ru	\N
10378	en	\N
10378	ky	\N
10379	ru	\N
10379	en	\N
10379	ky	\N
10380	ru	\N
10380	en	\N
10380	ky	\N
10381	ru	\N
10381	en	\N
10381	ky	\N
10382	ru	\N
10382	en	\N
10382	ky	\N
10383	ru	\N
10383	en	\N
10383	ky	\N
10384	ru	\N
10384	en	\N
10384	ky	\N
10385	ru	\N
10385	en	\N
10385	ky	\N
10386	ru	\N
10386	en	\N
10386	ky	\N
10387	ru	\N
10387	en	\N
10387	ky	\N
10388	ru	\N
10388	en	\N
10388	ky	\N
10389	ru	\N
10389	en	\N
10389	ky	\N
10390	ru	\N
10390	en	\N
10390	ky	\N
10391	ru	\N
10391	en	\N
10391	ky	\N
10392	ru	\N
10392	en	\N
10392	ky	\N
10393	ru	\N
10393	en	\N
10393	ky	\N
10394	ru	\N
10394	en	\N
10394	ky	\N
10395	ru	\N
10395	en	\N
10395	ky	\N
10396	ru	\N
10396	en	\N
10396	ky	\N
10397	ru	\N
10397	en	\N
10397	ky	\N
10398	ru	\N
10398	en	\N
10398	ky	\N
10399	ru	\N
10399	en	\N
10399	ky	\N
10400	ru	\N
10400	en	\N
10400	ky	\N
10401	ru	\N
10401	en	\N
10401	ky	\N
10402	ru	\N
10402	en	\N
10402	ky	\N
10403	ru	\N
10403	en	\N
10403	ky	\N
10404	ru	\N
10404	en	\N
10404	ky	\N
10405	ru	\N
10405	en	\N
10405	ky	\N
10406	ru	\N
10406	en	\N
10406	ky	\N
10407	ru	\N
10407	en	\N
10407	ky	\N
10408	ru	\N
10408	en	\N
10408	ky	\N
10409	ru	\N
10409	en	\N
10409	ky	\N
10410	ru	\N
10410	en	\N
10410	ky	\N
10411	ru	\N
10411	en	\N
10411	ky	\N
10412	ru	\N
10412	en	\N
10412	ky	\N
10413	ru	\N
10413	en	\N
10413	ky	\N
10414	ru	\N
10414	en	\N
10414	ky	\N
10415	ru	\N
10415	en	\N
10415	ky	\N
10416	ru	\N
10416	en	\N
10416	ky	\N
10417	ru	\N
10417	en	\N
10417	ky	\N
10418	ru	\N
10418	en	\N
10418	ky	\N
10419	ru	\N
10419	en	\N
10419	ky	\N
10420	ru	\N
10420	en	\N
10420	ky	\N
10421	ru	\N
10421	en	\N
10421	ky	\N
10422	ru	\N
10422	en	\N
10422	ky	\N
10423	ru	\N
10423	en	\N
10423	ky	\N
10424	ru	\N
10424	en	\N
10424	ky	\N
10425	ru	\N
10425	en	\N
10425	ky	\N
10426	ru	\N
10426	en	\N
10426	ky	\N
10427	ru	\N
10427	en	\N
10427	ky	\N
10428	ru	\N
10428	en	\N
10428	ky	\N
10429	ru	\N
10429	en	\N
10429	ky	\N
10430	ru	\N
10430	en	\N
10430	ky	\N
10431	ru	\N
10431	en	\N
10431	ky	\N
10432	ru	\N
10432	en	\N
10432	ky	\N
10433	ru	\N
10433	en	\N
10433	ky	\N
10434	ru	\N
10434	en	\N
10434	ky	\N
10435	ru	\N
10435	en	\N
10435	ky	\N
10436	ru	\N
10436	en	\N
10436	ky	\N
10437	ru	\N
10437	en	\N
10437	ky	\N
10438	ru	\N
10438	en	\N
10438	ky	\N
10439	ru	\N
10439	en	\N
10439	ky	\N
10440	ru	\N
10440	en	\N
10440	ky	\N
10441	ru	\N
10441	en	\N
10441	ky	\N
10442	ru	\N
10442	en	\N
10442	ky	\N
10443	ru	\N
10443	en	\N
10443	ky	\N
10444	ru	\N
10444	en	\N
10444	ky	\N
10445	ru	\N
10445	en	\N
10445	ky	\N
10446	ru	\N
10446	en	\N
10446	ky	\N
10447	ru	\N
10447	en	\N
10447	ky	\N
10448	ru	\N
10448	en	\N
10448	ky	\N
10449	ru	\N
10449	en	\N
10449	ky	\N
10450	ru	\N
10450	en	\N
10450	ky	\N
10451	ru	\N
10451	en	\N
10451	ky	\N
10452	ru	\N
10452	en	\N
10452	ky	\N
10453	ru	\N
10453	en	\N
10453	ky	\N
10454	ru	\N
10454	en	\N
10454	ky	\N
10455	ru	\N
10455	en	\N
10455	ky	\N
10456	ru	\N
10456	en	\N
10456	ky	\N
10457	ru	\N
10457	en	\N
10457	ky	\N
10458	ru	\N
10458	en	\N
10458	ky	\N
10459	ru	\N
10459	en	\N
10459	ky	\N
10460	ru	\N
10460	en	\N
10460	ky	\N
10461	ru	\N
10461	en	\N
10461	ky	\N
10462	ru	\N
10462	en	\N
10462	ky	\N
10463	ru	\N
10463	en	\N
10463	ky	\N
10464	ru	\N
10464	en	\N
10464	ky	\N
10465	ru	\N
10465	en	\N
10465	ky	\N
10466	ru	\N
10466	en	\N
10466	ky	\N
10467	ru	\N
10467	en	\N
10467	ky	\N
10468	ru	\N
10468	en	\N
10468	ky	\N
10469	ru	\N
10469	en	\N
10469	ky	\N
10470	ru	\N
10470	en	\N
10470	ky	\N
10471	ru	\N
10471	en	\N
10471	ky	\N
10472	ru	\N
10472	en	\N
10472	ky	\N
10473	ru	\N
10473	en	\N
10473	ky	\N
10474	ru	\N
10474	en	\N
10474	ky	\N
10475	ru	\N
10475	en	\N
10475	ky	\N
10476	ru	\N
10476	en	\N
10476	ky	\N
10477	ru	\N
10477	en	\N
10477	ky	\N
10478	ru	\N
10478	en	\N
10478	ky	\N
10479	ru	\N
10479	en	\N
10479	ky	\N
10480	ru	\N
10480	en	\N
10480	ky	\N
10481	ru	\N
10481	en	\N
10481	ky	\N
10482	ru	\N
10482	en	\N
10482	ky	\N
10483	ru	\N
10483	en	\N
10483	ky	\N
10484	ru	\N
10484	en	\N
10484	ky	\N
10485	ru	\N
10485	en	\N
10485	ky	\N
10486	ru	\N
10486	en	\N
10486	ky	\N
10487	ru	\N
10487	en	\N
10487	ky	\N
10488	ru	\N
10488	en	\N
10488	ky	\N
10489	ru	\N
10489	en	\N
10489	ky	\N
10490	ru	\N
10490	en	\N
10490	ky	\N
10491	ru	\N
10491	en	\N
10491	ky	\N
10492	ru	\N
10492	en	\N
10492	ky	\N
10493	ru	\N
10493	en	\N
10493	ky	\N
10494	ru	\N
10494	en	\N
10494	ky	\N
10495	ru	\N
10495	en	\N
10495	ky	\N
10496	ru	\N
10496	en	\N
10496	ky	\N
10497	ru	\N
10497	en	\N
10497	ky	\N
10498	ru	\N
10498	en	\N
10498	ky	\N
10499	ru	\N
10499	en	\N
10499	ky	\N
9333	ru	Микроавтобус
9333	en	Minibus
10507	ru	\N
10507	en	\N
10507	ky	\N
10518	ru	\N
10518	en	\N
10518	ky	\N
10529	ru	\N
10529	en	\N
10529	ky	\N
10550	ru	\N
10550	en	\N
10550	ky	\N
10561	ru	\N
10561	en	\N
10561	ky	\N
10582	ru	\N
10582	en	\N
10582	ky	\N
\.


--
-- Data for Name: migration; Type: TABLE DATA; Schema: public; Owner: postgres
--

COPY migration (version, apply_time) FROM stdin;
m000000_000000_base	1439290773
m130524_201442_init	1439290776
m150205_120838_create_cars_table	1439290777
m150224_055509_create_uploads_table	1439290777
m150406_051153_create_comments_table	1439290777
m150429_083240_create_banners_table	1439290777
m150430_054727_create_employees_table	1439290777
m150504_023135_create_tarrifs_table	1439290777
m150504_044521_create_partners_table	1439290777
m150506_034644_create_transactions_table	1439290777
m150507_233826_create_premiums_table	1439290777
m140609_093837_addI18nTables	1439290928
m150824_083656_create_posts_table	1440699414
m151009_110700_add_type_id_to_all_dict_tables	1444660270
m151126_020954_add_lang_fieldToUserProfile_table	1448601342
m151127_043536_add_loading_capacity_to_car_model	1448601342
\.


--
-- Data for Name: moto_types; Type: TABLE DATA; Schema: public; Owner: postgres
--

COPY moto_types (id, name, created_by, updated_by) FROM stdin;
3	Багги 	2	2
4	Вездеход 	2	2
5	Велосипед 	2	2
6	Квадроцикл 	2	2
7	Мопед	2	2
8	Мотоцикл 	2	2
9	Скутер 	2	2
10	Снегоход 	2	2
11	Прочее	2	2
\.


--
-- Name: moto_types_id_seq; Type: SEQUENCE SET; Schema: public; Owner: postgres
--

SELECT pg_catalog.setval('moto_types_id_seq', 11, true);


--
-- Data for Name: mposts; Type: TABLE DATA; Schema: public; Owner: postgres
--

COPY mposts (id, post_id, lang, title, body, created_by, updated_by, created_at, updated_at) FROM stdin;
7	3	en	Как пополнять баланс	<p><span style="color:rgb(10, 10, 10)">How to top up balance</span></p>\r\n\r\n<p>&nbsp;</p>\r\n	2	2	1440842696	1440842951
9	3	ky	Как пополнять баланс	<p>Баланс жуктоо</p>\r\n	2	2	1440842696	1440842970
8	3	ru	Как пополнять баланс	<p>Как пополнять баланс</p>\r\n	2	2	1440842696	1440842984
\.


--
-- Name: mposts_id_seq; Type: SEQUENCE SET; Schema: public; Owner: postgres
--

SELECT pg_catalog.setval('mposts_id_seq', 9, true);


--
-- Data for Name: offices; Type: TABLE DATA; Schema: public; Owner: postgres
--

COPY offices (id, name, address, created_at, updated_at, created_by, updated_by) FROM stdin;
1	Бишкек дордой	Бишкек, Кыргызстан	1430182589	1440579993	1	2
2	Бишкек плаза	район бета сторес	1440580059	1440580059	2	2
\.


--
-- Name: offices_id_seq; Type: SEQUENCE SET; Schema: public; Owner: postgres
--

SELECT pg_catalog.setval('offices_id_seq', 2, true);


--
-- Data for Name: partners; Type: TABLE DATA; Schema: public; Owner: postgres
--

COPY partners (id, title, image, url, description, status, created_by, updated_by, created_at, updated_at) FROM stdin;
1	Forbes	56c07331131da.jpg	http://araba.kg/car/view?id=3		1	2	3	1455452688	1456246646
3	zx	56c0741cec61e.png	http://araba.kg/car/view?id=3		1	2	3	1455453212	1456246649
2	we	56c073b7332b5.png	http://araba.kg/		1	2	3	1455453111	1456246650
\.


--
-- Name: partners_id_seq; Type: SEQUENCE SET; Schema: public; Owner: postgres
--

SELECT pg_catalog.setval('partners_id_seq', 3, true);


--
-- Data for Name: posts; Type: TABLE DATA; Schema: public; Owner: postgres
--

COPY posts (id, name, created_by, updated_by, created_at, updated_at) FROM stdin;
3	Как пополнять баланс	2	2	1440842696	1440842789
\.


--
-- Name: posts_id_seq; Type: SEQUENCE SET; Schema: public; Owner: postgres
--

SELECT pg_catalog.setval('posts_id_seq', 3, true);


--
-- Data for Name: premiums_logs; Type: TABLE DATA; Schema: public; Owner: postgres
--

COPY premiums_logs (id, car_id, tarrif_id, premium_begin, premium_end, created_by, updated_by, created_at, updated_at) FROM stdin;
1	2	1	2015-08-24 05:50:38	2015-08-25 05:50:38	2	2	1440438638	1440438638
2	2	1	2015-08-26 08:28:33	2015-08-27 08:28:33	2	2	1440577713	1440577713
3	4	4	2015-08-26 08:47:42	2015-08-30 08:47:42	2	2	1440578862	1440578862
4	3	3	2015-08-26 08:49:15	2015-09-02 08:49:15	2	2	1440578955	1440578955
5	1	1	2015-08-27 06:57:18	2015-08-28 06:57:18	1	1	1440701838	1440701838
6	3	1	2015-12-04 06:50:19	2015-12-05 06:50:19	2	2	1449255019	1449255019
7	11	1	2015-12-06 05:16:25	2015-12-07 05:16:25	5	5	1449422185	1449422185
8	12	2	2015-12-06 05:20:58	2015-12-09 05:20:58	5	5	1449422458	1449422458
9	23	3	2015-12-06 05:27:30	2015-12-13 05:27:30	6	6	1449422850	1449422850
10	7	1	2015-12-07 07:36:44	2015-12-08 07:36:44	2	2	1449517004	1449517004
11	7	1	2016-01-28 05:39:31	2016-01-29 05:39:31	2	2	1453959571	1453959571
12	2	1	2016-01-28 05:39:53	2016-01-29 05:39:53	2	2	1453959593	1453959593
13	8	1	2016-01-28 05:40:01	2016-01-29 05:40:01	2	2	1453959601	1453959601
14	3	1	2016-01-28 05:40:09	2016-01-29 05:40:09	2	2	1453959609	1453959609
15	4	1	2016-01-28 05:40:17	2016-01-29 05:40:17	2	2	1453959617	1453959617
16	10	1	2016-01-28 05:40:25	2016-01-29 05:40:25	2	2	1453959625	1453959625
17	11	1	2016-01-28 02:33:47	2016-01-29 02:33:47	5	5	1453991627	1453991627
18	11	1	2016-01-28 02:33:51	2016-01-29 02:33:51	5	5	1453991631	1453991631
19	12	1	2016-01-28 02:33:59	2016-01-29 02:33:59	5	5	1453991639	1453991639
20	13	1	2016-01-28 02:34:04	2016-01-29 02:34:04	5	5	1453991644	1453991644
21	14	1	2016-01-28 02:34:13	2016-01-29 02:34:13	5	5	1453991653	1453991653
22	21	1	2016-01-28 02:34:42	2016-01-29 02:34:42	6	6	1453991682	1453991682
23	15	1	2016-01-28 02:34:49	2016-01-29 02:34:49	6	6	1453991689	1453991689
24	16	1	2016-01-28 02:34:57	2016-01-29 02:34:57	6	6	1453991697	1453991697
25	17	1	2016-01-28 02:35:07	2016-01-29 02:35:07	6	6	1453991707	1453991707
26	18	1	2016-01-28 02:35:14	2016-01-29 02:35:14	6	6	1453991714	1453991714
27	19	1	2016-01-28 02:35:23	2016-01-29 02:35:23	6	6	1453991723	1453991723
28	22	1	2016-01-28 02:35:33	2016-01-29 02:35:33	6	6	1453991733	1453991733
29	24	1	2016-01-28 02:35:43	2016-01-29 02:35:43	6	6	1453991743	1453991743
30	23	1	2016-01-28 02:36:00	2016-01-29 02:36:00	6	6	1453991760	1453991760
31	26	1	2016-01-28 02:36:28	2016-01-29 02:36:28	7	7	1453991788	1453991788
32	25	1	2016-01-28 02:36:37	2016-01-29 02:36:37	7	7	1453991797	1453991797
33	28	1	2016-01-28 02:36:44	2016-01-29 02:36:44	7	7	1453991804	1453991804
34	29	1	2016-01-28 02:36:52	2016-01-29 02:36:52	7	7	1453991812	1453991812
35	27	1	2016-01-28 02:37:01	2016-01-29 02:37:01	7	7	1453991821	1453991821
36	31	1	2016-01-28 02:37:51	2016-01-29 02:37:51	8	8	1453991871	1453991871
37	32	1	2016-01-28 02:37:57	2016-01-29 02:37:57	8	8	1453991877	1453991877
38	30	1	2016-01-28 02:38:09	2016-01-29 02:38:09	8	8	1453991889	1453991889
39	33	1	2016-01-28 02:46:10	2016-01-29 02:46:10	9	9	1453992370	1453992370
40	34	1	2016-01-28 02:46:17	2016-01-29 02:46:17	9	9	1453992377	1453992377
41	36	1	2016-01-28 02:46:24	2016-01-29 02:46:24	9	9	1453992384	1453992384
42	38	1	2016-01-28 02:46:30	2016-01-29 02:46:30	9	9	1453992390	1453992390
43	39	1	2016-01-28 02:46:36	2016-01-29 02:46:36	9	9	1453992396	1453992396
44	41	1	2016-01-28 02:46:44	2016-01-29 02:46:44	9	9	1453992404	1453992404
45	37	1	2016-01-28 02:46:52	2016-01-29 02:46:52	9	9	1453992412	1453992412
46	40	1	2016-01-28 02:47:01	2016-01-29 02:47:01	9	9	1453992421	1453992421
47	35	1	2016-01-28 02:47:09	2016-01-29 02:47:09	9	9	1453992429	1453992429
48	8	1	2016-02-14 06:33:00	2016-02-15 06:33:00	2	2	1455431580	1455431580
49	3	1	2016-02-14 06:33:10	2016-02-15 06:33:10	2	2	1455431590	1455431590
50	2	1	2016-02-14 06:33:23	2016-02-15 06:33:23	2	2	1455431603	1455431603
51	58	3	2016-02-18 07:36:50	2016-02-25 07:36:50	2	2	1455781010	1455781010
52	4	1	2016-02-24 07:23:28	2016-02-25 07:23:28	2	2	1456298608	1456298608
53	83	1	2016-02-28 08:35:35	2016-02-29 08:35:35	2	2	1456648535	1456648535
54	8	2	2016-02-28 08:36:58	2016-03-02 08:36:58	2	2	1456648618	1456648618
55	71	3	2016-02-28 08:40:37	2016-03-06 08:40:37	2	2	1456648837	1456648837
56	70	1	2016-03-01 06:08:59	2016-03-02 06:08:59	2	2	1456855739	1456855739
57	69	1	2016-03-09 01:52:56	2016-03-10 01:52:56	2	2	1457488376	1457488376
58	86	2	2016-03-22 01:03:00	2016-03-25 01:03:00	23	23	1458651780	1458651780
59	86	1	2016-03-22 01:03:13	2016-03-23 01:03:13	23	23	1458651793	1458651793
\.


--
-- Name: premiums_logs_id_seq; Type: SEQUENCE SET; Schema: public; Owner: postgres
--

SELECT pg_catalog.setval('premiums_logs_id_seq', 59, true);


--
-- Data for Name: privods; Type: TABLE DATA; Schema: public; Owner: postgres
--

COPY privods (id, name, created_by, updated_by, frequency) FROM stdin;
17	Прочее	2	3	1
5	4x2	2	3	3
6	4x4	2	3	3
7	6x2	2	3	3
8	6x4	2	3	3
9	6x6	2	3	3
10	8x2	2	3	3
11	8x4	2	3	3
12	8x6	2	3	3
16	10x10 Прочее	2	2	0
13	8x8	2	3	3
14	10x6	2	3	3
15	10x10	2	3	3
18	Кардан	2	3	1
19	Ремень	2	3	1
20	Цепь	2	3	1
1	Задний	1	3	1
2	Передний	1	3	1
3	4х4	1	3	1
4	AWD	1	3	1
\.


--
-- Data for Name: privods_car_types; Type: TABLE DATA; Schema: public; Owner: postgres
--

COPY privods_car_types (privod_id, car_type_id) FROM stdin;
1	1
2	1
3	1
4	1
5	2
6	2
7	2
8	2
9	2
10	2
11	2
12	2
13	2
14	2
15	2
5	3
6	3
7	3
8	3
9	3
10	3
11	3
12	3
13	3
14	3
15	3
17	4
5	4
6	4
7	4
8	4
9	4
10	4
11	4
12	4
13	4
14	4
15	4
18	5
19	5
20	5
\.


--
-- Name: privods_id_seq; Type: SEQUENCE SET; Schema: public; Owner: postgres
--

SELECT pg_catalog.setval('privods_id_seq', 20, true);


--
-- Data for Name: regions; Type: TABLE DATA; Schema: public; Owner: postgres
--

COPY regions (id, name, created_by, updated_by) FROM stdin;
1	Бишкек/Чуй обл.	1	1
2	Ош обл.	1	1
3	Жалал-абад обл.	1	1
4	Баткен обл.	1	1
5	Ысык-Кол обл.	1	1
6	Нарын обл.	1	1
7	Талас обл.	1	1
8	На заказ	1	1
\.


--
-- Name: regions_id_seq; Type: SEQUENCE SET; Schema: public; Owner: postgres
--

SELECT pg_catalog.setval('regions_id_seq', 8, true);


--
-- Data for Name: source_message; Type: TABLE DATA; Schema: public; Owner: postgres
--

COPY source_message (id, category, message) FROM stdin;
1	app	Show all
2	app	Our partners
3	app	Add advertisement
4	app	Enter
5	app	Language
6	app	All markas
7	app	ID
8	app	Type ID
9	app	Year from
10	app	Year to
11	app	Price
12	app	Price to
13	app	Marka ID
14	app	Model ID
15	app	Wheel ID
16	app	Kuzov ID
17	app	Privod ID
18	app	Transmission ID
19	app	Engine ID
20	app	Engine Displacement
21	app	Color ID
22	app	State ID
23	app	Region ID
24	app	Issue Date
25	app	Run Length
26	app	Description
27	app	Premium Date
28	app	Rent
29	app	Rent Price
30	app	Created By
31	app	Updated By
32	app	Any
33	app	All models
34	app	All
35	app	All wheels
36	app	Search
37	app	Detailed search
38	app	Price from
39	app	All kuzovs
40	app	Sq Category ID
41	app	Search <span style="color:orange;" class="fa fa-angle-double-right fa-lg">
42	app	Moto Type ID
43	app	All moto types
44	app	All categories
45	app	Save
46	app	Close
47	app	SQ Category ID
48	app	Created At
49	app	Updated At
50	app	Марка
51	app	КПП
52	app	Цвет
53	app	Модель
54	app	Руль
55	app	Регион
56	app	Год от
57	app	Год до
58	app	Двигатель
59	app	Кузов
60	app	Тип
61	app	Категория
62	value	Acura
63	value	Alfa Romeo
64	value	Aston Martin
65	value	Audi
66	value	Bentley
67	value	BMW
68	value	Bugatti
69	value	Автомат
70	value	Вариатор
71	value	Механика
72	value	Типтроник
73	value	Бежевый
74	value	Белый
75	value	Оранжевый
76	value	Левый
77	value	Правый
78	value	Бишкек/Чуй обл.
79	value	Ош обл.
80	value	Жалал-абад обл.
81	value	Баткен обл.
82	value	Ысык-Кол обл.
83	value	Нарын обл.
84	value	Талас обл.
85	value	На заказ
86	value	Бензин
87	value	Дизель
88	value	Бензин/Газ
89	value	Прочее
90	value	Внедорожник
91	value	Купе
92	value	Минивен
93	value	Пикап
94	value	Седан
95	value	Универсал
96	value	Хетчбек
97	app	Bus model
98	app	Bus models
99	app	Lorry model
100	app	Lorry models
101	app	Motocycle model
102	app	All lorry models
103	value	1 тип
104	value	2 тип
105	value	1 категория
106	value	2 категория
107	app	Special equipment model
108	app	All special equipment models
109	value	 Acura
110	value	 Alfa Romeo
111	value	 Aston Martin
112	value	 Audi
113	value	 Bentley
114	value	 BMW
115	value	 Bugatti
116	app	All motocycle models
117	app	Registration/Enter
118	app	If you have account
119	app	email
120	app	password
121	app	rememberMe
122	app	forgotPassword
123	app	Login
124	app	if you dont yet registered
125	app	Individual client
126	app	Legal client
127	app	fio
128	app	mobilePhone
129	app	password_repeat
130	app	using_rules
131	app	I accept using conditions
132	app	I agree with the
133	app	Terms of use
134	app	Signup
135	app	companyName
136	app	workPhone
137	app	Баннеры
138	app	Main page
139	app	Search results page
140	app	Add advertisement page
141	app	Login page
142	app	Тарифы
143	app	Отчеты
144	app	Платеж
145	app	Офисы
146	app	Пользователи
147	app	Партнеры
148	app	Справочники
149	app	Модель машины
150	app	Кузовы
151	app	Привод
152	app	Мотор
153	app	Комплектация
154	app	Save changes
155	app	Cancel
156	app	Markas
157	app	Create {modelClass}
158	app	Car Type
159	app	Name
160	app	Privods
161	app	User Profiles
162	app	New user
163	app	Fio
164	app	Email
165	app	Phone
166	app	Password
167	app	Password_repeat
168	app	Role
169	app	Status
170	app	Office
171	app	Select office ...
172	app	Administrator
173	app	Main cashier
174	app	Cashier
175	app	Select role ...
176	app	Active
177	app	Inactive
178	app	Select status ...
179	app	Block
180	app	Show detail
181	app	Created at
182	app	Issue date
183	app	Cars list
184	app	Cars
185	app	Settings
186	app	Refill balance
187	app	Your account number
188	app	Your balance
189	app	сом
190	app	Auto
1492	value	AR1
1493	value	Передний
1494	value	Отличное
1495	value	Авт.печь (webasto)
1496	value	Бортовой компьютер
1497	value	Датчик дождя
1498	value	Иммобилайзер
1499	value	Кондиционер
1500	value	Ксенон
1501	value	Люк
1502	value	Мультируль
1503	value	Навигационная система
1504	value	Омыватель фар
1505	value	Сигнализация
1506	value	Система курсовой стабилизации (ESP)
1507	value	Центральный замок
1508	value	Электростеклоподъемники
1509	value	Салон – велюр/ кожа/ комбинированный/ ткань
1511	value	Парктроник
1532	value	4х4
1552	value	114
1553	value	Свежее
1554	value	EBD
1555	value	ESP
1556	value	ГУР
1557	value	Датчик света
1558	value	Климат-контроль
1559	value	Круиз-контроль
1560	value	Тонировка
1561	value	Электрозеркала
1562	value	Подогрев сидений
1564	value	MDX
1574	app	Activate
1665	value	Arnage
1666	value	Среднее
3685	value	Blazer
3760	value	Grand voyager
3810	value	TH
1453	app	Incorrect email or password.
1338	app	Are you sure you want to delete this item?
862	app	Select
983	app	Create
3958	value	CAT
4009	value	AS
4083	value	Escalade
4132	value	Caprice
1598	app	Admin panel
1600	app	Create Post
1602	app	In archive (Upping)
4181	value	Daytona
1690	app	Виды транспорта
1692	app	You must be authenticated to made comment.
1694	app	Car Types
4454	value	FGH
245	app	Contact
246	app	Posts
247	value	8C
248	value	Задний
249	value	Хорошее
250	app	Complectation
251	value	ABS
252	value	SRS
253	value	Камера заднего вида
254	value	Корректор фар
255	value	Легкосплавные диски
256	value	Фаркоп
257	value	Электропакет
258	value	Полная комплектация
259	app	Additional information
260	app	Premium
261	app	Dear
262	app	Edit
263	app	Delete
264	app	Upping
265	app	Comments
266	app	Car ID
267	app	User ID
268	app	Сообщение
269	app	Message
270	app	Post comment
271	value	condition
272	app	Уважаемый
273	app	Edit user profile
274	app	Update
275	app	Change user password
276	app	Change password
277	app	Current password
278	app	Old Password
279	app	New Password
280	app	Repeat Password
281	app	New password
282	app	Repeat new password
283	app	How to refill balance / Terms of extention
284	app	Update {modelClass}: 
285	app	Change data
286	app	Select ...
287	app	Select...
288	app	*Max 500 characters
289	app	Save and Edit images
290	app	Edit pictures
291	app	Filename
292	app	Extension
293	app	Main picture
294	app	*Max allowed pictures count
295	app	Complete
5681	value	DB
6494	value	KGS
6577	value	Alfa 145
296	value	Condition
297	app	Features
298	app	Similar listings
299	app	Partners
300	app	Create Partner
301	app	Creating New Partner
302	app	Title
303	app	Image
304	app	Url
305	app	Tarrifs
306	app	Create Tarrif
307	app	Creating New Tarrif
308	app	Day Count
309	app	Complete Sets
310	app	Clients
311	app	Individual
312	app	Company
313	app	Filter
314	app	Reset
315	app	Offices
316	app	Address
317	app	Users
318	app	Client profile
319	app	Client ID
320	app	Employee ID
321	app	Amount
322	app	Type
323	app	Счет пополнен на сумму {0} сом
324	app	Engines
325	app	Colors
326	app	Banners
327	app	Page
328	app	Order
329	zelenin/modules/i18n	Translations
330	zelenin/modules/i18n	Translated
331	zelenin/modules/i18n	Not translated
332	zelenin/modules/i18n	ID
333	zelenin/modules/i18n	Category
334	zelenin/modules/i18n	Message
335	zelenin/modules/i18n	Translation status
336	zelenin/modules/i18n	Update
337	zelenin/modules/i18n	Source message
338	zelenin/modules/i18n	Language
339	zelenin/modules/i18n	Translation
340	zelenin/modules/i18n	Updated
341	app	Changes successfully saved
1510	app	Опубликовать
3959	value	DER
7483	value	2356
7484	value	Ремень
7485	value	Галогенные фары
7486	value	Прямоток
7528	value	Гидроборт
7529	value	Гидромолот
7530	value	Полный привод
7531	value	Гусеницы
7555	value	32v
9112	value	test
9150	value	Loading capacity
9151	value	тонн
1691	app	Loading capacity
1693	app	Не найден текст
1695	value	Buick
4280	value	Aspen
4330	value	C2
10200	value	Murano
7856	value	Canter 
2454	value	Городской
2455	value	Междугородный
2456	value	Пригородный
2457	value	Специальный
5140	value	 Fiat
5141	value	 Ford 
5142	value	 GMC
7857	value	Capri 
1718	value	 Buick
984	app	Car Models
985	app	Seria
986	app	Is Seria
1563	app	Upping updated
1719	value	 Cadillac
1720	value	 Chevrolet
1721	value	Asia 
1722	value	Daewoo 
1723	value	Daihatsu 
1724	value	DAF
1725	value	DongFeng 
1726	value	Drögmöller
1727	value	EOS
1575	value	tests
1576	value	testav
1577	value	testav1
1578	value	testg
1579	value	testm
1728	value	Evobus
1729	value	Fiat
1730	value	Ford
1731	value	Golden Dragon 
1732	value	Higer 
1733	value	Hyundai 
1734	value	Ikarbus 
1735	value	Ikarus 
1736	value	Isuzu 
1599	app	Платежи
1601	app	Show Banner Detail
1603	app	Texts
1737	value	IVECO 
1738	value	JAC 
1739	value	Karosa 
1740	value	Kia 
1741	value	King Long 
1742	value	MAN 
1743	value	Mercedes-Benz 
1744	value	Mitsubishi 
1745	value	Mudan 
1746	value	Neoplan 
1747	value	Nissan
1748	value	Renault 
1622	app	Create Text
1623	app	English
1624	app	Russian
1625	app	Kyrgyz
1626	app	Post ID
1627	app	Lang
1628	app	Body
1749	value	Scania 
1750	value	Setra 
1751	value	Shen Long 
1752	value	Ssang Yong 
1753	value	TAM 
1754	value	Tata 
1755	value	Temsa 
1756	value	Toyota 
1757	value	Vanhool 
1758	value	Volkswagen 
1759	value	Volvo 
1760	value	Yutong 
1761	value	Zhong Tong 
1762	value	Zonda 
1763	value	БАЗ
1764	value	Богдан 
1765	value	Волжанин 
1766	value	ГАЗ 
7858	value	Carens 
1767	value	ГолАЗ 
1768	value	ЗИЛ 
1769	value	КАвЗ 
1770	value	КамАЗ 
1771	value	Кубань 
1772	value	ЛАЗ 
1773	value	ЛиАЗ 
1774	value	МАЗ 
1775	value	МАРЗ 
1776	value	НефАЗ 
1777	value	ПАЗ 
1778	value	РАФ 
1779	value	РоАЗ 
1780	value	СЕМАР 
1781	value	Урал 
1782	value	Прочие
1783	value	Avia 
1784	value	Barkas 
1785	value	BAW 
1786	value	Bremach 
1787	value	CAMC 
1788	value	Caterpillar 
1789	value	Chevrolet 
1790	value	Citroen 
1791	value	Daihatsu
1792	value	DAF 
1793	value	Dongfeng 
1794	value	Eagle 
1795	value	ERF 
1796	value	FAW 
1797	value	Fiat 
1798	value	Ford 
1799	value	Forland 
1800	value	Foton 
1801	value	Freightliner 
1802	value	GMC 
1803	value	Groz 
1804	value	Hania 
1805	value	Hino 
1806	value	Howo 
1807	value	Huanghai 
1808	value	IFA 
1809	value	International 
1810	value	Iveco 
1811	value	Jelcz 
1812	value	JMC 
1813	value	Kenworth 
1814	value	KIA 
1815	value	Komatsu
1816	value	LDV 
1817	value	LIAZ 
1818	value	Mack 
1819	value	Magnum 
1820	value	Mazda 
1821	value	Nissan 
1822	value	Opel 
1823	value	Peterbilt 
1824	value	Peugeot 
1825	value	Robur 
1826	value	Sinotruck 
1827	value	Skoda 
1828	value	Steyr 
1829	value	Suzuki
1830	value	Tatra 
1831	value	Yuejin 
1832	value	Zuk 
1833	value	БЕЛАЗ 
1834	value	ЗАЗ 
1835	value	ЗИС 
1836	value	КАЗ 
1837	value	КРАЗ 
9660	value	 УАЗ
9661	value	ЛУАЗ 
1840	value	УРАЛ 
3710	value	Пазик
4230	value	Roadmaster
4479	value	200
7487	value	Кардан
2651	app	Sq Categories
2652	app	Create Sq Category
2729	value	Автовышка
2730	value	Бензовоз
2731	value	Бетононасос 
2732	value	Бетоносмеситель 
2733	value	Бульдозер 
2734	value	Газозаправщик
2735	value	Горнодобывающий
2736	value	Грейдер
2737	value	Дорожная 
2738	value	Коммунальная 
2739	value	Кран 
2740	value	Погрузчик 
2741	value	Прицеп
2742	value	Сельхозтехника 
2743	value	Спецавтомобили 
2744	value	Строительная
2745	value	Трактор 
7488	value	Цепь
1867	value	Cadillac
1868	value	Chevrolet
1869	value	Adler 
1870	value	Adly 
1871	value	Aeon 
1872	value	Aermacchi 
1873	value	AJS 
1874	value	Alesin 
1875	value	Alfa 
1876	value	Alfamoto 
1877	value	AlphaSports 
1878	value	ALX 
1879	value	American Iron Horse 
1880	value	Aprilia 
1881	value	Arctic Cat 
1882	value	Ardie 
1883	value	Ardis 
1884	value	Argo 
1885	value	Armada 
1886	value	ArmadaMoto 
1887	value	ATK 
1888	value	Augusta 
1889	value	Azel 
1890	value	BamX 
1891	value	Baotian 
1892	value	Bashan 
1893	value	Benelli 
1894	value	Blata 
1895	value	BMW 
1896	value	Bombardier 
1897	value	Boss Hoss 
1898	value	BSA 
1899	value	Buell 
1900	value	BV 
1901	value	Cagiva 
1902	value	Can-Am 
1903	value	CCM 
1904	value	Cectek 
1905	value	Cezeta 
1906	value	CF Moto 
1907	value	Corrado 
1908	value	CPI 
1909	value	CZ 
1910	value	Daelim 
1911	value	Defiant 
1912	value	Derbi 
1913	value	Diamo 
1914	value	DKW 
1915	value	Ducati 
1916	value	E-max 
1917	value	Eriskay 
1918	value	Factory Bike 
1919	value	Fada 
1920	value	Fantic 
1921	value	Flybo 
1922	value	Forsage 
1923	value	Fosti 
1924	value	Futong 
1925	value	G-max 
1926	value	G&A 
1927	value	GAS GAS 
1928	value	Generic 
1929	value	Genuine Scooter 
1930	value	Geon 
1931	value	Gilera 
1932	value	Harley-Davidson 
1933	value	Hero Honda 
1934	value	Highland 
1935	value	Hisun 
1936	value	Honda 
1937	value	Husqvarna 
1938	value	Hyosung 
1939	value	Italjet 
1940	value	Jawa 
1941	value	Kawasaki 
1942	value	Keeway 
1943	value	KTM 
1944	value	Kymco 
1945	value	Lantana 
1946	value	Leopard 
1947	value	Liberty GMG
1948	value	Lifan 
1949	value	NWS 
1950	value	Piaggio 
1951	value	Polaris 
1952	value	Racer 
1953	value	Sabur 
1954	value	Sachs 
1955	value	Segway 
1956	value	Simson 
1957	value	Ski Doo 
1958	value	Skymoto 
1959	value	Speed Gear 
1960	value	Spirit 
1961	value	Sport Energy 
1962	value	Stinger 
1963	value	Suzuki 
1964	value	Tiger 
1965	value	Triumph 
1966	value	Truva 
1967	value	Victory 
1968	value	Viper 
1969	value	Yamaha 
1970	value	Zongshen 
1971	value	Zundapp 
1972	value	Акула 
1973	value	Днепр 
1974	value	ИЖ 
1975	value	Карпаты 
1976	value	Минск 
1977	value	Рига 
1978	value	Тайга 
1979	value	Тула 
1980	app	Regions
1981	value	Agricola 
1982	value	Agrifac 
1983	value	AGT 
1984	value	Aichi 
1985	value	Airman 
1986	value	Akros 
1987	value	Amazone 
1988	value	Amco Veba 
1989	value	Ammann 
1990	value	Anna 
1991	value	Armadillo 
1992	value	Atlas  
1993	value	Balkancar 
1994	value	Baoli 
1995	value	Bauer 
1996	value	BKS 
1997	value	Bobcat 
1998	value	Bomag 
1999	value	Boschung 
2000	value	Brinkmann 
2001	value	BT 
2002	value	Carmix 
2003	value	CARRY 
2004	value	Case 
2005	value	Cheng Gong 
2006	value	Cifa 
2007	value	Claas 
2008	value	Daimler 
2009	value	Dalian 
2010	value	Denmark 
2011	value	Detva 
2012	value	DitchWitch 
2013	value	Doosan 
2014	value	Dressta 
2015	value	Dynapac 
2016	value	Eder 
2017	value	FAW
2018	value	Fendt 
2019	value	Fortschritt 
2020	value	Franz Kleine
2021	value	Fuchs 
2022	value	Furukawa 
2023	value	Geringhoff 
2024	value	Green Plain 
2025	value	Gregoire Besson
2026	value	Grimme 
2027	value	Grove 
2028	value	Hamm 
2029	value	Hanix 
2030	value	Hanomag 
2031	value	Heli 
2032	value	Hiab 
2033	value	HIDROMEK 
2034	value	Hinomoto 
2035	value	Hitachi 
2036	value	Holmer 
2037	value	Hyster 
2038	value	IHI 
2039	value	Iseki 
2040	value	JCB 
2041	value	John Deere 
2042	value	Kalmar 
2043	value	Kato 
2044	value	Kioti 
2045	value	Kleine 
2046	value	Kobelco 
2047	value	Komatsu 
2048	value	Kubota 
2049	value	Lamborghini 
2050	value	Landini 
2051	value	Laverda 
2052	value	Lemken 
2053	value	Liebherr 
2054	value	Linde 
2055	value	LiuGong 
2056	value	Locust 
2057	value	Makita 
2058	value	Manitou 
2059	value	Massey Ferguson 
2060	value	Matrot 
2061	value	Meller 
2062	value	Mercedes 
2063	value	Merlo 
2064	value	Multicar 
2065	value	Neuson 
2066	value	New Holland 
2067	value	NYK 
2068	value	O&K 
2069	value	Palesse 
2070	value	PPM 
2071	value	Putzmeister 
2072	value	Shandong 
2073	value	Shinko 
2074	value	Skid loader 
2075	value	Stalowa Wola 
2076	value	STILL 
2077	value	Struik
2078	value	Sumitomo 
2079	value	Svetruck 
2080	value	TA-NO 
2081	value	Tadano 
2082	value	Sampo Rosenlew 
2083	value	Sany 
2084	value	Schaeff 
2085	value	Schwing 
2086	value	Sennebogen 
2087	value	Takeuchi 
2088	value	TCM 
2089	value	Terex 
2090	value	TIGARBO 
2091	value	Unic 
2092	value	Valmet 
2093	value	Vermeer 
2094	value	Vervaet 
2095	value	Vibromax 
2096	value	Vogele 
2097	value	ВС 
2098	value	Wecan 
2099	value	Wirtgen 
2100	value	XCMG 
2101	value	Yale 
2102	value	Yanmar 
2103	value	Zeppelin 
2104	value	АГП 
2105	value	АПТЛ 
2106	value	АТЕК 
2107	value	БАТ 
2108	value	Беларус 
2109	value	БК 
2110	value	Борэкс 
2111	value	БТМ 
2112	value	БТР 
2113	value	ВТЗ 
2114	value	ДОН 
2115	value	ДТ 
2116	value	ДЗ 
2117	value	АП 
2118	value	АПТ 
2119	value	Карпатец 
2120	value	КБ 
2121	value	КГ 
2122	value	Кировец 
2123	value	КК 
2124	value	КМЗ 
2125	value	КП 
2126	value	КС 
2127	value	КТА 
2128	value	Кыргызстан 
2129	value	Львовский 
2130	value	МКГ 
2131	value	МоАЗ 
2132	value	МТЗ 
2133	value	Нива 
2134	value	ПБУ 
2135	value	ПЗМ 
2136	value	РДК 
2137	value	СКГ 
2138	value	ТМК 
2139	value	ТВ 
2140	value	ВПС 
2141	value	ВТ 
2142	value	ХТЗ 
2143	value	ЭО 
2144	value	ЭОВ 
2145	value	ЮМЗ 
2146	value	 Chrysler
2147	value	Chrysler
2148	value	 Citroen
2612	app	Категория спец. техн.
5706	value	dfds
5989	app	The requested page does not exist or was deleted
6258	value	840
7489	value	Багажный кофр
7169	value	Kam
7204	value	Alfa 146
7205	value	Alfa 147
7206	value	Alfa 149
7207	value	Alfa 155
7208	value	Alfa 156
7209	value	Alfa 159
7210	value	Alfa 164
7211	value	Alfa 166
7212	value	Alfa 33
7213	value	Alfa 75
7214	value	Alfa 90
7215	value	Alfasud
7216	value	Alfetta
7217	value	Brera
7218	value	Crosswagon
7219	value	Giulia
7220	value	Giulietta
7221	value	GT
7222	value	GTV
5143	value	 Honda
5144	value	 Hummer
5145	value	 Hyundai
5146	value	 Infinity
5147	value	 Isuzu
5148	value	 Iveco
2458	value	Туристический
2459	value	Школьный
5149	value	 Jaguar
5150	value	 Jeep
7223	value	Junior
2185	value	 Daewoo
7224	value	MiTo
7225	value	Spider
7226	value	Sprint
7490	value	Ветровое стекло
6126	value	Sd
2746	value	Цементовоз
2747	value	Эвакуатор
2748	value	Экскаватор 
7491	value	Кик стартер
7492	value	Крашпеды
7493	value	Тюнинг
7494	value	Электростартер
7532	value	BB
2199	value	Citroen
2200	value	Daewoo
7556	value	32watt
9662	value	УАЗ 
10201	value	Murciélago
10202	value	MUSSO
10203	value	MX-3
10204	value	MX-5
10205	value	MX-6
10206	value	Nano
10207	value	Navara
10208	value	Navigator
10209	value	New Beetle
2212	app	Select or create new color ...
2213	app	Use commas to separate color names
2214	app	Wheels
2215	app	Select or create new wheel ...
2216	app	Use commas to separate wheels names
2217	app	Select or create new engine ...
2218	app	Use commas to separate engines names
2219	app	Kuzovs
2220	app	Select or create new kuzov ...
2221	app	Use commas to separate kuzov names
2222	app	Select or create new privods ...
2223	app	Use commas to separate privods names
2224	app	Transmissions
2225	app	Select or create new transmissions ...
2226	app	Use commas to separate transmission names
2227	app	Select or create new complete-set ...
2228	app	Use commas to separate complete-sets names
2229	value	Красный
2230	value	Желтый
2231	value	Зеленый
10210	value	Nitro
10211	value	Niva
10212	value	Note
10213	value	Nova
10214	value	NV200
10215	value	Octavia
2232	value	Золотой
2233	value	Коричневый
2234	value	Пурпурный
2235	value	Розовый
2236	value	Серебряный
2237	value	Серый
2238	value	Синий
2239	value	Черный
2240	value	ПРАВЫЙ
2872	value	Багги 
2873	value	Вездеход 
2874	value	Велосипед 
2875	value	Квадроцикл 
2876	value	Мопед
2877	value	Мотоцикл 
2878	value	Скутер 
2879	value	Снегоход 
3735	value	ES
3785	value	ALLROAD
4255	value	Veyron
4305	value	CTS
4504	value	Turbo R
2972	app	Переводы
5114	value	Dodge
5115	value	Ferrari
5151	value	 Kia
5152	value	 Lada
5153	value	 Lamborghini
5154	value	 Land rover
5155	value	 Lexus
5156	value	 Lincoln
5157	value	 Mahindra
5158	value	 Maserati
5159	value	 Maybach
5160	value	 Mazda
5161	value	 Mercedes
5162	value	 MG
5163	value	 Mini
5164	value	 Mitsubishi
5165	value	 Nissan
5166	value	 Opel
5167	value	 Peugeot
5168	value	 Pontiac
5169	value	 Porsche
4058	value	Seville
5170	value	 Proton
5171	value	 Renault
5172	value	 Rolls Royce
5173	value	 Rover
5174	value	 Saab
5175	value	 Seat
5176	value	 Skoda
5177	value	 Smart
5178	value	 Ssangyong
5179	value	 Subaru
5180	value	 Suzuki
5181	value	 Tata
5182	value	 Toyota
2290	value	Автовоз
2291	value	Автотопливозаправщик
2292	value	Автоцистерна
2293	value	Бортовой грузовик
2294	value	Вакуумная машина
2295	value	Вахтовый
2296	value	Для перевозки скота
2297	value	Изотермический кузов
2298	value	Контейнеровоз
2299	value	Лесовоз
2300	value	Плетевоз
2301	value	Рефрижератор
2302	value	Рыбовоз
2303	value	Самосвал
2304	value	Тент
2305	value	Термокузов
2306	value	Трубовоз
2307	value	Фургон
2308	value	Шасси
2309	value	Другое
3542	value	Kamaz
3543	value	6x2
3544	value	Подушка безопасности
3545	value	Магнитола
3546	value	ESP (Сис. Курс. стабилизации)
5183	value	 VW
5184	value	 Volvo
5185	value	 ВАЗ
5186	value	 ГАЗ
5187	value	 ЗАЗ
5188	value	 ЗИЛ
5189	value	 ИЖ  
9663	value	УАЗ
5191	value	 Москвич
5192	value	 Прочие
5457	value	 ВАЗ(Lada)
6523	app	Too many pictures uploaded. No more than 10
6524	app	Not more than 4MB
10216	value	Odyssey
10217	value	Omega
10218	value	ONE
10219	value	Opirus
10220	value	Orion
3909	value	Sino
10221	value	OUTBACK
10222	value	Outlander
10223	value	P 1400
2749	value	Бензин/Электро
10224	value	Pajero
10225	value	Pajero Pinin
10226	value	Panamera
10227	value	Panda
10228	value	Park Ward
10229	value	Partner
10230	value	Partner Tepee
10231	value	Paseo
10232	value	Passat CC
10233	value	Pathfinder
5034	value	 Dodge
10234	value	Patrol
10235	value	Phaeton
10236	value	Phantom
10237	value	Picanto
10238	value	Pick-up
10239	value	PickUp
10240	value	PICK UP
6098	value	EB 110
10241	value	Pick Up Sportscap
7170	value	500
10242	value	Picnic
10243	value	Pixo
10244	value	Polar
10245	value	Pony
10246	value	Prairie
10247	value	Prelude
10248	value	Premacy
10249	value	Previa
10250	value	Pride
10251	value	Primastar
7859	value	Cargo 
7860	value	Carisma 
7861	value	Carnival 
7862	value	Carrera GT 
7863	value	Cavalier 
7864	value	Cayenne 
7865	value	Cayman 
10252	value	Primera
10253	value	Priora
10254	value	Prius
10255	value	Probe
10256	value	Pro cee'd
10257	value	Protege
10258	value	Punto
10259	value	Punto Evo
2880	value	Электро
2881	value	Гибрид
3500	value	RtS
3501	value	4x4
3502	value	Новая резина
3503	value	Гидроусилитель руля
3504	value	Горный тормоз
3505	value	EBS
3506	value	ESP (Сист. курс. стабилизации)
2787	app	Типы мотоциклов
2788	app	Moto Types
2789	app	Create Moto Type
4008	value	DF
5458	value	ВАЗ(Lada)
5483	value	 Valetta
6814	value	100
7153	value	80
7154	value	90
7155	value	A1
7156	value	A2
7157	value	A3
7158	value	A4
7159	value	A6
7160	value	B4
7161	value	C4
7162	value	Q3
7163	value	Q5
7164	value	Q7
7165	value	TT
7166	app	в сомах
7509	value	56
9664	value	1000
9665	value	1007
9666	value	100 NX
9667	value	104
9668	value	105
9669	value	106
5193	value	GMC
5194	value	Honda
5195	value	Hummer
5196	value	Hyundai
5197	value	Infinity
5198	value	Isuzu
5199	value	Iveco
3611	value	Continental
5200	value	Jaguar
5201	value	Jeep
5202	value	Kia
5203	value	Lada
5204	value	Lamborghini
2973	value	A8
2974	value	Салон – велюр
2975	value	Салон – кожа
2976	value	Салон – комбинированный
2977	value	Салон – ткань
2978	value	ASR (Антипробукс. система)
3019	value	DB7
5205	value	Land rover
3644	value	Airbag
3645	value	Спальник
3646	value	Телевизор
3647	value	Холодильник
3648	value	Противотуманки
3649	value	4x2
3650	value	6x4
3651	value	6x6
3652	value	8x2
3653	value	8x4
3654	value	8x6
3655	value	8x8
3656	value	10x6
3657	value	10x10
3658	value	Битый
3659	value	Новый
3660	value	Требует ремонта
5206	value	Lexus
5207	value	Lincoln
5208	value	Mahindra
5209	value	Maserati
5210	value	Maybach
5211	value	Mazda
5212	value	Mercedes
5213	value	MG
5214	value	Mini
5215	value	Mitsubishi
3835	value	LK
3860	value	Fen
5216	value	Opel
4355	value	GTR
4380	value	SD
4405	value	SAD
4625	value	 Daihatsu
5217	value	Peugeot
5218	value	Pontiac
5219	value	Porsche
5220	value	Proton
5221	value	Renault
5222	value	Rolls Royce
5223	value	Rover
5224	value	Saab
5225	value	Seat
5226	value	Skoda
5227	value	Smart
5228	value	Ssangyong
5229	value	Subaru
5230	value	Tata
5231	value	Toyota
5232	value	VW
5233	value	Volvo
5234	value	ВАЗ
5235	value	ГАЗ
5236	value	ЗАЗ
5237	value	ЗИЛ
5238	value	ИЖ  
9670	value	107
5240	value	Москвич
5035	value	 Ferrari
9671	value	1102 Таврия
9672	value	1103 Славута
9673	value	1105
9674	value	110557 Пикап
6630	value	1er M
6099	value	AWD
9675	value	111
9676	value	1125
5556	value	руль
5557	value	привод
5558	app	Upping failed
5559	app	Logout
9677	value	1140
9678	value	115
9196	value	89
9679	value	117
9680	value	120
9681	value	121
9682	value	124
9683	value	126
9684	value	130
9685	value	1300
9686	value	131
9687	value	135
9688	value	181
9689	value	190
9690	value	200 SX
9691	value	204
7866	value	C-Crosser
7867	value	cee'd 
7868	value	cee'd sw 
7869	value	CE-Klasse 
7870	value	Century
7871	value	Cerato
7872	value	Challenger 
7873	value	Charade 
7874	value	Charger 
7875	value	Charmant 
7876	value	Cherokee 
9692	value	205
9693	value	206
9694	value	207
9695	value	208
9696	value	21
9697	value	2101
9698	value	2102
9699	value	2103
7167	app	You have unsaved images. Continue anyway?
7168	app	Select pictures to upload
7196	value	Integra
7197	value	NSX
7198	value	RDX 
7199	value	RL
7200	value	RSX
7201	value	TL
7202	value	TSX
7203	value	ZDX
7252	value	Azure
7253	value	Brooklands
7254	value	Eight
7255	value	Mulsanne
7256	value	Turbo RT
7257	value	Turbo S
9134	value	л.
9166	value	Lorry
9700	value	2104
9701	value	2105
9702	value	2106
9703	value	2107
9704	value	2108
9705	value	2109
9706	value	2110
9707	value	2115
6389	value	2002
9708	value	2121
9709	value	2125 Комби
9710	value	21261 Фабула
9711	value	2126 Ода
9712	value	213
9713	value	214
9714	value	2140
9715	value	2141
9716	value	216
9717	value	218
9718	value	224
9719	value	228
9720	value	230
9721	value	24
9722	value	240
9723	value	240 SX
9724	value	2410
9725	value	244
9726	value	245
9727	value	246
9728	value	25
9729	value	250
9730	value	260
9731	value	262
9732	value	264
7648	value	100 
6153	value	Sda
5632	app	Фото
7649	value	1000 
7650	value	1007 
7651	value	100 NX 
7652	value	104 
7653	value	106 
7654	value	107 
7655	value	111 
7656	value	114 
7657	value	115 
7658	value	121 
7659	value	124 
7660	value	126 
7661	value	127
7662	value	130 
7663	value	1300 
7664	value	131 
7665	value	190  
7666	value	2 
7333	value	truck
7334	value	1255
7335	value	Sad
7336	value	12
7667	value	200 
7668	value	200  
7669	value	200 SX 
7670	value	204 
7671	value	205 
7672	value	206 
7673	value	207 
7674	value	208 
7675	value	213 
6735	value	235
7676	value	214 
7677	value	216 
7678	value	218 
7679	value	220
7680	value	220  
7681	value	222
7682	value	224 
7683	value	228 
7684	value	230  
7685	value	240  
7686	value	240 SX 
7687	value	246 
7688	value	25 
7689	value	250 
7690	value	250  
7691	value	260 
7362	value	2500
7363	value	Alero
7364	value	Astro
7365	value	Avalanche
7366	value	Aveo
7367	value	Beretta
7368	value	C1500
7369	value	Camaro
7370	value	Captiva
7371	value	Cavalier
7372	value	Chevelle
7373	value	Chevy Van
7374	value	Citation
7375	value	Colorado
7376	value	Corsica
7377	value	Cruze
7378	value	El Camino
7379	value	Epica
7380	value	Evanda
7381	value	Express
7382	value	G
7383	value	HHR
7384	value	Impala
7385	value	K1500
7386	value	K30
7387	value	Kalos
7388	value	Lacetti
7389	value	Lumina
7390	value	Malibu
7391	value	Matiz
7392	value	Nubira
7393	value	Orlando
7394	value	Rezzo
7395	value	S-10
7396	value	Silverado
7397	value	Spark
7398	value	SSR
7399	value	Suburban
7400	value	Tahoe
7401	value	Trailblazer
7402	value	Trans Sport
7403	value	Venture
7404	value	Volt
7692	value	 270  
7693	value	275 
7694	value	280 
7695	value	280 ZX
7696	value	288 
7697	value	 290  
7698	value	2CV
7699	value	3 
7700	value	300  
7701	value	3000 GT 
7702	value	3008 
7703	value	300C
7704	value	300M
7705	value	300 series 
7706	value	 300 ZX 
7707	value	304 
7708	value	305 
7709	value	306 
9733	value	270
9734	value	2715
9735	value	2717
9736	value	27171
9737	value	275
9738	value	280
9739	value	288
9740	value	290
9741	value	3
9742	value	300
9743	value	3000 GT
7524	value	AA
7525	value	Гидравлические опоры
7526	value	Грейферная гидравлика
7527	value	Электролебедка
7554	value	QWE
9135	value	км
9744	value	3008
9745	value	300 series
9746	value	300 ZX
9747	value	304
9748	value	305
9749	value	306
9750	value	307
9204	value	Ewe
9751	value	309
9752	value	31029
9753	value	3110
9754	value	320
9755	value	3200
7710	value	307 
7711	value	308
7712	value	308 
7713	value	309 
7714	value	320  
7715	value	3200 
7430	value	123
7716	value	323 
7717	value	328 
7718	value	330 
7719	value	348 
7720	value	350  
7721	value	350Z 
7722	value	356
7723	value	360
7724	value	365 
7725	value	370Z 
7726	value	380  
7727	value	400 
7728	value	4007 
7729	value	4008 
7730	value	400 series 
7731	value	404 
7732	value	405 
7733	value	406 
7734	value	407
7735	value	412 
7736	value	414 
7737	value	 416  
7738	value	416 
7739	value	418 
7740	value	420
7456	value	RTE
7457	value	TRE
7741	value	420 
7742	value	420  
7743	value	4200 
7744	value	422
7745	value	 424 
7746	value	430 
7747	value	45 
7748	value	450  
7749	value	456 
7750	value	458 
7751	value	5 
7752	value	500 
7753	value	 5008 
7754	value	504 
7755	value	505 
7756	value	508 
7757	value	512 
7758	value	550 
7759	value	 560  
7760	value	57
7761	value	575 
7762	value	599 GTB
7763	value	6 
7764	value	600 
7765	value	6000 
7766	value	604 
7767	value	605 
7768	value	607 
7769	value	 612
7770	value	618 
7771	value	62
7772	value	620
7773	value	623 
7774	value	626 
7775	value	75 
7776	value	750 
7777	value	800 
7778	value	806
7779	value	807 
7780	value	820 
7781	value	825 
7782	value	827 
7783	value	850 
7784	value	911 
7785	value	912 
7786	value	914 
7787	value	924
7788	value	928 
7789	value	929 
7790	value	944 
7791	value	959 
7792	value	962 
7793	value	968 
7794	value	Accent
7795	value	Accord 
7796	value	Aerodeck 
7797	value	Aerostar 
7798	value	Agila 
7799	value	A-Klasse 
7800	value	Allante
7801	value	Almera 
7802	value	Almera Tino 
7803	value	Alpine A110 
7804	value	Alpine A310 
7805	value	Alpine V6 
7806	value	Altima
7807	value	Ampera 
7808	value	Antara 
7809	value	Applause
7810	value	Arena 
7811	value	 Armada 
7812	value	Ascona 
7813	value	Astra 
7814	value	ASX 
7815	value	 Atos 
7816	value	Avantime 
7817	value	Avenger 
7818	value	Aventador 
7819	value	Aviator 
7820	value	AX
7821	value	Azera 
7822	value	Barchetta 
7823	value	Berlingo
7824	value	Besta
7825	value	Bipper 
7826	value	Bipper Tepee 
7827	value	Biturbo 
7828	value	B-Klasse  
7829	value	BLS
7830	value	Bluebird 
7831	value	B-Max
7832	value	Bolero 
7833	value	Bongo 
7834	value	Bonneville 
7835	value	 Borrego 
7836	value	Boxer 
7837	value	Boxster
7838	value	Brava 
7839	value	Bravo 
7840	value	 Bronco 
7841	value	B series 
7842	value	BT-50
7843	value	BX
7844	value	C1
7845	value	C3
7846	value	C3 Picasso
7847	value	C4 Picasso
7848	value	C5
7849	value	C6
7850	value	C8
7851	value	Cabstar 
7852	value	Caliber 
7853	value	Calibra 
7854	value	California 
7855	value	Campo 
9756	value	323
9757	value	328
9758	value	330
9759	value	340
7877	value	Cherry
7878	value	Cinquecento 
7879	value	Citan 
7880	value	City Rover 
7881	value	Civic 
7882	value	CJ 
7883	value	C-Klasse 
7884	value	CLA-Klasse 
7885	value	 Clarus 
7886	value	CLC-Klasse 
7887	value	Clio 
7888	value	CLK-Klasse 
7889	value	CL-Klasse 
7890	value	CLS-Klasse 
7891	value	Clubman 
7892	value	C-Max 
7893	value	Colt 
7894	value	Comanche 
7895	value	Combo
7896	value	Commander 
7897	value	Commodore 
7898	value	Compass 
7899	value	Concerto 
7900	value	Cooper 
7901	value	Cooper S
7902	value	Cooper SD 
7903	value	Copen 
7904	value	Cordia 
7905	value	Corniche 
7906	value	Corsa 
7907	value	Cosmos 
7908	value	Cougar 
7909	value	Countach 
7910	value	Countryman 
7911	value	Coupe 
7912	value	Courier 
7913	value	Croma
7914	value	Crossfire
7915	value	Crown 
7916	value	CR-V 
7917	value	CRX 
7918	value	CR-Z 
7919	value	CT 200h
7920	value	Cube 
7921	value	Cuore 
7922	value	CX
7923	value	CX-5 
7924	value	CX-7 
7925	value	CX-9 
7926	value	Cygnet
7927	value	C-Zero
7928	value	Dakota 
7929	value	Daytona 
7930	value	DB9
7931	value	DBS
7932	value	Defender 
7933	value	Demio 
7934	value	Demon
7935	value	Deville
7936	value	Diablo 
7937	value	Diamante 
7938	value	Dino 
7939	value	Dino GT4
7940	value	Diplomat 
7941	value	Discovery 
7942	value	D-Max 
7943	value	Doblo 
7944	value	DS
7945	value	DS3
7946	value	DS4
7947	value	DS5
7948	value	Ducato 
7949	value	Durango 
7950	value	Eclipse
7951	value	Econoline 
7952	value	Econovan 
7953	value	Edge 
7954	value	E-Klasse 
7955	value	Elan 
7956	value	Elantra
7957	value	Eldorado
7958	value	Electra
7959	value	Element
7960	value	Enclave
7961	value	Envoy 
7962	value	 Enzo Ferrari 
7963	value	Escape 
7964	value	Escort 
7965	value	E series 
7966	value	Espace 
7967	value	Espada 
7968	value	Espero
7969	value	ES Series 
7970	value	E-Type 
7971	value	Evasion
7972	value	EX35 
7973	value	EX37
7974	value	 Excel 
7975	value	Excursion 
7976	value	Expedition 
7977	value	Expert 
7978	value	Expert Tepee
7979	value	Explorer
7980	value	Express 
7981	value	F 150 
7982	value	F 250
7983	value	F 350 
7984	value	F355 
7985	value	F40 
7986	value	F430 
7987	value	F50 
7988	value	Fairlane
7989	value	 Falcon 
7990	value	Feroza/Sportrak
7991	value	FF
7992	value	Fiero 
7993	value	Fiesta 
7994	value	Fiorino 
7995	value	Firebird 
7996	value	Fleetwood
7997	value	Flex 
7998	value	Fluence 
7999	value	Flying Spur 
8000	value	Focus
8001	value	Focus C-Max 
8002	value	Freeclimber 
8003	value	Freelander
8004	value	Freemont 
8005	value	Frontera 
8006	value	Frontier 
8007	value	FR-V 
8008	value	Fuego 
8009	value	Fusion 
8010	value	 FX 
8011	value	G35 
8012	value	G37
8013	value	G6 
8014	value	Galant 
8015	value	Galaxy 
8016	value	Gallardo 
8017	value	Galloper 
8018	value	Gemini
8019	value	Genesis 
8020	value	Getz 
8021	value	Ghibli
8022	value	Ghost 
8023	value	G-Klasse 
8024	value	GLK-Klasse 
8025	value	GL-Klasse 
8026	value	GOA 
8027	value	Granada 
8028	value	GranCabrio 
8029	value	Grand-Am
8030	value	Grand C4 Picasso
8031	value	Grand Caravan
8032	value	Grand Cherokee
8033	value	Grand C-Max
8034	value	Grande Punto 
8035	value	Grand Espace 
8036	value	Grandeur 
8037	value	Grandis
8038	value	Grand Modus
8039	value	Grand-Prix 
8040	value	Grand Scenic 
8041	value	Gran Move 
8042	value	Gransport 
8043	value	Granturismo 
8044	value	GS
8045	value	GSA
8046	value	GS Series 
8047	value	GT 
8048	value	GTO 
8049	value	GT-R 
8050	value	GTS
8051	value	GX 460
8052	value	GX 470
8053	value	H1
8054	value	 H-1 
8055	value	H 100
8056	value	H-1 Starex
8057	value	 H2 
8058	value	H 200
8059	value	H3  
8060	value	Hijet 
8061	value	 Hornet 
8062	value	HR-V 
8063	value	 i10
8064	value	 i20
8065	value	 i30
8066	value	 i40
8067	value	 i50
8068	value	Idea
8069	value	 i-MiEV 
8070	value	Imperial
8071	value	Indy 
8072	value	Insight
8073	value	Insignia 
8074	value	 Integra 
8075	value	Interstar 
8076	value	 iOn 
8077	value	IS Series 
8078	value	 ix20
8079	value	 ix35
8080	value	 ix55
8081	value	J5 
8082	value	Jalpa
8083	value	Jazz 
8084	value	Jeep 
8085	value	John Cooper Works 
8086	value	Joice
8087	value	Journey 
8088	value	Juke
8089	value	Jumper
8090	value	Jumpy
8091	value	K2500 
8092	value	K2700 
8093	value	Ka
8094	value	Kadett 
8095	value	Kangoo 
8096	value	Karif 
8097	value	 King Cab
8098	value	Koleos
8099	value	Korando
8100	value	 Kubistar 
8101	value	Kuga 
8102	value	L200 
8103	value	L300 
8104	value	L400 
8105	value	La Crosse
8106	value	Lagonda
8107	value	 Laguna 
8108	value	Lancer 
8109	value	Lanos
8110	value	Lantra
8111	value	Latitude 
8112	value	Laurel 
8113	value	Leaf 
8114	value	Le Baron
8115	value	Leganza
8116	value	Legend 
8117	value	Leo 
8118	value	Le Sabre
8119	value	 Linea 
8120	value	LM 
8121	value	Logo 
8122	value	 LS 
8123	value	LS Series 
8124	value	LX Series 
8125	value	M30 
8126	value	M37 
8127	value	Magentis
8128	value	Manta 
8129	value	Marea 
8130	value	Marengo
8131	value	Mark
8132	value	Mascott 
8133	value	Massif
8134	value	Master 
8135	value	MATERIA
8136	value	 Matrix 
8137	value	Maverick 
8138	value	Maxima 
8139	value	Mazda2 
8140	value	Mazda3 
8141	value	Mazda5 
8142	value	Mazda6 
8143	value	MB 100 
8144	value	MC12 
8145	value	Megane 
8146	value	 Mentor 
8147	value	Merak
8148	value	Mercury
8149	value	Meriva 
8150	value	Metro 
8151	value	MGA 
8152	value	MGB 
8153	value	MGF 
8154	value	Micra 
8155	value	Midget 
8156	value	Midi 
8157	value	Millenia 
8158	value	Mini 
8159	value	Miura 
8160	value	MK II 
8161	value	ML-Klasse 
8162	value	M Models
8163	value	Modus 
8164	value	 Mondeo 
8165	value	Mondial 
8166	value	Montana 
8167	value	Montego
8168	value	Montego 
8169	value	Monterey
8170	value	Montero
8171	value	Monza 
8172	value	Movano 
8173	value	 Move 
8174	value	MPV
8175	value	 Multipla 
8176	value	Murano 
8177	value	Murciélago 
8178	value	Musso
8179	value	Mustang
8180	value	MX-3 
8181	value	MX-5 
8182	value	MX-6 
8183	value	Navara 
8184	value	Navigator 
8185	value	Nemo
8186	value	Neon
8187	value	New Yorker
8188	value	Nexia
8189	value	Nitro 
8190	value	Note 
8191	value	Nova 
8192	value	NP 300
8193	value	NV200 
8194	value	Odyssey 
8195	value	Omega 
8196	value	ONE 
8197	value	Opirus 
8198	value	Optima
8199	value	 Orion 
8200	value	Outlander 
8201	value	P 1400 
8202	value	Pacifica
8203	value	Pajero 
8204	value	Pajero Pinin 
8205	value	Palio
8206	value	Panamera 
8207	value	Panda 
8208	value	Park Avenue
8209	value	Park Ward 
8210	value	Partner 
8211	value	Partner Tepee 
8212	value	Pathfinder 
8213	value	Patriot 
8214	value	Patrol 
8215	value	Phantom 
8216	value	 Picanto 
8217	value	Pick-up 
8218	value	PickUp 
8219	value	PICK UP 
8220	value	Pick Up Sportscap 
8221	value	Pixo 
8222	value	Pony 
8223	value	Prairie 
8224	value	Pregio
8225	value	Prelude 
8226	value	Premacy 
8227	value	Pride 
8228	value	Primastar 
8229	value	Primera 
8230	value	Probe 
8231	value	Pro cee'd 
8232	value	Protege 
8233	value	PT Cruiser
8234	value	Puma
8235	value	Punto 
8236	value	Punto Evo 
8237	value	Q45 
8238	value	Qashqai 
8239	value	Qashqai+2 
8240	value	Quattroporte 
8241	value	Qubo 
8242	value	Quest 
8243	value	QX56 
8244	value	R 11 
8245	value	R 14
8246	value	R 18 
8247	value	R 19 
8248	value	R 20 
8249	value	R 21 
8250	value	R 25 
8251	value	R 30 
8252	value	R 4 
8253	value	R 5 
8254	value	R 6 
8255	value	R 9 
8256	value	RAM 
8257	value	Ranger 
8258	value	 Range Rover 
8259	value	Range Rover Evoque
8260	value	Range Rover Sport 
8261	value	Rapid 
8262	value	Rapide
8263	value	RCZ 
8264	value	Regal
8265	value	Regata 
8266	value	Rekord 
8267	value	Renegade 
8268	value	Retona 
8269	value	Reva 
8270	value	Rio 
8271	value	Ritmo 
8272	value	Riviera
8273	value	R-Klasse 
8274	value	Roadster 
8275	value	Rocky/Fourtrak
8276	value	Rocsta 
8277	value	RX-6 
8278	value	RX-7 
8279	value	RX-8 
8280	value	RX Series 
8281	value	S2000 
8282	value	Safari 
8283	value	Safrane
8284	value	Santa Fe 
8285	value	Santamo 
8286	value	Sapporo 
8287	value	Saratoga
8288	value	Saturn 
8289	value	Savana 
8290	value	SAXO
8291	value	SC 400 
8292	value	SC 430 
8293	value	Scenic 
8294	value	Scorpio 
8295	value	S-Coupe 
8296	value	Scudo 
8297	value	Sebring
8298	value	Sedici 
8299	value	Seicento 
8300	value	Senator 
8301	value	Sentra 
8302	value	Sephia 
8303	value	Serena 
8304	value	Serie I 
8305	value	Serie II 
8306	value	Serie III 
8307	value	Series 1
8308	value	Series 3
8309	value	Series 5 
8310	value	Series 6
8311	value	Series 7
8312	value	Series X 
8313	value	Series Z 
8314	value	Shamal 
8315	value	Shuma 
8316	value	Shuttle 
8317	value	Sierra 
8318	value	Sigma 
8319	value	Signum 
8320	value	Silver Cloud
8321	value	Silver Dawn 
8322	value	Silver Seraph 
8323	value	Silver Shadow 
8324	value	Silver Spirit 
8325	value	Silver Spur
8326	value	Silvia 
8327	value	Sintra 
8328	value	Sirion 
8329	value	S-Klasse 
8330	value	Skylark
8331	value	Skyline
8332	value	SLK-Klasse 
8333	value	SL-Klasse 
8334	value	SLR  
8335	value	SLS AMG  
8336	value	SM
8337	value	S-Max 
8338	value	Solstice 
8339	value	Sonata 
8340	value	Sonoma
8341	value	Sorento 
8342	value	Soul\t
8343	value	Space Gear 
8344	value	Space Runner
8345	value	Space Star 
8346	value	Space Wagon 
8347	value	Speedster
8348	value	Spider 
8349	value	Spider Europa 
8350	value	Sportage 
8351	value	Sportka
8352	value	Sprinter 
8353	value	Spyder 
8354	value	SRX
8355	value	Starion 
8356	value	Stealth 
8357	value	Stilo 
8358	value	Strada
8359	value	Stratus
8360	value	Stream 
8361	value	 Streetka 
8362	value	Streetwise 
8363	value	STS
8364	value	S-Type 
8365	value	Sunbird 
8366	value	Sunfire
8367	value	Sunny 
8368	value	Superamerica 
8369	value	Syclone 
8370	value	Tacuma
8371	value	Targa 
8372	value	Taunus 
8373	value	Taurus
8374	value	TD 
8375	value	Tempra 
8376	value	TePee
8377	value	Terios 
8378	value	Terracan 
8379	value	Terrano 
8380	value	Testarossa 
8381	value	TF 
8382	value	Thunderbird 
8383	value	Tigra 
8384	value	Tiida 
8385	value	Tipo 
8386	value	Titan 
8387	value	Tourneo 
8388	value	Town Car 
8389	value	Trade
8390	value	Trafic 
8391	value	Trajet 
8392	value	Trans Am 
8393	value	Transit 
8394	value	Trans Sport 
8395	value	Tredia 
8396	value	TREVIS 
8397	value	Tribute 
8398	value	Trooper
8399	value	Tucson 
8400	value	Twingo 
8401	value	Twizy 
8402	value	Typhoon 
8403	value	Ulysse 
8404	value	Uno 
8405	value	Urraco 
8406	value	 Urvan 
8407	value	V12 Vantage
8408	value	V8
8409	value	V8 Vantage
8410	value	Valiant
8411	value	Vandura 
8412	value	Vaneo  
8413	value	Vanette 
8414	value	Vanquish
8415	value	Vantage
8416	value	Vario  
8417	value	Vectra
8418	value	Veloster
8419	value	Vel Satis 
8420	value	Venga 
8421	value	Veracruz 
8422	value	Viano  
8423	value	Vibe 
8424	value	Viper
8425	value	Virage
8426	value	Visa
8427	value	Vision
8428	value	Vito  
8429	value	 Vivaro 
8430	value	V-Klasse 
8431	value	Volante
8432	value	Voyager
8433	value	Wagoneer 
8434	value	Willys 
8435	value	Wind 
8436	value	Windstar 
8437	value	Wrangler 
8438	value	X 1/9 
8439	value	Xantia
8440	value	Xedos 
8441	value	XF 
8442	value	XG 30 
8443	value	XG 350 
8444	value	XJ
8445	value	XJ12 
8446	value	XJ40 
8447	value	XJ6 
8448	value	XJ8 
8449	value	XJR 
8450	value	XJS 
8451	value	XJSC
8452	value	XK 
8453	value	XKR 
8454	value	XLR
8455	value	XM
8456	value	Xsara
8457	value	Xsara Picasso
8458	value	X-Trail 
8459	value	X-Type 
8460	value	YRV
8461	value	Yukon 
8462	value	Zafira 
8463	value	Zafira Tourer 
8464	value	ZOE 
8465	value	ZR 
8466	value	ZS 
8467	value	ZT 
8468	value	ZX
8469	value	Прочие 
8470	value	900 
8471	value	9000 
8472	value	9-3 
8473	value	9-4X 
8474	value	9-5 
8475	value	96 
8476	value	9-7X 
8477	value	99 
8478	value	Alhambra 
8479	value	Altea 
8480	value	Arosa 
8481	value	Cordoba
8482	value	Exeo 
8483	value	Ibiza 
8484	value	Inca 
8485	value	Leon
8486	value	Malaga 
8487	value	Marbella 
8488	value	Mii 
8489	value	Terra
8490	value	Toledo 
8491	value	105 
8492	value	120 
8493	value	135 
8494	value	Citigo 
8495	value	Fabia
8496	value	Favorit 
8497	value	Felicia 
8498	value	Forman 
8499	value	Octavia 
8500	value	Praktik
8501	value	Roomster 
8502	value	Superb 
8503	value	Yeti 
8504	value	Crossblade 
8505	value	ForFour 
8506	value	ForTwo 
8507	value	Other
8508	value	Actyon 
8509	value	Family 
8510	value	Korando 
8511	value	Kyron
8512	value	MUSSO 
8513	value	REXTON 
8514	value	Rodius 
8515	value	B9 
8516	value	Baja 
8517	value	BRZ 
8518	value	Forester 
8519	value	Impreza 
8520	value	Justy
8521	value	Tribeca 
8522	value	Legacy 
8523	value	Libero 
8524	value	OUTBACK 
8525	value	SVX 
8526	value	Trezia 
8527	value	Tribeca
8528	value	Vivio 
8529	value	XT 
8530	value	XV
8531	value	B9 Tribeca
8532	value	Alto 
8533	value	Baleno 
8534	value	Cappuccino 
8535	value	Carry 
8536	value	Grand Vitara 
8537	value	Ignis 
8538	value	Jimny
8539	value	Kizashi 
8540	value	Liana 
8541	value	LJ 
8542	value	SJ Samurai 
8543	value	Splash 
8544	value	Super-Carry 
8545	value	Swift
8546	value	SX4 
8547	value	Vitara 
8548	value	Wagon R+ 
8549	value	X-90 
8550	value	Indica 
8551	value	Indigo 
8552	value	Nano 
8553	value	Sumo
8554	value	Telcoline 
8555	value	Telcosport 
8556	value	Xenon 
8557	value	4-Runner 
8558	value	Auris 
8559	value	Avalon 
8560	value	Avensis 
8561	value	Avensis Verso 
8562	value	Aygo 
8563	value	Camry 
8564	value	Carina 
8565	value	Celica 
8566	value	Corolla 
8567	value	Corolla Verso 
8568	value	Cressida 
8569	value	Dyna
8570	value	FJ 
8571	value	GT86 
8572	value	Hiace 
8573	value	Highlander 
8574	value	Hilux 
8575	value	IQ 
8576	value	Land Cruiser 
8577	value	Lite-Ace 
8578	value	MR 2 
8579	value	Paseo 
8580	value	Picnic 
8581	value	Previa 
8582	value	Prius 
8583	value	RAV 4
8584	value	Sequoia 
8585	value	Sienna 
8586	value	Starlet 
8587	value	Supra 
8588	value	Tacoma 
8589	value	Tercel 
8590	value	Tundra 
8591	value	Urban Cruiser 
8592	value	Verso
8593	value	 Verso-S 
8594	value	Yaris 
8595	value	181 
8596	value	Amarok 
8597	value	Beetle 
8598	value	Bora 
8599	value	Buggy 
8600	value	Caddy 
8601	value	CC 
8602	value	Crafter 
8603	value	Eos 
8604	value	Fox 
8605	value	Golf 
8606	value	Golf Plus 
8607	value	Iltis
8608	value	Jetta 
8609	value	Käfer 
8610	value	Karmann Ghia 
8611	value	LT 
8612	value	Lupo 
8613	value	New Beetle 
8614	value	Passat
8615	value	 Passat CC 
8616	value	Phaeton 
8617	value	Polo
8618	value	 Routan 
8619	value	Santana 
8620	value	Scirocco 
8621	value	Sharan
8622	value	T1 
8623	value	T2 
8624	value	T3 
8625	value	T4 
8626	value	T5 
8627	value	Taro 
8628	value	Tiguan 
8629	value	Touareg 
8630	value	Touran 
8631	value	Transporter 
8632	value	up! 
8633	value	Vento 
8634	value	240 
8635	value	244 
8636	value	245 
8637	value	262 
8638	value	340 
8639	value	360 
8640	value	440 
8641	value	460 
8642	value	480 
8643	value	740 
8644	value	744
8645	value	745 
8646	value	760 
8647	value	780 
8648	value	940 
8649	value	945 
8650	value	264 
8651	value	855 
8652	value	960 
8653	value	965 
8654	value	Amazon 
8655	value	C30
8656	value	C70 
8657	value	Polar 
8658	value	S40 
8659	value	S60 
8660	value	S70 
8661	value	S80 
8662	value	S90 
8663	value	V40 
8664	value	V50 
8665	value	V60 
8666	value	V70 
8667	value	V90
8668	value	XC 60 
8669	value	XC 70 
8670	value	XC 90 
8671	value	2101 
8672	value	2102 
8673	value	2103 
8674	value	2104 
8675	value	2105 
8676	value	2106 
8677	value	2107 
8678	value	2108 
8679	value	2109 
8680	value	2110 
8681	value	2115 
8682	value	2121 
8683	value	2131
8684	value	Chevrolet Niva 
8685	value	EL Lada 
8686	value	Granta 
8687	value	Kalina 
8688	value	Largus 
8689	value	Niva 
8690	value	Priora 
8691	value	Revolution 
8692	value	Vesta 
8693	value	XRAY  
8694	value	21 
8695	value	24 
8696	value	2410 
8697	value	31029 
8698	value	3110 
8699	value	3111
8700	value	69 
8701	value	Volga Siber 
8702	value	М-12 
8703	value	М-20 Победа 
8704	value	1102 Таврия 
8705	value	1103 Славута 
8706	value	1105 
8707	value	110557 Пикап 
8708	value	1125 
8709	value	1140 
8710	value	965  
8711	value	966  
8712	value	968
8713	value	Chance 
8714	value	Forza  
8715	value	Lanos  
8716	value	Lanos Pickup  
8717	value	Sens  
8718	value	Vida  
8719	value	114  
8720	value	117  
8721	value	4104 
8722	value	2125 Комби 
8723	value	21261 Фабула 
8724	value	2126 Ода 
8725	value	2715 
8726	value	2717  
8727	value	27171  
8728	value	412 Москвич 
8729	value	469 
8730	value	Hunter 
8731	value	Pickup 
8732	value	Simbir 
8733	value	2140 
8734	value	2141 
8735	value	401 
8736	value	402 
8737	value	403 
8738	value	407 
8739	value	408 
8740	value	423 Combi 
9760	value	348
9761	value	350
9762	value	350Z
9763	value	365
9764	value	370Z
9765	value	380
9766	value	400
9767	value	4007
9768	value	4008
9769	value	400 series
9770	value	401
9771	value	402
9772	value	403
9773	value	404
9774	value	405
9775	value	406
9776	value	408
9777	value	4104
9778	value	412
9779	value	412 Москвич
9780	value	414
9781	value	416
9782	value	418
9783	value	4200
9784	value	423 Combi
9785	value	424
9786	value	430
9787	value	440
9788	value	45
9789	value	450
9790	value	456
9791	value	458
9792	value	460
9793	value	480
9794	value	4-Runner
9795	value	5
9796	value	5008
9797	value	504
9798	value	505
9799	value	508
9800	value	512
9801	value	550
9802	value	560
9803	value	575
9804	value	6
9805	value	600
9806	value	6000
9807	value	604
9808	value	605
9809	value	607
9810	value	612
9811	value	618
9812	value	623
9813	value	626
9814	value	69
9815	value	740
9816	value	745
9817	value	75
9818	value	750
9819	value	760
9820	value	780
9821	value	800
9822	value	807
9823	value	820
9824	value	825
9825	value	827
9826	value	850
9827	value	855
9828	value	900
9384	value	M6    
9829	value	9000
9830	value	911
9831	value	912
9832	value	914
9833	value	928
9834	value	929
9835	value	9-3
9406	value	X5    
9836	value	940
9837	value	944
9838	value	945
9839	value	9-4X
9840	value	9-5
9841	value	959
9842	value	96
9428	value	23564
9436	value	2358
9843	value	960
9844	value	962
9845	value	965
9846	value	966
9847	value	9-7X
9848	value	99
9849	value	Accord
9850	value	Actyon
9851	value	Aerodeck
9852	value	Aerostar
9853	value	Agila
9854	value	A-Klasse
9855	value	Alhambra
9856	value	Almera
9857	value	Almera Tino
9858	value	Alpine A110
9859	value	Alpine A310
9860	value	Alpine V6
9861	value	Altea
9862	value	Alto
9863	value	Amarok
9864	value	Amazon
9865	value	Ampera
9866	value	Antara
9867	value	Arena
9868	value	Armada
9869	value	Arosa
9870	value	Ascona
9871	value	Astra
9872	value	ASX
9873	value	Atos
9874	value	Auris
9875	value	Avalon
9876	value	Avantime
9877	value	Avenger
9878	value	Avensis
9879	value	Avensis Verso
9880	value	Aventador
9881	value	Aviator
9882	value	Aygo
9883	value	Azera
9884	value	Baja
9885	value	Baleno
9886	value	Barchetta
9887	value	Beetle
9888	value	Bipper
9889	value	Bipper Tepee
9890	value	Biturbo
9891	value	B-Klasse
9892	value	Bluebird
9893	value	Bolero
9894	value	Bongo
9181	value	Df
9212	value	Мокрый асфальт
9213	value	Фиолетовый
9214	value	Брызги шампанского
9215	value	Вишневый
9216	value	Смарагд
9217	value	Небесный металлик
9218	value	Фламинго
9895	value	Bonneville
9896	value	Bora
9897	value	Borrego
9898	value	Boxer
9899	value	Brava
9900	value	Bravo
9901	value	Bronco
9902	value	BRZ
9903	value	B series
9904	value	Buggy
9905	value	C70
9906	value	Cabstar
9907	value	Caddy
9908	value	Caliber
9909	value	Calibra
9910	value	California
9911	value	Campo
9912	value	Camry
9913	value	Canter
9914	value	Cappuccino
9915	value	Capri
9333	value	Микроавтобус
9916	value	Carens
9917	value	Cargo
9918	value	Carina
9919	value	Carisma
9920	value	Carnival
9921	value	Carrera GT
9922	value	Carry
9923	value	Cayenne
9924	value	Cayman
9925	value	CC
9926	value	cee'd
9927	value	cee'd sw
9928	value	CE-Klasse
9929	value	Celica
9369	app	Year
9930	value	Challenger
9931	value	Chance
9932	value	Charade
9933	value	Charger
9934	value	Charmant
9935	value	Cherokee
9936	value	Chevrolet Niva
9937	value	Cinquecento
9938	value	Citan
9939	value	Citigo
9940	value	City Rover
9941	value	Civic
9942	value	CJ
9943	value	C-Klasse
9944	value	CLA-Klasse
9945	value	Clarus
9946	value	CLC-Klasse
9947	value	Clio
9948	value	CLK-Klasse
9949	value	CL-Klasse
9950	value	CLS-Klasse
9951	value	Clubman
9952	value	C-Max
9953	value	Colt
9954	value	Comanche
9955	value	Commander
9956	value	Commodore
9957	value	Compass
9958	value	Concerto
9959	value	Cooper
9960	value	Cooper SD
8930	value	DAW
9961	value	Copen
9962	value	Cordia
9963	value	Corniche
9964	value	Corolla
9965	value	Corolla Verso
9966	value	Corrado
9967	value	Corsa
8938	value	re
9968	value	Cosmos
9969	value	Cougar
9970	value	Countach
9971	value	Countryman
9972	value	Coupe
9973	value	Courier
9974	value	Crafter
9975	value	Cressida
9976	value	Crossblade
9977	value	Crown
9978	value	CR-V
9979	value	CRX
9980	value	CR-Z
9981	value	Cube
8953	value	2
9982	value	Cuore
9983	value	CX-5
9984	value	CX-7
9985	value	CX-9
9986	value	Daimler
9987	value	Dakota
9988	value	Defender
8961	value	562
9989	value	Demio
9990	value	Diablo
9991	value	Diamante
9992	value	Dino
9993	value	Diplomat
9994	value	Discovery
9995	value	D-Max
9996	value	Doblo
9997	value	Ducato
9998	value	Durango
9999	value	Econoline
10000	value	Econovan
10001	value	Edge
10002	value	E-Klasse
10003	value	Elan
10004	value	EL Lada
10005	value	Envoy
10006	value	Enzo Ferrari
10007	value	Eos
10008	value	Escape
10009	value	Escort
10010	value	E series
10011	value	Espace
10012	value	Espada
10013	value	ES Series
10014	value	E-Type
10015	value	EX35
10016	value	Excel
10017	value	Excursion
10018	value	Exeo
10019	value	Expedition
10020	value	Expert
10021	value	F 150
10022	value	F 350
10023	value	F355
10024	value	F40
10025	value	F430
10026	value	F50
10027	value	Falcon
10028	value	Family
10029	value	Favorit
10030	value	Felicia
10031	value	Fiero
10032	value	Fiesta
10033	value	Fiorino
10034	value	Firebird
10035	value	FJ
10036	value	Flex
10037	value	Fluence
10038	value	Flying Spur
10039	value	Focus C-Max
10040	value	Forester
10041	value	ForFour
10042	value	Forman
10043	value	ForTwo
10044	value	Forza
10045	value	Fox
10046	value	Freeclimber
10047	value	Freemont
10048	value	Frontera
10049	value	Frontier
10050	value	FR-V
10051	value	Fuego
10052	value	Fusion
10053	value	FX
10054	value	G35
10055	value	G6
10056	value	Galant
10057	value	Galaxy
10058	value	Gallardo
10059	value	Galloper
10060	value	Genesis
10061	value	Getz
10062	value	Ghost
10063	value	G-Klasse
10064	value	GLK-Klasse
10065	value	GL-Klasse
10066	value	GOA
10067	value	Golf
10068	value	Golf Plus
10069	value	Granada
10070	value	GranCabrio
10071	value	Grande Punto
10072	value	Grand Espace
10073	value	Grandeur
10074	value	Grand-Prix
10075	value	Grand Scenic
10076	value	Grand Vitara
10077	value	Gran Move
10078	value	Gransport
10079	value	Granta
10080	value	Granturismo
10081	value	GS Series
10082	value	GT86
10083	value	GTO
10084	value	GT-R
10085	value	H-1
10086	value	H2
10087	value	H3
10088	value	Hiace
10089	value	Highlander
10090	value	Hijet
10091	value	Hilux
10092	value	Hornet
10093	value	HR-V
10094	value	i10
10095	value	i20
10096	value	i30
10097	value	i40
10098	value	i50
10099	value	Ibiza
10100	value	Ignis
10101	value	i-MiEV
10102	value	Impreza
10103	value	Inca
10104	value	Indica
10105	value	Indigo
10106	value	Indy
10107	value	Insignia
10108	value	Interstar
10109	value	iOn
10110	value	IQ
10111	value	IS Series
10112	value	ix20
10113	value	ix35
10114	value	ix55
10115	value	J5
10116	value	Jazz
10117	value	Jetta
10118	value	John Cooper Works
10119	value	Journey
10120	value	K2500
10121	value	K2700
10122	value	Kadett
10123	value	Käfer
10124	value	Kalina
10125	value	Kangoo
10126	value	Karif
10127	value	Karmann Ghia
10128	value	King Cab
10129	value	Kizashi
10130	value	Kubistar
10131	value	Kuga
10132	value	L200
10133	value	L300
10134	value	L400
10135	value	Laguna
10136	value	Lancer
10137	value	Land Cruiser
10138	value	Lanos Pickup
10139	value	Largus
10140	value	Latitude
9600	value	A6 NEW
10141	value	Laurel
10142	value	Leaf
10143	value	Legacy
10144	value	Legend
10145	value	Leo
10146	value	Liana
10147	value	Libero
10148	value	Linea
10149	value	Lite-Ace
10150	value	LJ
10151	value	LM
10152	value	Logo
10153	value	LS
10154	value	LS Series
10155	value	LT
10156	value	Lupo
10157	value	LX Series
10158	value	M30
10159	value	M37
10160	value	Magnum
10161	value	Malaga
10162	value	Manta
10163	value	Marbella
10164	value	Marea
10165	value	Mascott
10166	value	Master
10167	value	Matrix
10168	value	Maverick
10169	value	Maxima
10170	value	Mazda2
10171	value	Mazda3
10172	value	Mazda5
10173	value	Mazda6
10174	value	MB 100
9635	value	469
9636	value	Hunter
9637	value	Patriot
9638	value	Pickup
9639	value	Simbir
10175	value	MC12
10176	value	Megane
10177	value	Mentor
10178	value	Meriva
10179	value	Metro
10180	value	MGA
10181	value	MGB
10182	value	MGF
10183	value	Micra
10184	value	Midget
10185	value	Midi
10186	value	Mii
10187	value	Millenia
10188	value	Miura
10189	value	MK II
10190	value	ML-Klasse
10191	value	Modus
10192	value	Mondeo
10193	value	Mondial
10194	value	Montana
10195	value	Monza
10196	value	Movano
10197	value	Move
10198	value	MR 2
10199	value	Multipla
10260	value	Q45
10261	value	Qashqai
10262	value	Qashqai+2
10263	value	Quattroporte
10264	value	Qubo
10265	value	Quest
10266	value	QX56
10267	value	R 11
10268	value	R 18
10269	value	R 19
10270	value	R 20
10271	value	R 21
10272	value	R 25
10273	value	R 30
10274	value	R 4
10275	value	R 5
10276	value	R 6
10277	value	R 9
10278	value	RAM
10279	value	Ranger
10280	value	Range Rover
10281	value	Range Rover Sport
10282	value	Rapid
10283	value	RCZ
10284	value	RDX
10285	value	Regata
10286	value	Rekord
10287	value	Renegade
10288	value	Retona
10289	value	Reva
10290	value	Revolution
10291	value	REXTON
10292	value	Rio
10293	value	Ritmo
10294	value	R-Klasse
10295	value	Roadster
10296	value	Rocsta
10297	value	Rodius
10298	value	Roomster
10299	value	Routan
10300	value	RX-6
10301	value	RX-7
10302	value	RX-8
10303	value	RX Series
10304	value	S2000
10305	value	S40
10306	value	S60
10307	value	S70
10308	value	S80
10309	value	S90
10310	value	Safari
10311	value	Santa Fe
10312	value	Santamo
10313	value	Santana
10314	value	Sapporo
10315	value	Saturn
10316	value	Savana
10317	value	SC 400
10318	value	SC 430
10319	value	Scenic
10320	value	Scirocco
10321	value	Scorpio
10322	value	S-Coupe
10323	value	Scudo
10324	value	Sedici
10325	value	Seicento
10326	value	Senator
10327	value	Sens
10328	value	Sentra
10329	value	Sephia
10330	value	Sequoia
10331	value	Serena
10332	value	Serie I
10333	value	Serie II
10334	value	Serie III
10335	value	Series 5
10336	value	Series X
10337	value	Series Z
10338	value	Shamal
10339	value	Shuma
10340	value	Shuttle
10341	value	Sienna
10342	value	Sierra
10343	value	Sigma
10344	value	Signum
10345	value	Silver Dawn
10346	value	Silver Seraph
10347	value	Silver Shadow
10348	value	Silver Spirit
10349	value	Silvia
10350	value	Sintra
10351	value	Sirion
10352	value	SJ Samurai
10353	value	S-Klasse
10354	value	SLK-Klasse
10355	value	SL-Klasse
10356	value	SLR
10357	value	SLS AMG
10358	value	S-Max
10359	value	Solstice
10360	value	Sonata
10361	value	Sorento
10362	value	Soul
10363	value	Space Gear
10364	value	Space Star
10365	value	Space Wagon
10366	value	Spider Europa
10367	value	Splash
10368	value	Sportage
10369	value	Sprinter
10370	value	Spyder
10371	value	Starion
10372	value	Starlet
10373	value	Stealth
10374	value	Stilo
10375	value	Stream
10376	value	Streetka
10377	value	Streetwise
10378	value	S-Type
10379	value	Sunbird
10380	value	Sunny
10381	value	Superamerica
10382	value	Superb
10383	value	Super-Carry
10384	value	Supra
10385	value	SVX
10386	value	SX4
10387	value	Syclone
10388	value	T1
10389	value	T2
10390	value	T3
10391	value	T4
10392	value	T5
10393	value	Tacoma
10394	value	Targa
10395	value	Taro
10396	value	Taunus
10397	value	TD
10398	value	Telcoline
10399	value	Telcosport
10400	value	Tempra
10401	value	Tercel
10402	value	Terios
10403	value	Terracan
10404	value	Terrano
10405	value	Testarossa
10406	value	TF
10407	value	Thunderbird
10408	value	Tigra
10409	value	Tiguan
10410	value	Tiida
10411	value	Tipo
10412	value	Titan
10413	value	Toledo
10414	value	Touareg
10415	value	Touran
10416	value	Tourneo
10417	value	Town Car
10418	value	Trafic
10419	value	Trajet
10420	value	Trans Am
10421	value	Transit
10422	value	Transporter
10423	value	Tredia
10424	value	TREVIS
10425	value	Trezia
10426	value	Tribute
10427	value	Tucson
10428	value	Tundra
10429	value	Twingo
10430	value	Twizy
10431	value	Typhoon
10432	value	Ulysse
10433	value	Uno
10434	value	up!
10435	value	Urban Cruiser
10436	value	Urraco
10437	value	Urvan
10438	value	V40
10439	value	V50
10440	value	V60
10441	value	V70
10442	value	Vandura
10443	value	Vaneo
10444	value	Vanette
10445	value	Vario
10446	value	Vel Satis
10447	value	Venga
10448	value	Vento
10449	value	Veracruz
10450	value	Verso-S
10451	value	Vesta
10452	value	Viano
10453	value	Vibe
10454	value	Vida
10455	value	Vitara
10456	value	Vito
10457	value	Vivaro
10458	value	Vivio
10459	value	V-Klasse
10460	value	Volga Siber
10461	value	Wagoneer
10462	value	Wagon R+
10463	value	Willys
10464	value	Wind
10465	value	Windstar
10466	value	Wrangler
10467	value	X 1/9
10468	value	X-90
10469	value	XC 60
10470	value	XC 70
10471	value	XC 90
10472	value	Xedos
10473	value	Xenon
10474	value	XF
10475	value	XG 30
10476	value	XG 350
10477	value	XJ12
10478	value	XJ40
10479	value	XJ6
10480	value	XJ8
10481	value	XJR
10482	value	XJS
10483	value	XK
10484	value	XKR
10485	value	XRAY
10486	value	XT
10487	value	X-Trail
10488	value	X-Type
10489	value	Yaris
10490	value	Yeti
10491	value	Yukon
10492	value	Zafira
10493	value	Zafira Tourer
10494	value	ZOE
10495	value	ZR
10496	value	ZS
10497	value	ZT
10498	value	М-12
10499	value	М-20 Победа
10507	value	за
10518	value	ert
10529	value	X5
10550	value	M6
10561	value	116
10582	value	23
\.


--
-- Name: source_message_id_seq; Type: SEQUENCE SET; Schema: public; Owner: postgres
--

SELECT pg_catalog.setval('source_message_id_seq', 10612, true);


--
-- Data for Name: sq_categories; Type: TABLE DATA; Schema: public; Owner: postgres
--

COPY sq_categories (id, name, created_by, updated_by) FROM stdin;
3	Автовышка	2	2
4	Бензовоз	2	2
5	Бетононасос 	2	2
6	Бетоносмеситель 	2	2
7	Бульдозер 	2	2
8	Газозаправщик	2	2
9	Горнодобывающий	2	2
10	Грейдер	2	2
11	Дорожная 	2	2
12	Коммунальная 	2	2
13	Кран 	2	2
14	Погрузчик 	2	2
15	Прицеп	2	2
16	Сельхозтехника 	2	2
17	Спецавтомобили 	2	2
18	Строительная	2	2
19	Трактор 	2	2
20	Цементовоз	2	2
21	Эвакуатор	2	2
22	Экскаватор 	2	2
23	Прочее	2	2
\.


--
-- Name: sq_categories_id_seq; Type: SEQUENCE SET; Schema: public; Owner: postgres
--

SELECT pg_catalog.setval('sq_categories_id_seq', 23, true);


--
-- Data for Name: states; Type: TABLE DATA; Schema: public; Owner: postgres
--

COPY states (id, name, created_by, updated_by) FROM stdin;
1	Свежее	1	1
2	Отличное	1	1
3	Хорошее	1	1
4	Среднее	1	1
5	Битый	1	1
6	Новый	1	1
7	Требует ремонта	1	1
\.


--
-- Name: states_id_seq; Type: SEQUENCE SET; Schema: public; Owner: postgres
--

SELECT pg_catalog.setval('states_id_seq', 7, true);


--
-- Data for Name: tarrifs; Type: TABLE DATA; Schema: public; Owner: postgres
--

COPY tarrifs (id, title, day_count, price, description, status, created_by, updated_by, created_at, updated_at) FROM stdin;
4	4 дня	4	35.00	тест	0	2	2	1440578406	1448660236
1	1 день	1	20.00	Премиум на 1 день	1	2	2	1440393726	1449254985
2	3 дня	3	60.00	Премиум на 3 дня	1	2	2	1440393762	1449254987
3	7 дней	7	100.00	Премиум на 7 дней	1	2	2	1440393795	1449254989
\.


--
-- Name: tarrifs_id_seq; Type: SEQUENCE SET; Schema: public; Owner: postgres
--

SELECT pg_catalog.setval('tarrifs_id_seq', 4, true);


--
-- Data for Name: transactions; Type: TABLE DATA; Schema: public; Owner: postgres
--

COPY transactions (id, client_id, employee_id, amount, type, description, created_by, updated_by, created_at, updated_at) FROM stdin;
1	1	1	100	t	Testing	1	1	1439798224	1439798224
2	1	1	50	t	Testing	1	1	1439798241	1439798241
3	2	2	100	t	Testing	2	2	1440394138	1440394138
4	2	2	1000	t	Testing	2	2	1440578930	1440578930
5	1	2	200	t	Testing	2	2	1440579813	1440579813
6	5	2	1000	t	Testing	2	2	1449422100	1449422100
7	6	2	1000	t	Testing	2	2	1449422780	1449422780
8	5	2	10000	t	Testing	2	2	1453991515	1453991515
9	7	2	10000	t	Testing	2	2	1453991558	1453991558
10	8	2	10000	t	Testing	2	2	1453991580	1453991580
11	9	2	10000	t	Testing	2	2	1453991602	1453991602
12	6	2	1000	t	Testing	2	2	1455769516	1455769516
13	10	4	10	t	Testing	4	4	1457785510	1457785510
14	10	4	10	t	Testing	4	4	1457785706	1457785706
15	26	4	10	t	Testing	4	4	1457800335	1457800335
16	15	4	10	t	Testing	4	4	1457810343	1457810343
17	26	4	12	t	Testing	4	4	1457810388	1457810388
18	26	4	12	t	Testing	4	4	1457810400	1457810400
19	26	4	12	t	Testing	4	4	1457810515	1457810515
20	26	4	10	t	Testing	4	4	1457810618	1457810618
21	26	4	10	t	Testing	4	4	1457811070	1457811070
22	10	4	11	t	Testing	4	4	1457811158	1457811158
23	24	4	11	t	Testing	4	4	1457811174	1457811174
24	22	3	1000	t	Testing	3	3	1457812513	1457812513
25	15	4	12	t	Testing	4	4	1458104275	1458104275
26	15	4	88	t	Testing	4	4	1458402365	1458402365
27	23	3	555	t	Testing	3	3	1458651742	1458651742
\.


--
-- Name: transactions_id_seq; Type: SEQUENCE SET; Schema: public; Owner: postgres
--

SELECT pg_catalog.setval('transactions_id_seq', 27, true);


--
-- Data for Name: transmissions; Type: TABLE DATA; Schema: public; Owner: postgres
--

COPY transmissions (id, name, created_by, updated_by, frequency) FROM stdin;
2	Вариатор	1	3	4
4	Типтроник	1	3	4
1	Автомат	1	3	5
3	Механика	1	3	5
\.


--
-- Data for Name: transmissions_car_types; Type: TABLE DATA; Schema: public; Owner: postgres
--

COPY transmissions_car_types (transmission_id, car_type_id) FROM stdin;
2	2
4	2
1	2
3	2
2	3
4	3
1	3
3	3
2	4
4	4
1	4
3	4
1	5
3	5
2	1
4	1
1	1
3	1
\.


--
-- Name: transmissions_id_seq; Type: SEQUENCE SET; Schema: public; Owner: postgres
--

SELECT pg_catalog.setval('transmissions_id_seq', 4, true);


--
-- Data for Name: users; Type: TABLE DATA; Schema: public; Owner: postgres
--

COPY users (id, auth_key, password_hash, password_reset_token, email, status, created_at, updated_at) FROM stdin;
1	i_VW1lbd0FY7Rrd3kOMrDRqrRwn3C0W_	$2y$13$xXoLNmYsfq9FrNMD3a5BheptNGjKt4Z5cUVmS1JfYxdbVK2Si7Fw2	\N	asanjarbek@gmail.com	10	1439378830	1439378830
3	FJSwCb1Ccp8fTmHl0YgvWgjqzdXRo-kR	$2y$13$mZSTd7Z0/oAK3EdbqI8oIeLPDaxKouTRwhhkVxd5QO3jnAtSj5njK	\N	nurbekou@yahoo.com	10	1449173237	1449173237
4	wII0BjqpRJMF0poNnHbNT0lGlhn0qZYm	$2y$13$gf3r7BfNIGP/2pFm0ZTupuNvKCFGFdUMYmz9UeUCirWTM4VhFrJyy	\N	nurbekorozobaev@yahoo.fr	10	1449173733	1449173733
5	bdkCmw3EfsbDCVkONtcCsuwAQRmN0jeJ	$2y$13$fh1NQNVTb0gBi4afZVGvI.Zl5zYF6cT8WiBcxfLFEKDZwrfeDI.4u	\N	aybekbaratov@mail.ru	10	1449335272	1449335272
6	1sm2I17bE_UvGRKxle6ewYmTOkZggUII	$2y$13$8yZpFXDBkX98WoGy/s.vVuFNuurRqgFUDrMToP1Flh7BAGCUiSW7e	\N	toyotacentre@gmail.com	10	1449336229	1449336229
7	0bSWetyg9WWn_63xZlvngh-TbpQRjj_A	$2y$13$XvGJJFC9.MFQlSYUpKt28eUUmZ9wT8Br0DcMJ193h6A0ECyGTPzQG	\N	samarsultanov@gmail.tr	10	1449425073	1449425073
8	hiY1qmn5U0zlENgifoRof4rlOfJARP8a	$2y$13$82d.O0QmP2FvwLiVnkly7epVLUbLehMt/xOBOiH9gmm0RWp5TX26C	\N	jakypyurev@yandex.ru	10	1449471666	1449471666
9	ZU16m9dpEhkD3bymmF1pa_ygZKXU8AOh	$2y$13$3WjGbH0w3QXvXDckGTel4eb5sap4odRhuU2/fHiqvoFu/hw3XmIlG	\N	aybekmuratov@mail.ru	10	1449472883	1449472883
10	s-cKOU9Ffx3ydfZdWqzHj0VCzOAazuuO	$2y$13$bzdLznB6Sl.L9x92lHRE6eKyIjsnrBL3KLtMXqPrxbqPRGQCvD.tK	\N	kira.1sp@gmail.com	10	1449989848	1449989848
11	Z0sOaJSsBfYb3bKOkCOLDd96j1of7UL-	$2y$13$twa4.U40u0IofKtrDS4JZO7q0NHUFScWaOoaQG.iNpzTMX6w0K8mm	\N	nurbekorozobaev@yahoo.comSD	10	1454736024	1454736024
12	aWgZ6P77kTIJ9hva-kuj4wgPu4M7nvww	$2y$13$4SOBRRZwXBX2Qh3OuLvPQeXUm.1Zji5jK4pJzCSKPR6JyXRpStiDe	\N	nurbekorozobaev@yahoo.comWE	10	1454736092	1454736092
13	1MxJ7kf5LT0ShEL4c-sZ_wjpxPYT4YYq	$2y$13$hcBsKEBeZqdrIkm2DW/tP.4N2qZN8b72u7fr3vBJ6FQe7ZPnVEnuq	\N	nurbek@mail.ru98098465789	10	1454739457	1454739457
14	MJsvUVdQt7Ap5nxQhp_o93gCkQtTQGQu	$2y$13$tgTkPfR6x7MFUf5xll1Rq.fTVNYL3w25OljIx756CZh727wOveubO	\N	ladasentr@mail.ru	10	1455046996	1455046996
15	r0N57Q3Sb5tM-YDOZrX3CR0DZRriAkb_	$2y$13$WLlCqmGTJMElvnEcKWq7J.QbOfPrs1pflQlIjX3N4vELT/GOyplYa	\N	test@q.com	10	1455103754	1455103754
16	xYfaYkfZR6N95NttmR7c3h2muR7TiYC8	$2y$13$EcM5IPROzYCpIZ1eb/mOJu1RIs3qhFz.0.O8o4MAQp1VG.l81OzdS	\N	werd@yahoo.com	10	1455132872	1455132872
17	fd_dO8s2WwnXO2O4slZh6Ma9yKa3SgTy	$2y$13$94VxkH1bkrnsydH0d00OB.V4p6mMbbBcxj.rucSu85cxxdpAkgCRS	\N	bars@mail.ru	10	1455768255	1455768255
18	6scJT3fPV0qzRc_Qmfxqu0SaYhI757Ff	$2y$13$bCkg6psIzsT7p/Bl8h0R9eRGjncj7awMNJo8/bMD7svkBPp40Xn/.	\N	barsinc@mail.ru	10	1455768303	1455768303
19	DyMCp_zkqfx-H1gk22T17lpS8yKFz6HG	$2y$13$NrcEvLKILtBiLOcSYenHsulk2TZtLFkxV4U1UY.zBjfKP9vrtdjIy	\N	baku@mail.ru	10	1455768344	1455768344
21	s1hLLmO3Irt_NXPzBRpohRGC-5eujpci	$2y$13$uaOAYzGhq4kxGuewT6sNZu.o1yH/pk60xOpNrAh39FRUKnx7k9G4a	\N	newest@gmail.com	10	1457411789	1457411789
22	E5jYws0SH0ReUD19tJ9nbusP2qDOMbVd	$2y$13$n0MP8cwetRk.46eF5ObEuOdhtQHfp.vi2lrEk4TKlJv3VsHmJdzaq	\N	salamat@mail.ru	10	1457421743	1457421743
23	x7Cu_YbCkUFQGgHY5J1jrT-c-qHqJUfL	$2y$13$2DDu8lDc.SjFUtQzM2r1MeVhtL24aWLY9h0ZCNx.w7YnU.4CU1aC2	\N	bmwinc@mail.ru	10	1457422060	1457422060
24	u2U5v-ZD8EwAUariQbijJjJ5zrhqgyI4	$2y$13$aDKrduLXSWJCZnOPteam0utT4m.fXKBaIWM0C3juAAmxM1q.1bz7q	\N	new@new3.com	10	1457435013	1457435013
25	LaoX71d38NFPfenGFXyKx_tD8K17VIdV	$2y$13$VxlD15wsxzacjv7mhUQKrerEcyb1pPJwj8zuPJphusczf.BcjWZFW	\N	test@qq.com	10	1457435130	1457435130
26	dcOWDR11cZjMIlrOhcKPUnPUV9dAtBEu	$2y$13$10NleS7dQ/GD.QOf8pko2uPgGxWLZn0x0I1wMjYYJKLZmasTaIUlK	\N	check@check.com	10	1457757050	1457757050
2	ZZxqlpfOTdSmfIuoOO7Hws2rbX5ZaCuH	$2y$13$N6MIDwp2HoUbLP5s34vk3ORGIGFpT.SYh8RkdQ0z5zVww4Y4Hxb2u	LPlF2gMdRBmDkMqtcfKtRK9w21cV1EgE_1458452951	nurbekorozobaev@yahoo.com	10	1440009075	1458452968
27	mb4a6n4JfJQCB_pIuEBb9P7ijcaRooaH	$2y$13$kCH2Dx.O6CrNx2U9C046geAjn6hgZioD32I7ZJ05zmpvboVRH/Py.	\N	atambaev@mail.ru	10	1458712977	1458712977
\.


--
-- Name: users_id_seq; Type: SEQUENCE SET; Schema: public; Owner: postgres
--

SELECT pg_catalog.setval('users_id_seq', 27, true);


--
-- Data for Name: users_profiles; Type: TABLE DATA; Schema: public; Owner: postgres
--

COPY users_profiles (id, user_id, fio, company_name, mobile_phone, work_phone, client_type, balance, created_at, updated_at, lang) FROM stdin;
1	1	Аматов Санжарбек	\N	996700106940	\N	0	330.00	1439378830	1440701838	ru
3	3	fdgd	\N	67567567	\N	0	0.00	1449173237	1449173237	ru
4	4	dsadf	\N	45324523	\N	0	0.00	1449173733	1449173733	ru
14	14	Дима Билан	Лада Центр Бишкек	02165461	01235465	1	0.00	1455046996	1455046996	ru
9	9	Айбек Муратов	\N	023568954	\N	0	9820.00	1449472883	1453992429	ru
16	16	Werd	\N	12232123	\N	0	0.00	1455132872	1455134284	en
11	11	ASDASD	\N	ASDASD	\N	0	0.00	1454736024	1454736024	ru
12	12	SDFGSDFG	\N	SDFGSDFG	\N	0	0.00	1454736092	1454736092	ru
13	13	SDFgsg	\N	SDFGsd	\N	0	0.00	1454739457	1454739457	ru
17	10000	Bars	\N	0225897845	\N	0	0.00	1455768255	1455768255	ru
18	10001	Barsov	BarsINC	12346789	0123456789	1	0.00	1455768303	1455768303	ru
6	6	Toyota Inc	Toyota Centre KG	0778653298	0312568965	1	1720.00	1449336229	1455046523	en
5	5	Айбек Баратов	\N	0778000000	\N	0	10820.00	1449335272	1453991653	ru
7	7	Самар Султанов	\N	0778956232	\N	0	9900.00	1449425073	1453991821	ru
8	8	Жакып Юрев	\N	0235697845	\N	0	9940.00	1449471666	1453991889	ru
25	10008	NEWEST USER	\N	0553752752	\N	0	0.00	1457435130	1457438834	en
26	10009	check	\N	0553752752	\N	0	66.00	1457757050	1457794653	ru
10	10	tester	\N	05544433322	\N	0	31.00	1449989848	1449989848	ru
19	10002	Baku	\N	123456	\N	0	0.00	1455768344	1457488476	ru
15	15	test	\N	0553752752	\N	0	110.00	1455103754	1457794588	en
24	10007	Nargiza Zhumalieva	\N	4156109859	\N	0	11.00	1457435013	1458546933	en
22	10005	Salamat	\N	023568956	\N	0	1000.00	1457421743	1458650568	ky
23	10006	BMW Inc	BMW Inc	023568945	02356897845	1	475.00	1457422060	1458651793	ru
2	2	Nurbek Orozobaev	\N	0778000000	\N	0	365.00	1440009075	1458670177	ru
21	10004	new user	\N	0553752752	\N	0	0.00	1457411789	1457672557	en
27	10010	Алмазбек Атамбаев	\N	0707568956	\N	0	0.00	1458712977	1458712977	ru
\.


--
-- Name: users_profiles_id_seq; Type: SEQUENCE SET; Schema: public; Owner: postgres
--

SELECT pg_catalog.setval('users_profiles_id_seq', 24, true);


--
-- Name: users_profiles_user_id_seq; Type: SEQUENCE SET; Schema: public; Owner: postgres
--

SELECT pg_catalog.setval('users_profiles_user_id_seq', 10010, true);


--
-- Data for Name: wheels; Type: TABLE DATA; Schema: public; Owner: postgres
--

COPY wheels (id, name, created_by, updated_by, frequency) FROM stdin;
3	ПРАВЫЙ	2	2	0
4	Прочее	2	3	1
1	Левый	1	3	4
2	Правый	1	3	4
\.


--
-- Data for Name: wheels_car_types; Type: TABLE DATA; Schema: public; Owner: postgres
--

COPY wheels_car_types (wheel_id, car_type_id) FROM stdin;
1	2
2	2
1	3
2	3
1	4
2	4
4	4
1	1
2	1
\.


--
-- Name: wheels_id_seq; Type: SEQUENCE SET; Schema: public; Owner: postgres
--

SELECT pg_catalog.setval('wheels_id_seq', 4, true);


--
-- Name: banners_pkey; Type: CONSTRAINT; Schema: public; Owner: postgres; Tablespace: 
--

ALTER TABLE ONLY banners
    ADD CONSTRAINT banners_pkey PRIMARY KEY (id);


--
-- Name: car_models_pkey; Type: CONSTRAINT; Schema: public; Owner: postgres; Tablespace: 
--

ALTER TABLE ONLY car_models
    ADD CONSTRAINT car_models_pkey PRIMARY KEY (id);


--
-- Name: car_types_pkey; Type: CONSTRAINT; Schema: public; Owner: postgres; Tablespace: 
--

ALTER TABLE ONLY car_types
    ADD CONSTRAINT car_types_pkey PRIMARY KEY (id);


--
-- Name: cars_complete_sets_pkey; Type: CONSTRAINT; Schema: public; Owner: postgres; Tablespace: 
--

ALTER TABLE ONLY cars_complete_sets
    ADD CONSTRAINT cars_complete_sets_pkey PRIMARY KEY (car_id, complete_set_id);


--
-- Name: cars_pkey; Type: CONSTRAINT; Schema: public; Owner: postgres; Tablespace: 
--

ALTER TABLE ONLY cars
    ADD CONSTRAINT cars_pkey PRIMARY KEY (id);


--
-- Name: colors_pkey; Type: CONSTRAINT; Schema: public; Owner: postgres; Tablespace: 
--

ALTER TABLE ONLY colors
    ADD CONSTRAINT colors_pkey PRIMARY KEY (id);


--
-- Name: comments_pkey; Type: CONSTRAINT; Schema: public; Owner: postgres; Tablespace: 
--

ALTER TABLE ONLY comments
    ADD CONSTRAINT comments_pkey PRIMARY KEY (id);


--
-- Name: complete_sets_pkey; Type: CONSTRAINT; Schema: public; Owner: postgres; Tablespace: 
--

ALTER TABLE ONLY complete_sets
    ADD CONSTRAINT complete_sets_pkey PRIMARY KEY (id);


--
-- Name: employee_profiles_pkey; Type: CONSTRAINT; Schema: public; Owner: postgres; Tablespace: 
--

ALTER TABLE ONLY employee_profiles
    ADD CONSTRAINT employee_profiles_pkey PRIMARY KEY (id);


--
-- Name: employees_email_key; Type: CONSTRAINT; Schema: public; Owner: postgres; Tablespace: 
--

ALTER TABLE ONLY employees
    ADD CONSTRAINT employees_email_key UNIQUE (email);


--
-- Name: employees_pkey; Type: CONSTRAINT; Schema: public; Owner: postgres; Tablespace: 
--

ALTER TABLE ONLY employees
    ADD CONSTRAINT employees_pkey PRIMARY KEY (id);


--
-- Name: engines_pkey; Type: CONSTRAINT; Schema: public; Owner: postgres; Tablespace: 
--

ALTER TABLE ONLY engines
    ADD CONSTRAINT engines_pkey PRIMARY KEY (id);


--
-- Name: id; Type: CONSTRAINT; Schema: public; Owner: postgres; Tablespace: 
--

ALTER TABLE ONLY message
    ADD CONSTRAINT id PRIMARY KEY (id, language);


--
-- Name: images_pkey; Type: CONSTRAINT; Schema: public; Owner: postgres; Tablespace: 
--

ALTER TABLE ONLY images
    ADD CONSTRAINT images_pkey PRIMARY KEY (id);


--
-- Name: kuzovs_pkey; Type: CONSTRAINT; Schema: public; Owner: postgres; Tablespace: 
--

ALTER TABLE ONLY kuzovs
    ADD CONSTRAINT kuzovs_pkey PRIMARY KEY (id);


--
-- Name: markas_pkey; Type: CONSTRAINT; Schema: public; Owner: postgres; Tablespace: 
--

ALTER TABLE ONLY markas
    ADD CONSTRAINT markas_pkey PRIMARY KEY (id);


--
-- Name: migration_pkey; Type: CONSTRAINT; Schema: public; Owner: postgres; Tablespace: 
--

ALTER TABLE ONLY migration
    ADD CONSTRAINT migration_pkey PRIMARY KEY (version);


--
-- Name: moto_types_pkey; Type: CONSTRAINT; Schema: public; Owner: postgres; Tablespace: 
--

ALTER TABLE ONLY moto_types
    ADD CONSTRAINT moto_types_pkey PRIMARY KEY (id);


--
-- Name: mposts_pkey; Type: CONSTRAINT; Schema: public; Owner: postgres; Tablespace: 
--

ALTER TABLE ONLY mposts
    ADD CONSTRAINT mposts_pkey PRIMARY KEY (id);


--
-- Name: offices_name_key; Type: CONSTRAINT; Schema: public; Owner: postgres; Tablespace: 
--

ALTER TABLE ONLY offices
    ADD CONSTRAINT offices_name_key UNIQUE (name);


--
-- Name: offices_pkey; Type: CONSTRAINT; Schema: public; Owner: postgres; Tablespace: 
--

ALTER TABLE ONLY offices
    ADD CONSTRAINT offices_pkey PRIMARY KEY (id);


--
-- Name: partners_pkey; Type: CONSTRAINT; Schema: public; Owner: postgres; Tablespace: 
--

ALTER TABLE ONLY partners
    ADD CONSTRAINT partners_pkey PRIMARY KEY (id);


--
-- Name: posts_name_key; Type: CONSTRAINT; Schema: public; Owner: postgres; Tablespace: 
--

ALTER TABLE ONLY posts
    ADD CONSTRAINT posts_name_key UNIQUE (name);


--
-- Name: posts_pkey; Type: CONSTRAINT; Schema: public; Owner: postgres; Tablespace: 
--

ALTER TABLE ONLY posts
    ADD CONSTRAINT posts_pkey PRIMARY KEY (id);


--
-- Name: premiums_logs_pkey; Type: CONSTRAINT; Schema: public; Owner: postgres; Tablespace: 
--

ALTER TABLE ONLY premiums_logs
    ADD CONSTRAINT premiums_logs_pkey PRIMARY KEY (id);


--
-- Name: privods_pkey; Type: CONSTRAINT; Schema: public; Owner: postgres; Tablespace: 
--

ALTER TABLE ONLY privods
    ADD CONSTRAINT privods_pkey PRIMARY KEY (id);


--
-- Name: regions_pkey; Type: CONSTRAINT; Schema: public; Owner: postgres; Tablespace: 
--

ALTER TABLE ONLY regions
    ADD CONSTRAINT regions_pkey PRIMARY KEY (id);


--
-- Name: source_message_pkey; Type: CONSTRAINT; Schema: public; Owner: postgres; Tablespace: 
--

ALTER TABLE ONLY source_message
    ADD CONSTRAINT source_message_pkey PRIMARY KEY (id);


--
-- Name: sq_categories_pkey; Type: CONSTRAINT; Schema: public; Owner: postgres; Tablespace: 
--

ALTER TABLE ONLY sq_categories
    ADD CONSTRAINT sq_categories_pkey PRIMARY KEY (id);


--
-- Name: states_pkey; Type: CONSTRAINT; Schema: public; Owner: postgres; Tablespace: 
--

ALTER TABLE ONLY states
    ADD CONSTRAINT states_pkey PRIMARY KEY (id);


--
-- Name: tarrifs_pkey; Type: CONSTRAINT; Schema: public; Owner: postgres; Tablespace: 
--

ALTER TABLE ONLY tarrifs
    ADD CONSTRAINT tarrifs_pkey PRIMARY KEY (id);


--
-- Name: transactions_pkey; Type: CONSTRAINT; Schema: public; Owner: postgres; Tablespace: 
--

ALTER TABLE ONLY transactions
    ADD CONSTRAINT transactions_pkey PRIMARY KEY (id);


--
-- Name: transmissions_pkey; Type: CONSTRAINT; Schema: public; Owner: postgres; Tablespace: 
--

ALTER TABLE ONLY transmissions
    ADD CONSTRAINT transmissions_pkey PRIMARY KEY (id);


--
-- Name: users_email_key; Type: CONSTRAINT; Schema: public; Owner: postgres; Tablespace: 
--

ALTER TABLE ONLY users
    ADD CONSTRAINT users_email_key UNIQUE (email);


--
-- Name: users_pkey; Type: CONSTRAINT; Schema: public; Owner: postgres; Tablespace: 
--

ALTER TABLE ONLY users
    ADD CONSTRAINT users_pkey PRIMARY KEY (id);


--
-- Name: users_profiles_pkey; Type: CONSTRAINT; Schema: public; Owner: postgres; Tablespace: 
--

ALTER TABLE ONLY users_profiles
    ADD CONSTRAINT users_profiles_pkey PRIMARY KEY (id);


--
-- Name: wheels_pkey; Type: CONSTRAINT; Schema: public; Owner: postgres; Tablespace: 
--

ALTER TABLE ONLY wheels
    ADD CONSTRAINT wheels_pkey PRIMARY KEY (id);


--
-- Name: uniq_mposts_post_id_lang; Type: INDEX; Schema: public; Owner: postgres; Tablespace: 
--

CREATE UNIQUE INDEX uniq_mposts_post_id_lang ON mposts USING btree (post_id, lang);


--
-- Name: fk_car_type_color_id; Type: FK CONSTRAINT; Schema: public; Owner: postgres
--

ALTER TABLE ONLY colors_car_types
    ADD CONSTRAINT fk_car_type_color_id FOREIGN KEY (color_id) REFERENCES colors(id) ON UPDATE CASCADE ON DELETE CASCADE;


--
-- Name: fk_car_type_complete_set_id; Type: FK CONSTRAINT; Schema: public; Owner: postgres
--

ALTER TABLE ONLY complete_sets_car_types
    ADD CONSTRAINT fk_car_type_complete_set_id FOREIGN KEY (complete_set_id) REFERENCES complete_sets(id) ON UPDATE CASCADE ON DELETE CASCADE;


--
-- Name: fk_car_type_engine_id; Type: FK CONSTRAINT; Schema: public; Owner: postgres
--

ALTER TABLE ONLY engines_car_types
    ADD CONSTRAINT fk_car_type_engine_id FOREIGN KEY (engine_id) REFERENCES engines(id) ON UPDATE CASCADE ON DELETE CASCADE;


--
-- Name: fk_car_type_kuzov_id; Type: FK CONSTRAINT; Schema: public; Owner: postgres
--

ALTER TABLE ONLY kuzovs_car_types
    ADD CONSTRAINT fk_car_type_kuzov_id FOREIGN KEY (kuzov_id) REFERENCES kuzovs(id) ON UPDATE CASCADE ON DELETE CASCADE;


--
-- Name: fk_car_type_privod_id; Type: FK CONSTRAINT; Schema: public; Owner: postgres
--

ALTER TABLE ONLY privods_car_types
    ADD CONSTRAINT fk_car_type_privod_id FOREIGN KEY (privod_id) REFERENCES privods(id) ON UPDATE CASCADE ON DELETE CASCADE;


--
-- Name: fk_car_type_transmission_id; Type: FK CONSTRAINT; Schema: public; Owner: postgres
--

ALTER TABLE ONLY transmissions_car_types
    ADD CONSTRAINT fk_car_type_transmission_id FOREIGN KEY (transmission_id) REFERENCES transmissions(id) ON UPDATE CASCADE ON DELETE CASCADE;


--
-- Name: fk_car_type_wheel_id; Type: FK CONSTRAINT; Schema: public; Owner: postgres
--

ALTER TABLE ONLY wheels_car_types
    ADD CONSTRAINT fk_car_type_wheel_id FOREIGN KEY (wheel_id) REFERENCES wheels(id) ON UPDATE CASCADE ON DELETE CASCADE;


--
-- Name: fk_color_car_type_id; Type: FK CONSTRAINT; Schema: public; Owner: postgres
--

ALTER TABLE ONLY colors_car_types
    ADD CONSTRAINT fk_color_car_type_id FOREIGN KEY (car_type_id) REFERENCES car_types(id) ON UPDATE CASCADE ON DELETE CASCADE;


--
-- Name: fk_complete_set_car_type_id; Type: FK CONSTRAINT; Schema: public; Owner: postgres
--

ALTER TABLE ONLY complete_sets_car_types
    ADD CONSTRAINT fk_complete_set_car_type_id FOREIGN KEY (car_type_id) REFERENCES car_types(id) ON UPDATE CASCADE ON DELETE CASCADE;


--
-- Name: fk_engine_car_type_id; Type: FK CONSTRAINT; Schema: public; Owner: postgres
--

ALTER TABLE ONLY engines_car_types
    ADD CONSTRAINT fk_engine_car_type_id FOREIGN KEY (car_type_id) REFERENCES car_types(id) ON UPDATE CASCADE ON DELETE CASCADE;


--
-- Name: fk_kuzov_car_type_id; Type: FK CONSTRAINT; Schema: public; Owner: postgres
--

ALTER TABLE ONLY kuzovs_car_types
    ADD CONSTRAINT fk_kuzov_car_type_id FOREIGN KEY (car_type_id) REFERENCES car_types(id) ON UPDATE CASCADE ON DELETE CASCADE;


--
-- Name: fk_mposts_post_id_posts_id; Type: FK CONSTRAINT; Schema: public; Owner: postgres
--

ALTER TABLE ONLY mposts
    ADD CONSTRAINT fk_mposts_post_id_posts_id FOREIGN KEY (post_id) REFERENCES posts(id) ON UPDATE CASCADE ON DELETE CASCADE;


--
-- Name: fk_privod_car_type_id; Type: FK CONSTRAINT; Schema: public; Owner: postgres
--

ALTER TABLE ONLY privods_car_types
    ADD CONSTRAINT fk_privod_car_type_id FOREIGN KEY (car_type_id) REFERENCES car_types(id) ON UPDATE CASCADE ON DELETE CASCADE;


--
-- Name: fk_source_message_message; Type: FK CONSTRAINT; Schema: public; Owner: postgres
--

ALTER TABLE ONLY message
    ADD CONSTRAINT fk_source_message_message FOREIGN KEY (id) REFERENCES source_message(id) ON UPDATE RESTRICT ON DELETE CASCADE;


--
-- Name: fk_transmission_car_type_id; Type: FK CONSTRAINT; Schema: public; Owner: postgres
--

ALTER TABLE ONLY transmissions_car_types
    ADD CONSTRAINT fk_transmission_car_type_id FOREIGN KEY (car_type_id) REFERENCES car_types(id) ON UPDATE CASCADE ON DELETE CASCADE;


--
-- Name: fk_wheel_car_type_id; Type: FK CONSTRAINT; Schema: public; Owner: postgres
--

ALTER TABLE ONLY wheels_car_types
    ADD CONSTRAINT fk_wheel_car_type_id FOREIGN KEY (car_type_id) REFERENCES car_types(id) ON UPDATE CASCADE ON DELETE CASCADE;


--
-- Name: id_fk; Type: FK CONSTRAINT; Schema: public; Owner: postgres
--

ALTER TABLE ONLY users_profiles
    ADD CONSTRAINT id_fk FOREIGN KEY (id) REFERENCES users(id) MATCH FULL;


--
-- Name: public; Type: ACL; Schema: -; Owner: postgres
--

REVOKE ALL ON SCHEMA public FROM PUBLIC;
REVOKE ALL ON SCHEMA public FROM postgres;
GRANT ALL ON SCHEMA public TO postgres;
GRANT ALL ON SCHEMA public TO PUBLIC;


--
-- PostgreSQL database dump complete
--

